Fecha,Categoria,Producto,Precio_ARS,Precio_USD,Dolar_ARS
2026-03-03,Sandwiches Calientes,"Menditeguy: pechuga de pavita, queso gratinado, salsa holandesa",12000.0,8.39,1430.0
2026-03-03,Sandwiches Calientes,"Enz: pechuga de pavita, tomate, salsa holandesa",12000.0,8.39,1430.0
2026-03-03,Sandwiches Calientes,"Goñi: pechuga de pavita, queso gratinado, lechuga, salsa holandesa",12000.0,8.39,1430.0
2026-03-03,Sandwiches Calientes,"Roncal: pechuga de pavita, queso gratinado, jamón, salsa holandesa",12500.0,8.74,1430.0
2026-03-03,Sandwiches Calientes,"Pavita Graten: pechuga, queso gratinado, salsa portuguesa, pan sandwich",10500.0,7.34,1430.0
2026-03-03,Sandwiches Calientes,"Suprema de Pavita: pechuga de pavita, choclo, salsa portuguesa, rebosado en pan rallado",12000.0,8.39,1430.0
2026-03-03,Sandwiches Calientes,"Hot - Dog: salchicha, salsa holandesa, pebete",6300.0,4.41,1430.0
2026-03-03,Sandwiches Calientes,"Hot - Dog Graten: salchicha, queso gratinado, salsa holandesa",6500.0,4.55,1430.0
2026-03-03,Sandwiches Calientes,"Frankfurt: salchicha envuelta en pan de sandwich, salsa holandesa",6300.0,4.41,1430.0
2026-03-03,Sandwiches Calientes,Frankfurt Graten,6500.0,4.55,1430.0
2026-03-03,Sandwiches Calientes,"Oxford: salchicha, jamón y queso, envuelta en pan de sandwich, salsa holandesa",7000.0,4.9,1430.0
2026-03-03,Sandwiches Calientes,"Burgeois: jamón, queso, salsa holandesa",10500.0,7.34,1430.0
2026-03-03,Sandwiches Calientes,Calamares Graten,16000.0,11.19,1430.0
2026-03-03,Sandwiches Calientes,Mejillones Graten,16000.0,11.19,1430.0
2026-03-03,Sandwiches Calientes,"Lucía: queso, champignon, salsa holandesa",12000.0,8.39,1430.0
2026-03-03,Sandwiches Calientes,"Vegeta: queso, morrones, cebolla, salsa holandesa$12000",12000.0,8.39,1430.0
2026-03-03,Sandwiches Calientes,"Andrés: pechuga de pavita, choclo, salsa portuguesa",10500.0,7.34,1430.0
2026-03-03,Sandwiches Calientes,"Lomo: lomo, salsa holandesa",12000.0,8.39,1430.0
2026-03-03,Sandwiches Calientes,"Pedrito: lomo, queso gratinado, salsa holandesa",12500.0,8.74,1430.0
2026-03-03,Sandwiches Calientes,"Jorge I: lomo, pimientos morrones, salsa holandesa",12500.0,8.74,1430.0
2026-03-03,Sandwiches Calientes,"Hamburger: lomo, cebolla frita, salsa holandesa",12500.0,8.74,1430.0
2026-03-03,Sandwiches Calientes,"Galli: lomo, jamón, queso, salsa holandesa",13000.0,9.09,1430.0
2026-03-03,Sandwiches Calientes,"Lomo Champignon: lomo, champignones, salsa holandesa",13000.0,9.09,1430.0
2026-03-03,Sandwiches Calientes,"Duende: lomo, jamón, tomate, salsa holandesa",13000.0,9.09,1430.0
2026-03-03,Sandwiches Calientes,Lomo 1/2 Caballo,12500.0,8.74,1430.0
2026-03-03,Sandwiches Calientes,"Hamenech: huevo, jamón, salsa holandesa",10500.0,7.34,1430.0
2026-03-03,Sandwiches Calientes,"Fangio: huevo, jamón, cebolla, salsa holandesa",12000.0,8.39,1430.0
2026-03-03,Sandwiches Calientes,"Barton: jamón, queso, cebolla saltada, salsa holandesa",12000.0,8.39,1430.0
2026-03-03,Sandwiches Calientes,"Carlitos: jamón, queso, salsa portuguesa",12000.0,8.39,1430.0
2026-03-03,Sandwiches Calientes,"Jamón Glasé Confitado: jamón, queso gratinado, salsa portuguesa, dulce, pan sandwich",10500.0,7.34,1430.0
2026-03-03,Sandwiches Calientes,"Roselli: pavita picada, jamón, queso, pebete",12000.0,8.39,1430.0
2026-03-03,Triples Especiales,12 unidades,25000.0,17.48,1430.0
2026-03-03,Triples Especiales,24 unidades,46000.0,32.17,1430.0
2026-03-03,Triples Especiales,48 unidades,80000.0,55.94,1430.0
2026-03-03,Triples Especiales,96 unidades,138000.0,96.5,1430.0
2026-03-04,Sandwiches Calientes,"Menditeguy: pechuga de pavita, queso gratinado, salsa holandesa",12000.0,8.42,1425.0
2026-03-04,Sandwiches Calientes,"Enz: pechuga de pavita, tomate, salsa holandesa",12000.0,8.42,1425.0
2026-03-04,Sandwiches Calientes,"Goñi: pechuga de pavita, queso gratinado, lechuga, salsa holandesa",12000.0,8.42,1425.0
2026-03-04,Sandwiches Calientes,"Roncal: pechuga de pavita, queso gratinado, jamón, salsa holandesa",12500.0,8.77,1425.0
2026-03-04,Sandwiches Calientes,"Pavita Graten: pechuga, queso gratinado, salsa portuguesa, pan sandwich",10500.0,7.37,1425.0
2026-03-04,Sandwiches Calientes,"Suprema de Pavita: pechuga de pavita, choclo, salsa portuguesa, rebosado en pan rallado",12000.0,8.42,1425.0
2026-03-04,Sandwiches Calientes,"Hot - Dog: salchicha, salsa holandesa, pebete",6300.0,4.42,1425.0
2026-03-04,Sandwiches Calientes,"Hot - Dog Graten: salchicha, queso gratinado, salsa holandesa",6500.0,4.56,1425.0
2026-03-04,Sandwiches Calientes,"Frankfurt: salchicha envuelta en pan de sandwich, salsa holandesa",6300.0,4.42,1425.0
2026-03-04,Sandwiches Calientes,Frankfurt Graten,6500.0,4.56,1425.0
2026-03-04,Sandwiches Calientes,"Oxford: salchicha, jamón y queso, envuelta en pan de sandwich, salsa holandesa",7000.0,4.91,1425.0
2026-03-04,Sandwiches Calientes,"Burgeois: jamón, queso, salsa holandesa",10500.0,7.37,1425.0
2026-03-04,Sandwiches Calientes,Calamares Graten,16000.0,11.23,1425.0
2026-03-04,Sandwiches Calientes,Mejillones Graten,16000.0,11.23,1425.0
2026-03-04,Sandwiches Calientes,"Lucía: queso, champignon, salsa holandesa",12000.0,8.42,1425.0
2026-03-04,Sandwiches Calientes,"Vegeta: queso, morrones, cebolla, salsa holandesa$12000",12000.0,8.42,1425.0
2026-03-04,Sandwiches Calientes,"Andrés: pechuga de pavita, choclo, salsa portuguesa",10500.0,7.37,1425.0
2026-03-04,Sandwiches Calientes,"Lomo: lomo, salsa holandesa",12000.0,8.42,1425.0
2026-03-04,Sandwiches Calientes,"Pedrito: lomo, queso gratinado, salsa holandesa",12500.0,8.77,1425.0
2026-03-04,Sandwiches Calientes,"Jorge I: lomo, pimientos morrones, salsa holandesa",12500.0,8.77,1425.0
2026-03-04,Sandwiches Calientes,"Hamburger: lomo, cebolla frita, salsa holandesa",12500.0,8.77,1425.0
2026-03-04,Sandwiches Calientes,"Galli: lomo, jamón, queso, salsa holandesa",13000.0,9.12,1425.0
2026-03-04,Sandwiches Calientes,"Lomo Champignon: lomo, champignones, salsa holandesa",13000.0,9.12,1425.0
2026-03-04,Sandwiches Calientes,"Duende: lomo, jamón, tomate, salsa holandesa",13000.0,9.12,1425.0
2026-03-04,Sandwiches Calientes,Lomo 1/2 Caballo,12500.0,8.77,1425.0
2026-03-04,Sandwiches Calientes,"Hamenech: huevo, jamón, salsa holandesa",10500.0,7.37,1425.0
2026-03-04,Sandwiches Calientes,"Fangio: huevo, jamón, cebolla, salsa holandesa",12000.0,8.42,1425.0
2026-03-04,Sandwiches Calientes,"Barton: jamón, queso, cebolla saltada, salsa holandesa",12000.0,8.42,1425.0
2026-03-04,Sandwiches Calientes,"Carlitos: jamón, queso, salsa portuguesa",12000.0,8.42,1425.0
2026-03-04,Sandwiches Calientes,"Jamón Glasé Confitado: jamón, queso gratinado, salsa portuguesa, dulce, pan sandwich",10500.0,7.37,1425.0
2026-03-04,Sandwiches Calientes,"Roselli: pavita picada, jamón, queso, pebete",12000.0,8.42,1425.0
2026-03-04,Triples Especiales,12 unidades,25000.0,17.54,1425.0
2026-03-04,Triples Especiales,24 unidades,46000.0,32.28,1425.0
2026-03-04,Triples Especiales,48 unidades,80000.0,56.14,1425.0
2026-03-04,Triples Especiales,96 unidades,138000.0,96.84,1425.0
2026-03-05,Sandwiches Calientes,"Menditeguy: pechuga de pavita, queso gratinado, salsa holandesa",12000.0,8.42,1425.0
2026-03-05,Sandwiches Calientes,"Enz: pechuga de pavita, tomate, salsa holandesa",12000.0,8.42,1425.0
2026-03-05,Sandwiches Calientes,"Goñi: pechuga de pavita, queso gratinado, lechuga, salsa holandesa",12000.0,8.42,1425.0
2026-03-05,Sandwiches Calientes,"Roncal: pechuga de pavita, queso gratinado, jamón, salsa holandesa",12500.0,8.77,1425.0
2026-03-05,Sandwiches Calientes,"Pavita Graten: pechuga, queso gratinado, salsa portuguesa, pan sandwich",10500.0,7.37,1425.0
2026-03-05,Sandwiches Calientes,"Suprema de Pavita: pechuga de pavita, choclo, salsa portuguesa, rebosado en pan rallado",12000.0,8.42,1425.0
2026-03-05,Sandwiches Calientes,"Hot - Dog: salchicha, salsa holandesa, pebete",6300.0,4.42,1425.0
2026-03-05,Sandwiches Calientes,"Hot - Dog Graten: salchicha, queso gratinado, salsa holandesa",6500.0,4.56,1425.0
2026-03-05,Sandwiches Calientes,"Frankfurt: salchicha envuelta en pan de sandwich, salsa holandesa",6300.0,4.42,1425.0
2026-03-05,Sandwiches Calientes,Frankfurt Graten,6500.0,4.56,1425.0
2026-03-05,Sandwiches Calientes,"Oxford: salchicha, jamón y queso, envuelta en pan de sandwich, salsa holandesa",7000.0,4.91,1425.0
2026-03-05,Sandwiches Calientes,"Burgeois: jamón, queso, salsa holandesa",10500.0,7.37,1425.0
2026-03-05,Sandwiches Calientes,Calamares Graten,16000.0,11.23,1425.0
2026-03-05,Sandwiches Calientes,Mejillones Graten,16000.0,11.23,1425.0
2026-03-05,Sandwiches Calientes,"Lucía: queso, champignon, salsa holandesa",12000.0,8.42,1425.0
2026-03-05,Sandwiches Calientes,"Vegeta: queso, morrones, cebolla, salsa holandesa$12000",12000.0,8.42,1425.0
2026-03-05,Sandwiches Calientes,"Andrés: pechuga de pavita, choclo, salsa portuguesa",10500.0,7.37,1425.0
2026-03-05,Sandwiches Calientes,"Lomo: lomo, salsa holandesa",12000.0,8.42,1425.0
2026-03-05,Sandwiches Calientes,"Pedrito: lomo, queso gratinado, salsa holandesa",12500.0,8.77,1425.0
2026-03-05,Sandwiches Calientes,"Jorge I: lomo, pimientos morrones, salsa holandesa",12500.0,8.77,1425.0
2026-03-05,Sandwiches Calientes,"Hamburger: lomo, cebolla frita, salsa holandesa",12500.0,8.77,1425.0
2026-03-05,Sandwiches Calientes,"Galli: lomo, jamón, queso, salsa holandesa",13000.0,9.12,1425.0
2026-03-05,Sandwiches Calientes,"Lomo Champignon: lomo, champignones, salsa holandesa",13000.0,9.12,1425.0
2026-03-05,Sandwiches Calientes,"Duende: lomo, jamón, tomate, salsa holandesa",13000.0,9.12,1425.0
2026-03-05,Sandwiches Calientes,Lomo 1/2 Caballo,12500.0,8.77,1425.0
2026-03-05,Sandwiches Calientes,"Hamenech: huevo, jamón, salsa holandesa",10500.0,7.37,1425.0
2026-03-05,Sandwiches Calientes,"Fangio: huevo, jamón, cebolla, salsa holandesa",12000.0,8.42,1425.0
2026-03-05,Sandwiches Calientes,"Barton: jamón, queso, cebolla saltada, salsa holandesa",12000.0,8.42,1425.0
2026-03-05,Sandwiches Calientes,"Carlitos: jamón, queso, salsa portuguesa",12000.0,8.42,1425.0
2026-03-05,Sandwiches Calientes,"Jamón Glasé Confitado: jamón, queso gratinado, salsa portuguesa, dulce, pan sandwich",10500.0,7.37,1425.0
2026-03-05,Sandwiches Calientes,"Roselli: pavita picada, jamón, queso, pebete",12000.0,8.42,1425.0
2026-03-05,Triples Especiales,12 unidades,25000.0,17.54,1425.0
2026-03-05,Triples Especiales,24 unidades,46000.0,32.28,1425.0
2026-03-05,Triples Especiales,48 unidades,80000.0,56.14,1425.0
2026-03-05,Triples Especiales,96 unidades,138000.0,96.84,1425.0
2026-03-06,Sandwiches Calientes,"Menditeguy: pechuga de pavita, queso gratinado, salsa holandesa",12000.0,8.36,1435.0
2026-03-06,Sandwiches Calientes,"Enz: pechuga de pavita, tomate, salsa holandesa",12000.0,8.36,1435.0
2026-03-06,Sandwiches Calientes,"Goñi: pechuga de pavita, queso gratinado, lechuga, salsa holandesa",12000.0,8.36,1435.0
2026-03-06,Sandwiches Calientes,"Roncal: pechuga de pavita, queso gratinado, jamón, salsa holandesa",12500.0,8.71,1435.0
2026-03-06,Sandwiches Calientes,"Pavita Graten: pechuga, queso gratinado, salsa portuguesa, pan sandwich",10500.0,7.32,1435.0
2026-03-06,Sandwiches Calientes,"Suprema de Pavita: pechuga de pavita, choclo, salsa portuguesa, rebosado en pan rallado",12000.0,8.36,1435.0
2026-03-06,Sandwiches Calientes,"Hot - Dog: salchicha, salsa holandesa, pebete",6300.0,4.39,1435.0
2026-03-06,Sandwiches Calientes,"Hot - Dog Graten: salchicha, queso gratinado, salsa holandesa",6500.0,4.53,1435.0
2026-03-06,Sandwiches Calientes,"Frankfurt: salchicha envuelta en pan de sandwich, salsa holandesa",6300.0,4.39,1435.0
2026-03-06,Sandwiches Calientes,Frankfurt Graten,6500.0,4.53,1435.0
2026-03-06,Sandwiches Calientes,"Oxford: salchicha, jamón y queso, envuelta en pan de sandwich, salsa holandesa",7000.0,4.88,1435.0
2026-03-06,Sandwiches Calientes,"Burgeois: jamón, queso, salsa holandesa",10500.0,7.32,1435.0
2026-03-06,Sandwiches Calientes,Calamares Graten,16000.0,11.15,1435.0
2026-03-06,Sandwiches Calientes,Mejillones Graten,16000.0,11.15,1435.0
2026-03-06,Sandwiches Calientes,"Lucía: queso, champignon, salsa holandesa",12000.0,8.36,1435.0
2026-03-06,Sandwiches Calientes,"Vegeta: queso, morrones, cebolla, salsa holandesa$12000",12000.0,8.36,1435.0
2026-03-06,Sandwiches Calientes,"Andrés: pechuga de pavita, choclo, salsa portuguesa",10500.0,7.32,1435.0
2026-03-06,Sandwiches Calientes,"Lomo: lomo, salsa holandesa",12000.0,8.36,1435.0
2026-03-06,Sandwiches Calientes,"Pedrito: lomo, queso gratinado, salsa holandesa",12500.0,8.71,1435.0
2026-03-06,Sandwiches Calientes,"Jorge I: lomo, pimientos morrones, salsa holandesa",12500.0,8.71,1435.0
2026-03-06,Sandwiches Calientes,"Hamburger: lomo, cebolla frita, salsa holandesa",12500.0,8.71,1435.0
2026-03-06,Sandwiches Calientes,"Galli: lomo, jamón, queso, salsa holandesa",13000.0,9.06,1435.0
2026-03-06,Sandwiches Calientes,"Lomo Champignon: lomo, champignones, salsa holandesa",13000.0,9.06,1435.0
2026-03-06,Sandwiches Calientes,"Duende: lomo, jamón, tomate, salsa holandesa",13000.0,9.06,1435.0
2026-03-06,Sandwiches Calientes,Lomo 1/2 Caballo,12500.0,8.71,1435.0
2026-03-06,Sandwiches Calientes,"Hamenech: huevo, jamón, salsa holandesa",10500.0,7.32,1435.0
2026-03-06,Sandwiches Calientes,"Fangio: huevo, jamón, cebolla, salsa holandesa",12000.0,8.36,1435.0
2026-03-06,Sandwiches Calientes,"Barton: jamón, queso, cebolla saltada, salsa holandesa",12000.0,8.36,1435.0
2026-03-06,Sandwiches Calientes,"Carlitos: jamón, queso, salsa portuguesa",12000.0,8.36,1435.0
2026-03-06,Sandwiches Calientes,"Jamón Glasé Confitado: jamón, queso gratinado, salsa portuguesa, dulce, pan sandwich",10500.0,7.32,1435.0
2026-03-06,Sandwiches Calientes,"Roselli: pavita picada, jamón, queso, pebete",12000.0,8.36,1435.0
2026-03-06,Triples Especiales,12 unidades,25000.0,17.42,1435.0
2026-03-06,Triples Especiales,24 unidades,46000.0,32.06,1435.0
2026-03-06,Triples Especiales,48 unidades,80000.0,55.75,1435.0
2026-03-06,Triples Especiales,96 unidades,138000.0,96.17,1435.0
2026-03-07,Sandwiches Calientes,"Menditeguy: pechuga de pavita, queso gratinado, salsa holandesa",12000.0,8.36,1435.0
2026-03-07,Sandwiches Calientes,"Enz: pechuga de pavita, tomate, salsa holandesa",12000.0,8.36,1435.0
2026-03-07,Sandwiches Calientes,"Goñi: pechuga de pavita, queso gratinado, lechuga, salsa holandesa",12000.0,8.36,1435.0
2026-03-07,Sandwiches Calientes,"Roncal: pechuga de pavita, queso gratinado, jamón, salsa holandesa",12500.0,8.71,1435.0
2026-03-07,Sandwiches Calientes,"Pavita Graten: pechuga, queso gratinado, salsa portuguesa, pan sandwich",10500.0,7.32,1435.0
2026-03-07,Sandwiches Calientes,"Suprema de Pavita: pechuga de pavita, choclo, salsa portuguesa, rebosado en pan rallado",12000.0,8.36,1435.0
2026-03-07,Sandwiches Calientes,"Hot - Dog: salchicha, salsa holandesa, pebete",6300.0,4.39,1435.0
2026-03-07,Sandwiches Calientes,"Hot - Dog Graten: salchicha, queso gratinado, salsa holandesa",6500.0,4.53,1435.0
2026-03-07,Sandwiches Calientes,"Frankfurt: salchicha envuelta en pan de sandwich, salsa holandesa",6300.0,4.39,1435.0
2026-03-07,Sandwiches Calientes,Frankfurt Graten,6500.0,4.53,1435.0
2026-03-07,Sandwiches Calientes,"Oxford: salchicha, jamón y queso, envuelta en pan de sandwich, salsa holandesa",7000.0,4.88,1435.0
2026-03-07,Sandwiches Calientes,"Burgeois: jamón, queso, salsa holandesa",10500.0,7.32,1435.0
2026-03-07,Sandwiches Calientes,Calamares Graten,16000.0,11.15,1435.0
2026-03-07,Sandwiches Calientes,Mejillones Graten,16000.0,11.15,1435.0
2026-03-07,Sandwiches Calientes,"Lucía: queso, champignon, salsa holandesa",12000.0,8.36,1435.0
2026-03-07,Sandwiches Calientes,"Vegeta: queso, morrones, cebolla, salsa holandesa$12000",12000.0,8.36,1435.0
2026-03-07,Sandwiches Calientes,"Andrés: pechuga de pavita, choclo, salsa portuguesa",10500.0,7.32,1435.0
2026-03-07,Sandwiches Calientes,"Lomo: lomo, salsa holandesa",12000.0,8.36,1435.0
2026-03-07,Sandwiches Calientes,"Pedrito: lomo, queso gratinado, salsa holandesa",12500.0,8.71,1435.0
2026-03-07,Sandwiches Calientes,"Jorge I: lomo, pimientos morrones, salsa holandesa",12500.0,8.71,1435.0
2026-03-07,Sandwiches Calientes,"Hamburger: lomo, cebolla frita, salsa holandesa",12500.0,8.71,1435.0
2026-03-07,Sandwiches Calientes,"Galli: lomo, jamón, queso, salsa holandesa",13000.0,9.06,1435.0
2026-03-07,Sandwiches Calientes,"Lomo Champignon: lomo, champignones, salsa holandesa",13000.0,9.06,1435.0
2026-03-07,Sandwiches Calientes,"Duende: lomo, jamón, tomate, salsa holandesa",13000.0,9.06,1435.0
2026-03-07,Sandwiches Calientes,Lomo 1/2 Caballo,12500.0,8.71,1435.0
2026-03-07,Sandwiches Calientes,"Hamenech: huevo, jamón, salsa holandesa",10500.0,7.32,1435.0
2026-03-07,Sandwiches Calientes,"Fangio: huevo, jamón, cebolla, salsa holandesa",12000.0,8.36,1435.0
2026-03-07,Sandwiches Calientes,"Barton: jamón, queso, cebolla saltada, salsa holandesa",12000.0,8.36,1435.0
2026-03-07,Sandwiches Calientes,"Carlitos: jamón, queso, salsa portuguesa",12000.0,8.36,1435.0
2026-03-07,Sandwiches Calientes,"Jamón Glasé Confitado: jamón, queso gratinado, salsa portuguesa, dulce, pan sandwich",10500.0,7.32,1435.0
2026-03-07,Sandwiches Calientes,"Roselli: pavita picada, jamón, queso, pebete",12000.0,8.36,1435.0
2026-03-07,Triples Especiales,12 unidades,25000.0,17.42,1435.0
2026-03-07,Triples Especiales,24 unidades,46000.0,32.06,1435.0
2026-03-07,Triples Especiales,48 unidades,80000.0,55.75,1435.0
2026-03-07,Triples Especiales,96 unidades,138000.0,96.17,1435.0
2026-03-08,Sandwiches Calientes,"Menditeguy: pechuga de pavita, queso gratinado, salsa holandesa",12000.0,8.36,1435.0
2026-03-08,Sandwiches Calientes,"Enz: pechuga de pavita, tomate, salsa holandesa",12000.0,8.36,1435.0
2026-03-08,Sandwiches Calientes,"Goñi: pechuga de pavita, queso gratinado, lechuga, salsa holandesa",12000.0,8.36,1435.0
2026-03-08,Sandwiches Calientes,"Roncal: pechuga de pavita, queso gratinado, jamón, salsa holandesa",12500.0,8.71,1435.0
2026-03-08,Sandwiches Calientes,"Pavita Graten: pechuga, queso gratinado, salsa portuguesa, pan sandwich",10500.0,7.32,1435.0
2026-03-08,Sandwiches Calientes,"Suprema de Pavita: pechuga de pavita, choclo, salsa portuguesa, rebosado en pan rallado",12000.0,8.36,1435.0
2026-03-08,Sandwiches Calientes,"Hot - Dog: salchicha, salsa holandesa, pebete",6300.0,4.39,1435.0
2026-03-08,Sandwiches Calientes,"Hot - Dog Graten: salchicha, queso gratinado, salsa holandesa",6500.0,4.53,1435.0
2026-03-08,Sandwiches Calientes,"Frankfurt: salchicha envuelta en pan de sandwich, salsa holandesa",6300.0,4.39,1435.0
2026-03-08,Sandwiches Calientes,Frankfurt Graten,6500.0,4.53,1435.0
2026-03-08,Sandwiches Calientes,"Oxford: salchicha, jamón y queso, envuelta en pan de sandwich, salsa holandesa",7000.0,4.88,1435.0
2026-03-08,Sandwiches Calientes,"Burgeois: jamón, queso, salsa holandesa",10500.0,7.32,1435.0
2026-03-08,Sandwiches Calientes,Calamares Graten,16000.0,11.15,1435.0
2026-03-08,Sandwiches Calientes,Mejillones Graten,16000.0,11.15,1435.0
2026-03-08,Sandwiches Calientes,"Lucía: queso, champignon, salsa holandesa",12000.0,8.36,1435.0
2026-03-08,Sandwiches Calientes,"Vegeta: queso, morrones, cebolla, salsa holandesa$12000",12000.0,8.36,1435.0
2026-03-08,Sandwiches Calientes,"Andrés: pechuga de pavita, choclo, salsa portuguesa",10500.0,7.32,1435.0
2026-03-08,Sandwiches Calientes,"Lomo: lomo, salsa holandesa",12000.0,8.36,1435.0
2026-03-08,Sandwiches Calientes,"Pedrito: lomo, queso gratinado, salsa holandesa",12500.0,8.71,1435.0
2026-03-08,Sandwiches Calientes,"Jorge I: lomo, pimientos morrones, salsa holandesa",12500.0,8.71,1435.0
2026-03-08,Sandwiches Calientes,"Hamburger: lomo, cebolla frita, salsa holandesa",12500.0,8.71,1435.0
2026-03-08,Sandwiches Calientes,"Galli: lomo, jamón, queso, salsa holandesa",13000.0,9.06,1435.0
2026-03-08,Sandwiches Calientes,"Lomo Champignon: lomo, champignones, salsa holandesa",13000.0,9.06,1435.0
2026-03-08,Sandwiches Calientes,"Duende: lomo, jamón, tomate, salsa holandesa",13000.0,9.06,1435.0
2026-03-08,Sandwiches Calientes,Lomo 1/2 Caballo,12500.0,8.71,1435.0
2026-03-08,Sandwiches Calientes,"Hamenech: huevo, jamón, salsa holandesa",10500.0,7.32,1435.0
2026-03-08,Sandwiches Calientes,"Fangio: huevo, jamón, cebolla, salsa holandesa",12000.0,8.36,1435.0
2026-03-08,Sandwiches Calientes,"Barton: jamón, queso, cebolla saltada, salsa holandesa",12000.0,8.36,1435.0
2026-03-08,Sandwiches Calientes,"Carlitos: jamón, queso, salsa portuguesa",12000.0,8.36,1435.0
2026-03-08,Sandwiches Calientes,"Jamón Glasé Confitado: jamón, queso gratinado, salsa portuguesa, dulce, pan sandwich",10500.0,7.32,1435.0
2026-03-08,Sandwiches Calientes,"Roselli: pavita picada, jamón, queso, pebete",12000.0,8.36,1435.0
2026-03-08,Triples Especiales,12 unidades,25000.0,17.42,1435.0
2026-03-08,Triples Especiales,24 unidades,46000.0,32.06,1435.0
2026-03-08,Triples Especiales,48 unidades,80000.0,55.75,1435.0
2026-03-08,Triples Especiales,96 unidades,138000.0,96.17,1435.0
2026-03-09,Sandwiches Calientes,"Menditeguy: pechuga de pavita, queso gratinado, salsa holandesa",12000.0,8.36,1435.0
2026-03-09,Sandwiches Calientes,"Enz: pechuga de pavita, tomate, salsa holandesa",12000.0,8.36,1435.0
2026-03-09,Sandwiches Calientes,"Goñi: pechuga de pavita, queso gratinado, lechuga, salsa holandesa",12000.0,8.36,1435.0
2026-03-09,Sandwiches Calientes,"Roncal: pechuga de pavita, queso gratinado, jamón, salsa holandesa",12500.0,8.71,1435.0
2026-03-09,Sandwiches Calientes,"Pavita Graten: pechuga, queso gratinado, salsa portuguesa, pan sandwich",10500.0,7.32,1435.0
2026-03-09,Sandwiches Calientes,"Suprema de Pavita: pechuga de pavita, choclo, salsa portuguesa, rebosado en pan rallado",12000.0,8.36,1435.0
2026-03-09,Sandwiches Calientes,"Hot - Dog: salchicha, salsa holandesa, pebete",6300.0,4.39,1435.0
2026-03-09,Sandwiches Calientes,"Hot - Dog Graten: salchicha, queso gratinado, salsa holandesa",6500.0,4.53,1435.0
2026-03-09,Sandwiches Calientes,"Frankfurt: salchicha envuelta en pan de sandwich, salsa holandesa",6300.0,4.39,1435.0
2026-03-09,Sandwiches Calientes,Frankfurt Graten,6500.0,4.53,1435.0
2026-03-09,Sandwiches Calientes,"Oxford: salchicha, jamón y queso, envuelta en pan de sandwich, salsa holandesa",7000.0,4.88,1435.0
2026-03-09,Sandwiches Calientes,"Burgeois: jamón, queso, salsa holandesa",10500.0,7.32,1435.0
2026-03-09,Sandwiches Calientes,Calamares Graten,16000.0,11.15,1435.0
2026-03-09,Sandwiches Calientes,Mejillones Graten,16000.0,11.15,1435.0
2026-03-09,Sandwiches Calientes,"Lucía: queso, champignon, salsa holandesa",12000.0,8.36,1435.0
2026-03-09,Sandwiches Calientes,"Vegeta: queso, morrones, cebolla, salsa holandesa$12000",12000.0,8.36,1435.0
2026-03-09,Sandwiches Calientes,"Andrés: pechuga de pavita, choclo, salsa portuguesa",10500.0,7.32,1435.0
2026-03-09,Sandwiches Calientes,"Lomo: lomo, salsa holandesa",12000.0,8.36,1435.0
2026-03-09,Sandwiches Calientes,"Pedrito: lomo, queso gratinado, salsa holandesa",12500.0,8.71,1435.0
2026-03-09,Sandwiches Calientes,"Jorge I: lomo, pimientos morrones, salsa holandesa",12500.0,8.71,1435.0
2026-03-09,Sandwiches Calientes,"Hamburger: lomo, cebolla frita, salsa holandesa",12500.0,8.71,1435.0
2026-03-09,Sandwiches Calientes,"Galli: lomo, jamón, queso, salsa holandesa",13000.0,9.06,1435.0
2026-03-09,Sandwiches Calientes,"Lomo Champignon: lomo, champignones, salsa holandesa",13000.0,9.06,1435.0
2026-03-09,Sandwiches Calientes,"Duende: lomo, jamón, tomate, salsa holandesa",13000.0,9.06,1435.0
2026-03-09,Sandwiches Calientes,Lomo 1/2 Caballo,12500.0,8.71,1435.0
2026-03-09,Sandwiches Calientes,"Hamenech: huevo, jamón, salsa holandesa",10500.0,7.32,1435.0
2026-03-09,Sandwiches Calientes,"Fangio: huevo, jamón, cebolla, salsa holandesa",12000.0,8.36,1435.0
2026-03-09,Sandwiches Calientes,"Barton: jamón, queso, cebolla saltada, salsa holandesa",12000.0,8.36,1435.0
2026-03-09,Sandwiches Calientes,"Carlitos: jamón, queso, salsa portuguesa",12000.0,8.36,1435.0
2026-03-09,Sandwiches Calientes,"Jamón Glasé Confitado: jamón, queso gratinado, salsa portuguesa, dulce, pan sandwich",10500.0,7.32,1435.0
2026-03-09,Sandwiches Calientes,"Roselli: pavita picada, jamón, queso, pebete",12000.0,8.36,1435.0
2026-03-09,Triples Especiales,12 unidades,25000.0,17.42,1435.0
2026-03-09,Triples Especiales,24 unidades,46000.0,32.06,1435.0
2026-03-09,Triples Especiales,48 unidades,80000.0,55.75,1435.0
2026-03-09,Triples Especiales,96 unidades,138000.0,96.17,1435.0
2026-03-10,Sandwiches Calientes,"Menditeguy: pechuga de pavita, queso gratinado, salsa holandesa",12000.0,8.42,1425.0
2026-03-10,Sandwiches Calientes,"Enz: pechuga de pavita, tomate, salsa holandesa",12000.0,8.42,1425.0
2026-03-10,Sandwiches Calientes,"Goñi: pechuga de pavita, queso gratinado, lechuga, salsa holandesa",12000.0,8.42,1425.0
2026-03-10,Sandwiches Calientes,"Roncal: pechuga de pavita, queso gratinado, jamón, salsa holandesa",12500.0,8.77,1425.0
2026-03-10,Sandwiches Calientes,"Pavita Graten: pechuga, queso gratinado, salsa portuguesa, pan sandwich",10500.0,7.37,1425.0
2026-03-10,Sandwiches Calientes,"Suprema de Pavita: pechuga de pavita, choclo, salsa portuguesa, rebosado en pan rallado",12000.0,8.42,1425.0
2026-03-10,Sandwiches Calientes,"Hot - Dog: salchicha, salsa holandesa, pebete",6300.0,4.42,1425.0
2026-03-10,Sandwiches Calientes,"Hot - Dog Graten: salchicha, queso gratinado, salsa holandesa",6500.0,4.56,1425.0
2026-03-10,Sandwiches Calientes,"Frankfurt: salchicha envuelta en pan de sandwich, salsa holandesa",6300.0,4.42,1425.0
2026-03-10,Sandwiches Calientes,Frankfurt Graten,6500.0,4.56,1425.0
2026-03-10,Sandwiches Calientes,"Oxford: salchicha, jamón y queso, envuelta en pan de sandwich, salsa holandesa",7000.0,4.91,1425.0
2026-03-10,Sandwiches Calientes,"Burgeois: jamón, queso, salsa holandesa",10500.0,7.37,1425.0
2026-03-10,Sandwiches Calientes,Calamares Graten,16000.0,11.23,1425.0
2026-03-10,Sandwiches Calientes,Mejillones Graten,16000.0,11.23,1425.0
2026-03-10,Sandwiches Calientes,"Lucía: queso, champignon, salsa holandesa",12000.0,8.42,1425.0
2026-03-10,Sandwiches Calientes,"Vegeta: queso, morrones, cebolla, salsa holandesa$12000",12000.0,8.42,1425.0
2026-03-10,Sandwiches Calientes,"Andrés: pechuga de pavita, choclo, salsa portuguesa",10500.0,7.37,1425.0
2026-03-10,Sandwiches Calientes,"Lomo: lomo, salsa holandesa",12000.0,8.42,1425.0
2026-03-10,Sandwiches Calientes,"Pedrito: lomo, queso gratinado, salsa holandesa",12500.0,8.77,1425.0
2026-03-10,Sandwiches Calientes,"Jorge I: lomo, pimientos morrones, salsa holandesa",12500.0,8.77,1425.0
2026-03-10,Sandwiches Calientes,"Hamburger: lomo, cebolla frita, salsa holandesa",12500.0,8.77,1425.0
2026-03-10,Sandwiches Calientes,"Galli: lomo, jamón, queso, salsa holandesa",13000.0,9.12,1425.0
2026-03-10,Sandwiches Calientes,"Lomo Champignon: lomo, champignones, salsa holandesa",13000.0,9.12,1425.0
2026-03-10,Sandwiches Calientes,"Duende: lomo, jamón, tomate, salsa holandesa",13000.0,9.12,1425.0
2026-03-10,Sandwiches Calientes,Lomo 1/2 Caballo,12500.0,8.77,1425.0
2026-03-10,Sandwiches Calientes,"Hamenech: huevo, jamón, salsa holandesa",10500.0,7.37,1425.0
2026-03-10,Sandwiches Calientes,"Fangio: huevo, jamón, cebolla, salsa holandesa",12000.0,8.42,1425.0
2026-03-10,Sandwiches Calientes,"Barton: jamón, queso, cebolla saltada, salsa holandesa",12000.0,8.42,1425.0
2026-03-10,Sandwiches Calientes,"Carlitos: jamón, queso, salsa portuguesa",12000.0,8.42,1425.0
2026-03-10,Sandwiches Calientes,"Jamón Glasé Confitado: jamón, queso gratinado, salsa portuguesa, dulce, pan sandwich",10500.0,7.37,1425.0
2026-03-10,Sandwiches Calientes,"Roselli: pavita picada, jamón, queso, pebete",12000.0,8.42,1425.0
2026-03-10,Triples Especiales,12 unidades,25000.0,17.54,1425.0
2026-03-10,Triples Especiales,24 unidades,46000.0,32.28,1425.0
2026-03-10,Triples Especiales,48 unidades,80000.0,56.14,1425.0
2026-03-10,Triples Especiales,96 unidades,138000.0,96.84,1425.0
2026-03-11,Sandwiches Calientes,"Menditeguy: pechuga de pavita, queso gratinado, salsa holandesa",12000.0,8.45,1420.0
2026-03-11,Sandwiches Calientes,"Enz: pechuga de pavita, tomate, salsa holandesa",12000.0,8.45,1420.0
2026-03-11,Sandwiches Calientes,"Goñi: pechuga de pavita, queso gratinado, lechuga, salsa holandesa",12000.0,8.45,1420.0
2026-03-11,Sandwiches Calientes,"Roncal: pechuga de pavita, queso gratinado, jamón, salsa holandesa",12500.0,8.8,1420.0
2026-03-11,Sandwiches Calientes,"Pavita Graten: pechuga, queso gratinado, salsa portuguesa, pan sandwich",10500.0,7.39,1420.0
2026-03-11,Sandwiches Calientes,"Suprema de Pavita: pechuga de pavita, choclo, salsa portuguesa, rebosado en pan rallado",12000.0,8.45,1420.0
2026-03-11,Sandwiches Calientes,"Hot - Dog: salchicha, salsa holandesa, pebete",6300.0,4.44,1420.0
2026-03-11,Sandwiches Calientes,"Hot - Dog Graten: salchicha, queso gratinado, salsa holandesa",6500.0,4.58,1420.0
2026-03-11,Sandwiches Calientes,"Frankfurt: salchicha envuelta en pan de sandwich, salsa holandesa",6300.0,4.44,1420.0
2026-03-11,Sandwiches Calientes,Frankfurt Graten,6500.0,4.58,1420.0
2026-03-11,Sandwiches Calientes,"Oxford: salchicha, jamón y queso, envuelta en pan de sandwich, salsa holandesa",7000.0,4.93,1420.0
2026-03-11,Sandwiches Calientes,"Burgeois: jamón, queso, salsa holandesa",10500.0,7.39,1420.0
2026-03-11,Sandwiches Calientes,Calamares Graten,16000.0,11.27,1420.0
2026-03-11,Sandwiches Calientes,Mejillones Graten,16000.0,11.27,1420.0
2026-03-11,Sandwiches Calientes,"Lucía: queso, champignon, salsa holandesa",12000.0,8.45,1420.0
2026-03-11,Sandwiches Calientes,"Vegeta: queso, morrones, cebolla, salsa holandesa$12000",12000.0,8.45,1420.0
2026-03-11,Sandwiches Calientes,"Andrés: pechuga de pavita, choclo, salsa portuguesa",10500.0,7.39,1420.0
2026-03-11,Sandwiches Calientes,"Lomo: lomo, salsa holandesa",12000.0,8.45,1420.0
2026-03-11,Sandwiches Calientes,"Pedrito: lomo, queso gratinado, salsa holandesa",12500.0,8.8,1420.0
2026-03-11,Sandwiches Calientes,"Jorge I: lomo, pimientos morrones, salsa holandesa",12500.0,8.8,1420.0
2026-03-11,Sandwiches Calientes,"Hamburger: lomo, cebolla frita, salsa holandesa",12500.0,8.8,1420.0
2026-03-11,Sandwiches Calientes,"Galli: lomo, jamón, queso, salsa holandesa",13000.0,9.15,1420.0
2026-03-11,Sandwiches Calientes,"Lomo Champignon: lomo, champignones, salsa holandesa",13000.0,9.15,1420.0
2026-03-11,Sandwiches Calientes,"Duende: lomo, jamón, tomate, salsa holandesa",13000.0,9.15,1420.0
2026-03-11,Sandwiches Calientes,Lomo 1/2 Caballo,12500.0,8.8,1420.0
2026-03-11,Sandwiches Calientes,"Hamenech: huevo, jamón, salsa holandesa",10500.0,7.39,1420.0
2026-03-11,Sandwiches Calientes,"Fangio: huevo, jamón, cebolla, salsa holandesa",12000.0,8.45,1420.0
2026-03-11,Sandwiches Calientes,"Barton: jamón, queso, cebolla saltada, salsa holandesa",12000.0,8.45,1420.0
2026-03-11,Sandwiches Calientes,"Carlitos: jamón, queso, salsa portuguesa",12000.0,8.45,1420.0
2026-03-11,Sandwiches Calientes,"Jamón Glasé Confitado: jamón, queso gratinado, salsa portuguesa, dulce, pan sandwich",10500.0,7.39,1420.0
2026-03-11,Sandwiches Calientes,"Roselli: pavita picada, jamón, queso, pebete",12000.0,8.45,1420.0
2026-03-11,Triples Especiales,12 unidades,25000.0,17.61,1420.0
2026-03-11,Triples Especiales,24 unidades,46000.0,32.39,1420.0
2026-03-11,Triples Especiales,48 unidades,80000.0,56.34,1420.0
2026-03-11,Triples Especiales,96 unidades,138000.0,97.18,1420.0
2026-03-12,Sandwiches Calientes,"Menditeguy: pechuga de pavita, queso gratinado, salsa holandesa",12000.0,8.45,1420.0
2026-03-12,Sandwiches Calientes,"Enz: pechuga de pavita, tomate, salsa holandesa",12000.0,8.45,1420.0
2026-03-12,Sandwiches Calientes,"Goñi: pechuga de pavita, queso gratinado, lechuga, salsa holandesa",12000.0,8.45,1420.0
2026-03-12,Sandwiches Calientes,"Roncal: pechuga de pavita, queso gratinado, jamón, salsa holandesa",12500.0,8.8,1420.0
2026-03-12,Sandwiches Calientes,"Pavita Graten: pechuga, queso gratinado, salsa portuguesa, pan sandwich",10500.0,7.39,1420.0
2026-03-12,Sandwiches Calientes,"Suprema de Pavita: pechuga de pavita, choclo, salsa portuguesa, rebosado en pan rallado",12000.0,8.45,1420.0
2026-03-12,Sandwiches Calientes,"Hot - Dog: salchicha, salsa holandesa, pebete",6300.0,4.44,1420.0
2026-03-12,Sandwiches Calientes,"Hot - Dog Graten: salchicha, queso gratinado, salsa holandesa",6500.0,4.58,1420.0
2026-03-12,Sandwiches Calientes,"Frankfurt: salchicha envuelta en pan de sandwich, salsa holandesa",6300.0,4.44,1420.0
2026-03-12,Sandwiches Calientes,Frankfurt Graten,6500.0,4.58,1420.0
2026-03-12,Sandwiches Calientes,"Oxford: salchicha, jamón y queso, envuelta en pan de sandwich, salsa holandesa",7000.0,4.93,1420.0
2026-03-12,Sandwiches Calientes,"Burgeois: jamón, queso, salsa holandesa",10500.0,7.39,1420.0
2026-03-12,Sandwiches Calientes,Calamares Graten,16000.0,11.27,1420.0
2026-03-12,Sandwiches Calientes,Mejillones Graten,16000.0,11.27,1420.0
2026-03-12,Sandwiches Calientes,"Lucía: queso, champignon, salsa holandesa",12000.0,8.45,1420.0
2026-03-12,Sandwiches Calientes,"Vegeta: queso, morrones, cebolla, salsa holandesa$12000",12000.0,8.45,1420.0
2026-03-12,Sandwiches Calientes,"Andrés: pechuga de pavita, choclo, salsa portuguesa",10500.0,7.39,1420.0
2026-03-12,Sandwiches Calientes,"Lomo: lomo, salsa holandesa",12000.0,8.45,1420.0
2026-03-12,Sandwiches Calientes,"Pedrito: lomo, queso gratinado, salsa holandesa",12500.0,8.8,1420.0
2026-03-12,Sandwiches Calientes,"Jorge I: lomo, pimientos morrones, salsa holandesa",12500.0,8.8,1420.0
2026-03-12,Sandwiches Calientes,"Hamburger: lomo, cebolla frita, salsa holandesa",12500.0,8.8,1420.0
2026-03-12,Sandwiches Calientes,"Galli: lomo, jamón, queso, salsa holandesa",13000.0,9.15,1420.0
2026-03-12,Sandwiches Calientes,"Lomo Champignon: lomo, champignones, salsa holandesa",13000.0,9.15,1420.0
2026-03-12,Sandwiches Calientes,"Duende: lomo, jamón, tomate, salsa holandesa",13000.0,9.15,1420.0
2026-03-12,Sandwiches Calientes,Lomo 1/2 Caballo,12500.0,8.8,1420.0
2026-03-12,Sandwiches Calientes,"Hamenech: huevo, jamón, salsa holandesa",10500.0,7.39,1420.0
2026-03-12,Sandwiches Calientes,"Fangio: huevo, jamón, cebolla, salsa holandesa",12000.0,8.45,1420.0
2026-03-12,Sandwiches Calientes,"Barton: jamón, queso, cebolla saltada, salsa holandesa",12000.0,8.45,1420.0
2026-03-12,Sandwiches Calientes,"Carlitos: jamón, queso, salsa portuguesa",12000.0,8.45,1420.0
2026-03-12,Sandwiches Calientes,"Jamón Glasé Confitado: jamón, queso gratinado, salsa portuguesa, dulce, pan sandwich",10500.0,7.39,1420.0
2026-03-12,Sandwiches Calientes,"Roselli: pavita picada, jamón, queso, pebete",12000.0,8.45,1420.0
2026-03-12,Triples Especiales,12 unidades,25000.0,17.61,1420.0
2026-03-12,Triples Especiales,24 unidades,46000.0,32.39,1420.0
2026-03-12,Triples Especiales,48 unidades,80000.0,56.34,1420.0
2026-03-12,Triples Especiales,96 unidades,138000.0,97.18,1420.0
2026-03-13,Sandwiches Calientes,"Menditeguy: pechuga de pavita, queso gratinado, salsa holandesa",12000.0,8.51,1410.0
2026-03-13,Sandwiches Calientes,"Enz: pechuga de pavita, tomate, salsa holandesa",12000.0,8.51,1410.0
2026-03-13,Sandwiches Calientes,"Goñi: pechuga de pavita, queso gratinado, lechuga, salsa holandesa",12000.0,8.51,1410.0
2026-03-13,Sandwiches Calientes,"Roncal: pechuga de pavita, queso gratinado, jamón, salsa holandesa",12500.0,8.87,1410.0
2026-03-13,Sandwiches Calientes,"Pavita Graten: pechuga, queso gratinado, salsa portuguesa, pan sandwich",10500.0,7.45,1410.0
2026-03-13,Sandwiches Calientes,"Suprema de Pavita: pechuga de pavita, choclo, salsa portuguesa, rebosado en pan rallado",12000.0,8.51,1410.0
2026-03-13,Sandwiches Calientes,"Hot - Dog: salchicha, salsa holandesa, pebete",6300.0,4.47,1410.0
2026-03-13,Sandwiches Calientes,"Hot - Dog Graten: salchicha, queso gratinado, salsa holandesa",6500.0,4.61,1410.0
2026-03-13,Sandwiches Calientes,"Frankfurt: salchicha envuelta en pan de sandwich, salsa holandesa",6300.0,4.47,1410.0
2026-03-13,Sandwiches Calientes,Frankfurt Graten,6500.0,4.61,1410.0
2026-03-13,Sandwiches Calientes,"Oxford: salchicha, jamón y queso, envuelta en pan de sandwich, salsa holandesa",7000.0,4.96,1410.0
2026-03-13,Sandwiches Calientes,"Burgeois: jamón, queso, salsa holandesa",10500.0,7.45,1410.0
2026-03-13,Sandwiches Calientes,Calamares Graten,16000.0,11.35,1410.0
2026-03-13,Sandwiches Calientes,Mejillones Graten,16000.0,11.35,1410.0
2026-03-13,Sandwiches Calientes,"Lucía: queso, champignon, salsa holandesa",12000.0,8.51,1410.0
2026-03-13,Sandwiches Calientes,"Vegeta: queso, morrones, cebolla, salsa holandesa$12000",12000.0,8.51,1410.0
2026-03-13,Sandwiches Calientes,"Andrés: pechuga de pavita, choclo, salsa portuguesa",10500.0,7.45,1410.0
2026-03-13,Sandwiches Calientes,"Lomo: lomo, salsa holandesa",12000.0,8.51,1410.0
2026-03-13,Sandwiches Calientes,"Pedrito: lomo, queso gratinado, salsa holandesa",12500.0,8.87,1410.0
2026-03-13,Sandwiches Calientes,"Jorge I: lomo, pimientos morrones, salsa holandesa",12500.0,8.87,1410.0
2026-03-13,Sandwiches Calientes,"Hamburger: lomo, cebolla frita, salsa holandesa",12500.0,8.87,1410.0
2026-03-13,Sandwiches Calientes,"Galli: lomo, jamón, queso, salsa holandesa",13000.0,9.22,1410.0
2026-03-13,Sandwiches Calientes,"Lomo Champignon: lomo, champignones, salsa holandesa",13000.0,9.22,1410.0
2026-03-13,Sandwiches Calientes,"Duende: lomo, jamón, tomate, salsa holandesa",13000.0,9.22,1410.0
2026-03-13,Sandwiches Calientes,Lomo 1/2 Caballo,12500.0,8.87,1410.0
2026-03-13,Sandwiches Calientes,"Hamenech: huevo, jamón, salsa holandesa",10500.0,7.45,1410.0
2026-03-13,Sandwiches Calientes,"Fangio: huevo, jamón, cebolla, salsa holandesa",12000.0,8.51,1410.0
2026-03-13,Sandwiches Calientes,"Barton: jamón, queso, cebolla saltada, salsa holandesa",12000.0,8.51,1410.0
2026-03-13,Sandwiches Calientes,"Carlitos: jamón, queso, salsa portuguesa",12000.0,8.51,1410.0
2026-03-13,Sandwiches Calientes,"Jamón Glasé Confitado: jamón, queso gratinado, salsa portuguesa, dulce, pan sandwich",10500.0,7.45,1410.0
2026-03-13,Sandwiches Calientes,"Roselli: pavita picada, jamón, queso, pebete",12000.0,8.51,1410.0
2026-03-13,Triples Especiales,12 unidades,25000.0,17.73,1410.0
2026-03-13,Triples Especiales,24 unidades,46000.0,32.62,1410.0
2026-03-13,Triples Especiales,48 unidades,80000.0,56.74,1410.0
2026-03-13,Triples Especiales,96 unidades,138000.0,97.87,1410.0
2026-03-15,Sandwiches Calientes,"Menditeguy: pechuga de pavita, queso gratinado, salsa holandesa",12000.0,8.45,1420.0
2026-03-15,Sandwiches Calientes,"Enz: pechuga de pavita, tomate, salsa holandesa",12000.0,8.45,1420.0
2026-03-15,Sandwiches Calientes,"Goñi: pechuga de pavita, queso gratinado, lechuga, salsa holandesa",12000.0,8.45,1420.0
2026-03-15,Sandwiches Calientes,"Roncal: pechuga de pavita, queso gratinado, jamón, salsa holandesa",12500.0,8.8,1420.0
2026-03-15,Sandwiches Calientes,"Pavita Graten: pechuga, queso gratinado, salsa portuguesa, pan sandwich",10500.0,7.39,1420.0
2026-03-15,Sandwiches Calientes,"Suprema de Pavita: pechuga de pavita, choclo, salsa portuguesa, rebosado en pan rallado",12000.0,8.45,1420.0
2026-03-15,Sandwiches Calientes,"Hot - Dog: salchicha, salsa holandesa, pebete",6300.0,4.44,1420.0
2026-03-15,Sandwiches Calientes,"Hot - Dog Graten: salchicha, queso gratinado, salsa holandesa",6500.0,4.58,1420.0
2026-03-15,Sandwiches Calientes,"Frankfurt: salchicha envuelta en pan de sandwich, salsa holandesa",6300.0,4.44,1420.0
2026-03-15,Sandwiches Calientes,Frankfurt Graten,6500.0,4.58,1420.0
2026-03-15,Sandwiches Calientes,"Oxford: salchicha, jamón y queso, envuelta en pan de sandwich, salsa holandesa",7000.0,4.93,1420.0
2026-03-15,Sandwiches Calientes,"Burgeois: jamón, queso, salsa holandesa",10500.0,7.39,1420.0
2026-03-15,Sandwiches Calientes,Calamares Graten,16000.0,11.27,1420.0
2026-03-15,Sandwiches Calientes,Mejillones Graten,16000.0,11.27,1420.0
2026-03-15,Sandwiches Calientes,"Lucía: queso, champignon, salsa holandesa",12000.0,8.45,1420.0
2026-03-15,Sandwiches Calientes,"Vegeta: queso, morrones, cebolla, salsa holandesa$12000",12000.0,8.45,1420.0
2026-03-15,Sandwiches Calientes,"Andrés: pechuga de pavita, choclo, salsa portuguesa",10500.0,7.39,1420.0
2026-03-15,Sandwiches Calientes,"Lomo: lomo, salsa holandesa",12000.0,8.45,1420.0
2026-03-15,Sandwiches Calientes,"Pedrito: lomo, queso gratinado, salsa holandesa",12500.0,8.8,1420.0
2026-03-15,Sandwiches Calientes,"Jorge I: lomo, pimientos morrones, salsa holandesa",12500.0,8.8,1420.0
2026-03-15,Sandwiches Calientes,"Hamburger: lomo, cebolla frita, salsa holandesa",12500.0,8.8,1420.0
2026-03-15,Sandwiches Calientes,"Galli: lomo, jamón, queso, salsa holandesa",13000.0,9.15,1420.0
2026-03-15,Sandwiches Calientes,"Lomo Champignon: lomo, champignones, salsa holandesa",13000.0,9.15,1420.0
2026-03-15,Sandwiches Calientes,"Duende: lomo, jamón, tomate, salsa holandesa",13000.0,9.15,1420.0
2026-03-15,Sandwiches Calientes,Lomo 1/2 Caballo,12500.0,8.8,1420.0
2026-03-15,Sandwiches Calientes,"Hamenech: huevo, jamón, salsa holandesa",10500.0,7.39,1420.0
2026-03-15,Sandwiches Calientes,"Fangio: huevo, jamón, cebolla, salsa holandesa",12000.0,8.45,1420.0
2026-03-15,Sandwiches Calientes,"Barton: jamón, queso, cebolla saltada, salsa holandesa",12000.0,8.45,1420.0
2026-03-15,Sandwiches Calientes,"Carlitos: jamón, queso, salsa portuguesa",12000.0,8.45,1420.0
2026-03-15,Sandwiches Calientes,"Jamón Glasé Confitado: jamón, queso gratinado, salsa portuguesa, dulce, pan sandwich",10500.0,7.39,1420.0
2026-03-15,Sandwiches Calientes,"Roselli: pavita picada, jamón, queso, pebete",12000.0,8.45,1420.0
2026-03-15,Triples Especiales,12 unidades,25000.0,17.61,1420.0
2026-03-15,Triples Especiales,24 unidades,46000.0,32.39,1420.0
2026-03-15,Triples Especiales,48 unidades,80000.0,56.34,1420.0
2026-03-15,Triples Especiales,96 unidades,138000.0,97.18,1420.0
2026-03-16,Sandwiches Calientes,"Menditeguy: pechuga de pavita, queso gratinado, salsa holandesa",12000.0,8.48,1415.0
2026-03-16,Sandwiches Calientes,"Enz: pechuga de pavita, tomate, salsa holandesa",12000.0,8.48,1415.0
2026-03-16,Sandwiches Calientes,"Goñi: pechuga de pavita, queso gratinado, lechuga, salsa holandesa",12000.0,8.48,1415.0
2026-03-16,Sandwiches Calientes,"Roncal: pechuga de pavita, queso gratinado, jamón, salsa holandesa",12500.0,8.83,1415.0
2026-03-16,Sandwiches Calientes,"Pavita Graten: pechuga, queso gratinado, salsa portuguesa, pan sandwich",10500.0,7.42,1415.0
2026-03-16,Sandwiches Calientes,"Suprema de Pavita: pechuga de pavita, choclo, salsa portuguesa, rebosado en pan rallado",12000.0,8.48,1415.0
2026-03-16,Sandwiches Calientes,"Hot - Dog: salchicha, salsa holandesa, pebete",6300.0,4.45,1415.0
2026-03-16,Sandwiches Calientes,"Hot - Dog Graten: salchicha, queso gratinado, salsa holandesa",6500.0,4.59,1415.0
2026-03-16,Sandwiches Calientes,"Frankfurt: salchicha envuelta en pan de sandwich, salsa holandesa",6300.0,4.45,1415.0
2026-03-16,Sandwiches Calientes,Frankfurt Graten,6500.0,4.59,1415.0
2026-03-16,Sandwiches Calientes,"Oxford: salchicha, jamón y queso, envuelta en pan de sandwich, salsa holandesa",7000.0,4.95,1415.0
2026-03-16,Sandwiches Calientes,"Burgeois: jamón, queso, salsa holandesa",10500.0,7.42,1415.0
2026-03-16,Sandwiches Calientes,Calamares Graten,16000.0,11.31,1415.0
2026-03-16,Sandwiches Calientes,Mejillones Graten,16000.0,11.31,1415.0
2026-03-16,Sandwiches Calientes,"Lucía: queso, champignon, salsa holandesa",12000.0,8.48,1415.0
2026-03-16,Sandwiches Calientes,"Vegeta: queso, morrones, cebolla, salsa holandesa$12000",12000.0,8.48,1415.0
2026-03-16,Sandwiches Calientes,"Andrés: pechuga de pavita, choclo, salsa portuguesa",10500.0,7.42,1415.0
2026-03-16,Sandwiches Calientes,"Lomo: lomo, salsa holandesa",12000.0,8.48,1415.0
2026-03-16,Sandwiches Calientes,"Pedrito: lomo, queso gratinado, salsa holandesa",12500.0,8.83,1415.0
2026-03-16,Sandwiches Calientes,"Jorge I: lomo, pimientos morrones, salsa holandesa",12500.0,8.83,1415.0
2026-03-16,Sandwiches Calientes,"Hamburger: lomo, cebolla frita, salsa holandesa",12500.0,8.83,1415.0
2026-03-16,Sandwiches Calientes,"Galli: lomo, jamón, queso, salsa holandesa",13000.0,9.19,1415.0
2026-03-16,Sandwiches Calientes,"Lomo Champignon: lomo, champignones, salsa holandesa",13000.0,9.19,1415.0
2026-03-16,Sandwiches Calientes,"Duende: lomo, jamón, tomate, salsa holandesa",13000.0,9.19,1415.0
2026-03-16,Sandwiches Calientes,Lomo 1/2 Caballo,12500.0,8.83,1415.0
2026-03-16,Sandwiches Calientes,"Hamenech: huevo, jamón, salsa holandesa",10500.0,7.42,1415.0
2026-03-16,Sandwiches Calientes,"Fangio: huevo, jamón, cebolla, salsa holandesa",12000.0,8.48,1415.0
2026-03-16,Sandwiches Calientes,"Barton: jamón, queso, cebolla saltada, salsa holandesa",12000.0,8.48,1415.0
2026-03-16,Sandwiches Calientes,"Carlitos: jamón, queso, salsa portuguesa",12000.0,8.48,1415.0
2026-03-16,Sandwiches Calientes,"Jamón Glasé Confitado: jamón, queso gratinado, salsa portuguesa, dulce, pan sandwich",10500.0,7.42,1415.0
2026-03-16,Sandwiches Calientes,"Roselli: pavita picada, jamón, queso, pebete",12000.0,8.48,1415.0
2026-03-16,Triples Especiales,12 unidades,25000.0,17.67,1415.0
2026-03-16,Triples Especiales,24 unidades,46000.0,32.51,1415.0
2026-03-16,Triples Especiales,48 unidades,80000.0,56.54,1415.0
2026-03-16,Triples Especiales,96 unidades,138000.0,97.53,1415.0
2026-03-17,Sandwiches Calientes,"Menditeguy: pechuga de pavita, queso gratinado, salsa holandesa",12000.0,8.48,1415.0
2026-03-17,Sandwiches Calientes,"Enz: pechuga de pavita, tomate, salsa holandesa",12000.0,8.48,1415.0
2026-03-17,Sandwiches Calientes,"Goñi: pechuga de pavita, queso gratinado, lechuga, salsa holandesa",12000.0,8.48,1415.0
2026-03-17,Sandwiches Calientes,"Roncal: pechuga de pavita, queso gratinado, jamón, salsa holandesa",12500.0,8.83,1415.0
2026-03-17,Sandwiches Calientes,"Pavita Graten: pechuga, queso gratinado, salsa portuguesa, pan sandwich",10500.0,7.42,1415.0
2026-03-17,Sandwiches Calientes,"Suprema de Pavita: pechuga de pavita, choclo, salsa portuguesa, rebosado en pan rallado",12000.0,8.48,1415.0
2026-03-17,Sandwiches Calientes,"Hot - Dog: salchicha, salsa holandesa, pebete",6300.0,4.45,1415.0
2026-03-17,Sandwiches Calientes,"Hot - Dog Graten: salchicha, queso gratinado, salsa holandesa",6500.0,4.59,1415.0
2026-03-17,Sandwiches Calientes,"Frankfurt: salchicha envuelta en pan de sandwich, salsa holandesa",6300.0,4.45,1415.0
2026-03-17,Sandwiches Calientes,Frankfurt Graten,6500.0,4.59,1415.0
2026-03-17,Sandwiches Calientes,"Oxford: salchicha, jamón y queso, envuelta en pan de sandwich, salsa holandesa",7000.0,4.95,1415.0
2026-03-17,Sandwiches Calientes,"Burgeois: jamón, queso, salsa holandesa",10500.0,7.42,1415.0
2026-03-17,Sandwiches Calientes,Calamares Graten,16000.0,11.31,1415.0
2026-03-17,Sandwiches Calientes,Mejillones Graten,16000.0,11.31,1415.0
2026-03-17,Sandwiches Calientes,"Lucía: queso, champignon, salsa holandesa",12000.0,8.48,1415.0
2026-03-17,Sandwiches Calientes,"Vegeta: queso, morrones, cebolla, salsa holandesa$12000",12000.0,8.48,1415.0
2026-03-17,Sandwiches Calientes,"Andrés: pechuga de pavita, choclo, salsa portuguesa",10500.0,7.42,1415.0
2026-03-17,Sandwiches Calientes,"Lomo: lomo, salsa holandesa",12000.0,8.48,1415.0
2026-03-17,Sandwiches Calientes,"Pedrito: lomo, queso gratinado, salsa holandesa",12500.0,8.83,1415.0
2026-03-17,Sandwiches Calientes,"Jorge I: lomo, pimientos morrones, salsa holandesa",12500.0,8.83,1415.0
2026-03-17,Sandwiches Calientes,"Hamburger: lomo, cebolla frita, salsa holandesa",12500.0,8.83,1415.0
2026-03-17,Sandwiches Calientes,"Galli: lomo, jamón, queso, salsa holandesa",13000.0,9.19,1415.0
2026-03-17,Sandwiches Calientes,"Lomo Champignon: lomo, champignones, salsa holandesa",13000.0,9.19,1415.0
2026-03-17,Sandwiches Calientes,"Duende: lomo, jamón, tomate, salsa holandesa",13000.0,9.19,1415.0
2026-03-17,Sandwiches Calientes,Lomo 1/2 Caballo,12500.0,8.83,1415.0
2026-03-17,Sandwiches Calientes,"Hamenech: huevo, jamón, salsa holandesa",10500.0,7.42,1415.0
2026-03-17,Sandwiches Calientes,"Fangio: huevo, jamón, cebolla, salsa holandesa",12000.0,8.48,1415.0
2026-03-17,Sandwiches Calientes,"Barton: jamón, queso, cebolla saltada, salsa holandesa",12000.0,8.48,1415.0
2026-03-17,Sandwiches Calientes,"Carlitos: jamón, queso, salsa portuguesa",12000.0,8.48,1415.0
2026-03-17,Sandwiches Calientes,"Jamón Glasé Confitado: jamón, queso gratinado, salsa portuguesa, dulce, pan sandwich",10500.0,7.42,1415.0
2026-03-17,Sandwiches Calientes,"Roselli: pavita picada, jamón, queso, pebete",12000.0,8.48,1415.0
2026-03-17,Triples Especiales,12 unidades,25000.0,17.67,1415.0
2026-03-17,Triples Especiales,24 unidades,46000.0,32.51,1415.0
2026-03-17,Triples Especiales,48 unidades,80000.0,56.54,1415.0
2026-03-17,Triples Especiales,96 unidades,138000.0,97.53,1415.0
2026-03-18,Sandwiches Calientes,"Menditeguy: pechuga de pavita, queso gratinado, salsa holandesa",12000.0,8.45,1420.0
2026-03-18,Sandwiches Calientes,"Enz: pechuga de pavita, tomate, salsa holandesa",12000.0,8.45,1420.0
2026-03-18,Sandwiches Calientes,"Goñi: pechuga de pavita, queso gratinado, lechuga, salsa holandesa",12000.0,8.45,1420.0
2026-03-18,Sandwiches Calientes,"Roncal: pechuga de pavita, queso gratinado, jamón, salsa holandesa",12500.0,8.8,1420.0
2026-03-18,Sandwiches Calientes,"Pavita Graten: pechuga, queso gratinado, salsa portuguesa, pan sandwich",10500.0,7.39,1420.0
2026-03-18,Sandwiches Calientes,"Suprema de Pavita: pechuga de pavita, choclo, salsa portuguesa, rebosado en pan rallado",12000.0,8.45,1420.0
2026-03-18,Sandwiches Calientes,"Hot - Dog: salchicha, salsa holandesa, pebete",6300.0,4.44,1420.0
2026-03-18,Sandwiches Calientes,"Hot - Dog Graten: salchicha, queso gratinado, salsa holandesa",6500.0,4.58,1420.0
2026-03-18,Sandwiches Calientes,"Frankfurt: salchicha envuelta en pan de sandwich, salsa holandesa",6300.0,4.44,1420.0
2026-03-18,Sandwiches Calientes,Frankfurt Graten,6500.0,4.58,1420.0
2026-03-18,Sandwiches Calientes,"Oxford: salchicha, jamón y queso, envuelta en pan de sandwich, salsa holandesa",7000.0,4.93,1420.0
2026-03-18,Sandwiches Calientes,"Burgeois: jamón, queso, salsa holandesa",10500.0,7.39,1420.0
2026-03-18,Sandwiches Calientes,Calamares Graten,16000.0,11.27,1420.0
2026-03-18,Sandwiches Calientes,Mejillones Graten,16000.0,11.27,1420.0
2026-03-18,Sandwiches Calientes,"Lucía: queso, champignon, salsa holandesa",12000.0,8.45,1420.0
2026-03-18,Sandwiches Calientes,"Vegeta: queso, morrones, cebolla, salsa holandesa$12000",12000.0,8.45,1420.0
2026-03-18,Sandwiches Calientes,"Andrés: pechuga de pavita, choclo, salsa portuguesa",10500.0,7.39,1420.0
2026-03-18,Sandwiches Calientes,"Lomo: lomo, salsa holandesa",12000.0,8.45,1420.0
2026-03-18,Sandwiches Calientes,"Pedrito: lomo, queso gratinado, salsa holandesa",12500.0,8.8,1420.0
2026-03-18,Sandwiches Calientes,"Jorge I: lomo, pimientos morrones, salsa holandesa",12500.0,8.8,1420.0
2026-03-18,Sandwiches Calientes,"Hamburger: lomo, cebolla frita, salsa holandesa",12500.0,8.8,1420.0
2026-03-18,Sandwiches Calientes,"Galli: lomo, jamón, queso, salsa holandesa",13000.0,9.15,1420.0
2026-03-18,Sandwiches Calientes,"Lomo Champignon: lomo, champignones, salsa holandesa",13000.0,9.15,1420.0
2026-03-18,Sandwiches Calientes,"Duende: lomo, jamón, tomate, salsa holandesa",13000.0,9.15,1420.0
2026-03-18,Sandwiches Calientes,Lomo 1/2 Caballo,12500.0,8.8,1420.0
2026-03-18,Sandwiches Calientes,"Hamenech: huevo, jamón, salsa holandesa",10500.0,7.39,1420.0
2026-03-18,Sandwiches Calientes,"Fangio: huevo, jamón, cebolla, salsa holandesa",12000.0,8.45,1420.0
2026-03-18,Sandwiches Calientes,"Barton: jamón, queso, cebolla saltada, salsa holandesa",12000.0,8.45,1420.0
2026-03-18,Sandwiches Calientes,"Carlitos: jamón, queso, salsa portuguesa",12000.0,8.45,1420.0
2026-03-18,Sandwiches Calientes,"Jamón Glasé Confitado: jamón, queso gratinado, salsa portuguesa, dulce, pan sandwich",10500.0,7.39,1420.0
2026-03-18,Sandwiches Calientes,"Roselli: pavita picada, jamón, queso, pebete",12000.0,8.45,1420.0
2026-03-18,Triples Especiales,12 unidades,25000.0,17.61,1420.0
2026-03-18,Triples Especiales,24 unidades,46000.0,32.39,1420.0
2026-03-18,Triples Especiales,48 unidades,80000.0,56.34,1420.0
2026-03-18,Triples Especiales,96 unidades,138000.0,97.18,1420.0
2026-03-19,Sandwiches Calientes,"Menditeguy: pechuga de pavita, queso gratinado, salsa holandesa",12000.0,8.48,1415.0
2026-03-19,Sandwiches Calientes,"Enz: pechuga de pavita, tomate, salsa holandesa",12000.0,8.48,1415.0
2026-03-19,Sandwiches Calientes,"Goñi: pechuga de pavita, queso gratinado, lechuga, salsa holandesa",12000.0,8.48,1415.0
2026-03-19,Sandwiches Calientes,"Roncal: pechuga de pavita, queso gratinado, jamón, salsa holandesa",12500.0,8.83,1415.0
2026-03-19,Sandwiches Calientes,"Pavita Graten: pechuga, queso gratinado, salsa portuguesa, pan sandwich",10500.0,7.42,1415.0
2026-03-19,Sandwiches Calientes,"Suprema de Pavita: pechuga de pavita, choclo, salsa portuguesa, rebosado en pan rallado",12000.0,8.48,1415.0
2026-03-19,Sandwiches Calientes,"Hot - Dog: salchicha, salsa holandesa, pebete",6300.0,4.45,1415.0
2026-03-19,Sandwiches Calientes,"Hot - Dog Graten: salchicha, queso gratinado, salsa holandesa",6500.0,4.59,1415.0
2026-03-19,Sandwiches Calientes,"Frankfurt: salchicha envuelta en pan de sandwich, salsa holandesa",6300.0,4.45,1415.0
2026-03-19,Sandwiches Calientes,Frankfurt Graten,6500.0,4.59,1415.0
2026-03-19,Sandwiches Calientes,"Oxford: salchicha, jamón y queso, envuelta en pan de sandwich, salsa holandesa",7000.0,4.95,1415.0
2026-03-19,Sandwiches Calientes,"Burgeois: jamón, queso, salsa holandesa",10500.0,7.42,1415.0
2026-03-19,Sandwiches Calientes,Calamares Graten,16000.0,11.31,1415.0
2026-03-19,Sandwiches Calientes,Mejillones Graten,16000.0,11.31,1415.0
2026-03-19,Sandwiches Calientes,"Lucía: queso, champignon, salsa holandesa",12000.0,8.48,1415.0
2026-03-19,Sandwiches Calientes,"Vegeta: queso, morrones, cebolla, salsa holandesa$12000",12000.0,8.48,1415.0
2026-03-19,Sandwiches Calientes,"Andrés: pechuga de pavita, choclo, salsa portuguesa",10500.0,7.42,1415.0
2026-03-19,Sandwiches Calientes,"Lomo: lomo, salsa holandesa",12000.0,8.48,1415.0
2026-03-19,Sandwiches Calientes,"Pedrito: lomo, queso gratinado, salsa holandesa",12500.0,8.83,1415.0
2026-03-19,Sandwiches Calientes,"Jorge I: lomo, pimientos morrones, salsa holandesa",12500.0,8.83,1415.0
2026-03-19,Sandwiches Calientes,"Hamburger: lomo, cebolla frita, salsa holandesa",12500.0,8.83,1415.0
2026-03-19,Sandwiches Calientes,"Galli: lomo, jamón, queso, salsa holandesa",13000.0,9.19,1415.0
2026-03-19,Sandwiches Calientes,"Lomo Champignon: lomo, champignones, salsa holandesa",13000.0,9.19,1415.0
2026-03-19,Sandwiches Calientes,"Duende: lomo, jamón, tomate, salsa holandesa",13000.0,9.19,1415.0
2026-03-19,Sandwiches Calientes,Lomo 1/2 Caballo,12500.0,8.83,1415.0
2026-03-19,Sandwiches Calientes,"Hamenech: huevo, jamón, salsa holandesa",10500.0,7.42,1415.0
2026-03-19,Sandwiches Calientes,"Fangio: huevo, jamón, cebolla, salsa holandesa",12000.0,8.48,1415.0
2026-03-19,Sandwiches Calientes,"Barton: jamón, queso, cebolla saltada, salsa holandesa",12000.0,8.48,1415.0
2026-03-19,Sandwiches Calientes,"Carlitos: jamón, queso, salsa portuguesa",12000.0,8.48,1415.0
2026-03-19,Sandwiches Calientes,"Jamón Glasé Confitado: jamón, queso gratinado, salsa portuguesa, dulce, pan sandwich",10500.0,7.42,1415.0
2026-03-19,Sandwiches Calientes,"Roselli: pavita picada, jamón, queso, pebete",12000.0,8.48,1415.0
2026-03-19,Triples Especiales,12 unidades,25000.0,17.67,1415.0
2026-03-19,Triples Especiales,24 unidades,46000.0,32.51,1415.0
2026-03-19,Triples Especiales,48 unidades,80000.0,56.54,1415.0
2026-03-19,Triples Especiales,96 unidades,138000.0,97.53,1415.0
2026-03-20,Sandwiches Calientes,"Menditeguy: pechuga de pavita, queso gratinado, salsa holandesa",12000.0,8.48,1415.0
2026-03-20,Sandwiches Calientes,"Enz: pechuga de pavita, tomate, salsa holandesa",12000.0,8.48,1415.0
2026-03-20,Sandwiches Calientes,"Goñi: pechuga de pavita, queso gratinado, lechuga, salsa holandesa",12000.0,8.48,1415.0
2026-03-20,Sandwiches Calientes,"Roncal: pechuga de pavita, queso gratinado, jamón, salsa holandesa",12500.0,8.83,1415.0
2026-03-20,Sandwiches Calientes,"Pavita Graten: pechuga, queso gratinado, salsa portuguesa, pan sandwich",10500.0,7.42,1415.0
2026-03-20,Sandwiches Calientes,"Suprema de Pavita: pechuga de pavita, choclo, salsa portuguesa, rebosado en pan rallado",12000.0,8.48,1415.0
2026-03-20,Sandwiches Calientes,"Hot - Dog: salchicha, salsa holandesa, pebete",6300.0,4.45,1415.0
2026-03-20,Sandwiches Calientes,"Hot - Dog Graten: salchicha, queso gratinado, salsa holandesa",6500.0,4.59,1415.0
2026-03-20,Sandwiches Calientes,"Frankfurt: salchicha envuelta en pan de sandwich, salsa holandesa",6300.0,4.45,1415.0
2026-03-20,Sandwiches Calientes,Frankfurt Graten,6500.0,4.59,1415.0
2026-03-20,Sandwiches Calientes,"Oxford: salchicha, jamón y queso, envuelta en pan de sandwich, salsa holandesa",7000.0,4.95,1415.0
2026-03-20,Sandwiches Calientes,"Burgeois: jamón, queso, salsa holandesa",10500.0,7.42,1415.0
2026-03-20,Sandwiches Calientes,Calamares Graten,16000.0,11.31,1415.0
2026-03-20,Sandwiches Calientes,Mejillones Graten,16000.0,11.31,1415.0
2026-03-20,Sandwiches Calientes,"Lucía: queso, champignon, salsa holandesa",12000.0,8.48,1415.0
2026-03-20,Sandwiches Calientes,"Vegeta: queso, morrones, cebolla, salsa holandesa$12000",12000.0,8.48,1415.0
2026-03-20,Sandwiches Calientes,"Andrés: pechuga de pavita, choclo, salsa portuguesa",10500.0,7.42,1415.0
2026-03-20,Sandwiches Calientes,"Lomo: lomo, salsa holandesa",12000.0,8.48,1415.0
2026-03-20,Sandwiches Calientes,"Pedrito: lomo, queso gratinado, salsa holandesa",12500.0,8.83,1415.0
2026-03-20,Sandwiches Calientes,"Jorge I: lomo, pimientos morrones, salsa holandesa",12500.0,8.83,1415.0
2026-03-20,Sandwiches Calientes,"Hamburger: lomo, cebolla frita, salsa holandesa",12500.0,8.83,1415.0
2026-03-20,Sandwiches Calientes,"Galli: lomo, jamón, queso, salsa holandesa",13000.0,9.19,1415.0
2026-03-20,Sandwiches Calientes,"Lomo Champignon: lomo, champignones, salsa holandesa",13000.0,9.19,1415.0
2026-03-20,Sandwiches Calientes,"Duende: lomo, jamón, tomate, salsa holandesa",13000.0,9.19,1415.0
2026-03-20,Sandwiches Calientes,Lomo 1/2 Caballo,12500.0,8.83,1415.0
2026-03-20,Sandwiches Calientes,"Hamenech: huevo, jamón, salsa holandesa",10500.0,7.42,1415.0
2026-03-20,Sandwiches Calientes,"Fangio: huevo, jamón, cebolla, salsa holandesa",12000.0,8.48,1415.0
2026-03-20,Sandwiches Calientes,"Barton: jamón, queso, cebolla saltada, salsa holandesa",12000.0,8.48,1415.0
2026-03-20,Sandwiches Calientes,"Carlitos: jamón, queso, salsa portuguesa",12000.0,8.48,1415.0
2026-03-20,Sandwiches Calientes,"Jamón Glasé Confitado: jamón, queso gratinado, salsa portuguesa, dulce, pan sandwich",10500.0,7.42,1415.0
2026-03-20,Sandwiches Calientes,"Roselli: pavita picada, jamón, queso, pebete",12000.0,8.48,1415.0
2026-03-20,Triples Especiales,12 unidades,25000.0,17.67,1415.0
2026-03-20,Triples Especiales,24 unidades,46000.0,32.51,1415.0
2026-03-20,Triples Especiales,48 unidades,80000.0,56.54,1415.0
2026-03-20,Triples Especiales,96 unidades,138000.0,97.53,1415.0
2026-03-21,Sandwiches Calientes,"Menditeguy: pechuga de pavita, queso gratinado, salsa holandesa",12000.0,8.51,1410.0
2026-03-21,Sandwiches Calientes,"Enz: pechuga de pavita, tomate, salsa holandesa",12000.0,8.51,1410.0
2026-03-21,Sandwiches Calientes,"Goñi: pechuga de pavita, queso gratinado, lechuga, salsa holandesa",12000.0,8.51,1410.0
2026-03-21,Sandwiches Calientes,"Roncal: pechuga de pavita, queso gratinado, jamón, salsa holandesa",12500.0,8.87,1410.0
2026-03-21,Sandwiches Calientes,"Pavita Graten: pechuga, queso gratinado, salsa portuguesa, pan sandwich",10500.0,7.45,1410.0
2026-03-21,Sandwiches Calientes,"Suprema de Pavita: pechuga de pavita, choclo, salsa portuguesa, rebosado en pan rallado",12000.0,8.51,1410.0
2026-03-21,Sandwiches Calientes,"Hot - Dog: salchicha, salsa holandesa, pebete",6300.0,4.47,1410.0
2026-03-21,Sandwiches Calientes,"Hot - Dog Graten: salchicha, queso gratinado, salsa holandesa",6500.0,4.61,1410.0
2026-03-21,Sandwiches Calientes,"Frankfurt: salchicha envuelta en pan de sandwich, salsa holandesa",6300.0,4.47,1410.0
2026-03-21,Sandwiches Calientes,Frankfurt Graten,6500.0,4.61,1410.0
2026-03-21,Sandwiches Calientes,"Oxford: salchicha, jamón y queso, envuelta en pan de sandwich, salsa holandesa",7000.0,4.96,1410.0
2026-03-21,Sandwiches Calientes,"Burgeois: jamón, queso, salsa holandesa",10500.0,7.45,1410.0
2026-03-21,Sandwiches Calientes,Calamares Graten,16000.0,11.35,1410.0
2026-03-21,Sandwiches Calientes,Mejillones Graten,16000.0,11.35,1410.0
2026-03-21,Sandwiches Calientes,"Lucía: queso, champignon, salsa holandesa",12000.0,8.51,1410.0
2026-03-21,Sandwiches Calientes,"Vegeta: queso, morrones, cebolla, salsa holandesa$12000",12000.0,8.51,1410.0
2026-03-21,Sandwiches Calientes,"Andrés: pechuga de pavita, choclo, salsa portuguesa",10500.0,7.45,1410.0
2026-03-21,Sandwiches Calientes,"Lomo: lomo, salsa holandesa",12000.0,8.51,1410.0
2026-03-21,Sandwiches Calientes,"Pedrito: lomo, queso gratinado, salsa holandesa",12500.0,8.87,1410.0
2026-03-21,Sandwiches Calientes,"Jorge I: lomo, pimientos morrones, salsa holandesa",12500.0,8.87,1410.0
2026-03-21,Sandwiches Calientes,"Hamburger: lomo, cebolla frita, salsa holandesa",12500.0,8.87,1410.0
2026-03-21,Sandwiches Calientes,"Galli: lomo, jamón, queso, salsa holandesa",13000.0,9.22,1410.0
2026-03-21,Sandwiches Calientes,"Lomo Champignon: lomo, champignones, salsa holandesa",13000.0,9.22,1410.0
2026-03-21,Sandwiches Calientes,"Duende: lomo, jamón, tomate, salsa holandesa",13000.0,9.22,1410.0
2026-03-21,Sandwiches Calientes,Lomo 1/2 Caballo,12500.0,8.87,1410.0
2026-03-21,Sandwiches Calientes,"Hamenech: huevo, jamón, salsa holandesa",10500.0,7.45,1410.0
2026-03-21,Sandwiches Calientes,"Fangio: huevo, jamón, cebolla, salsa holandesa",12000.0,8.51,1410.0
2026-03-21,Sandwiches Calientes,"Barton: jamón, queso, cebolla saltada, salsa holandesa",12000.0,8.51,1410.0
2026-03-21,Sandwiches Calientes,"Carlitos: jamón, queso, salsa portuguesa",12000.0,8.51,1410.0
2026-03-21,Sandwiches Calientes,"Jamón Glasé Confitado: jamón, queso gratinado, salsa portuguesa, dulce, pan sandwich",10500.0,7.45,1410.0
2026-03-21,Sandwiches Calientes,"Roselli: pavita picada, jamón, queso, pebete",12000.0,8.51,1410.0
2026-03-21,Triples Especiales,12 unidades,25000.0,17.73,1410.0
2026-03-21,Triples Especiales,24 unidades,46000.0,32.62,1410.0
2026-03-21,Triples Especiales,48 unidades,80000.0,56.74,1410.0
2026-03-21,Triples Especiales,96 unidades,138000.0,97.87,1410.0
2026-03-22,Sandwiches Calientes,"Menditeguy: pechuga de pavita, queso gratinado, salsa holandesa",12000.0,8.51,1410.0
2026-03-22,Sandwiches Calientes,"Enz: pechuga de pavita, tomate, salsa holandesa",12000.0,8.51,1410.0
2026-03-22,Sandwiches Calientes,"Goñi: pechuga de pavita, queso gratinado, lechuga, salsa holandesa",12000.0,8.51,1410.0
2026-03-22,Sandwiches Calientes,"Roncal: pechuga de pavita, queso gratinado, jamón, salsa holandesa",12500.0,8.87,1410.0
2026-03-22,Sandwiches Calientes,"Pavita Graten: pechuga, queso gratinado, salsa portuguesa, pan sandwich",10500.0,7.45,1410.0
2026-03-22,Sandwiches Calientes,"Suprema de Pavita: pechuga de pavita, choclo, salsa portuguesa, rebosado en pan rallado",12000.0,8.51,1410.0
2026-03-22,Sandwiches Calientes,"Hot - Dog: salchicha, salsa holandesa, pebete",6300.0,4.47,1410.0
2026-03-22,Sandwiches Calientes,"Hot - Dog Graten: salchicha, queso gratinado, salsa holandesa",6500.0,4.61,1410.0
2026-03-22,Sandwiches Calientes,"Frankfurt: salchicha envuelta en pan de sandwich, salsa holandesa",6300.0,4.47,1410.0
2026-03-22,Sandwiches Calientes,Frankfurt Graten,6500.0,4.61,1410.0
2026-03-22,Sandwiches Calientes,"Oxford: salchicha, jamón y queso, envuelta en pan de sandwich, salsa holandesa",7000.0,4.96,1410.0
2026-03-22,Sandwiches Calientes,"Burgeois: jamón, queso, salsa holandesa",10500.0,7.45,1410.0
2026-03-22,Sandwiches Calientes,Calamares Graten,16000.0,11.35,1410.0
2026-03-22,Sandwiches Calientes,Mejillones Graten,16000.0,11.35,1410.0
2026-03-22,Sandwiches Calientes,"Lucía: queso, champignon, salsa holandesa",12000.0,8.51,1410.0
2026-03-22,Sandwiches Calientes,"Vegeta: queso, morrones, cebolla, salsa holandesa$12000",12000.0,8.51,1410.0
2026-03-22,Sandwiches Calientes,"Andrés: pechuga de pavita, choclo, salsa portuguesa",10500.0,7.45,1410.0
2026-03-22,Sandwiches Calientes,"Lomo: lomo, salsa holandesa",12000.0,8.51,1410.0
2026-03-22,Sandwiches Calientes,"Pedrito: lomo, queso gratinado, salsa holandesa",12500.0,8.87,1410.0
2026-03-22,Sandwiches Calientes,"Jorge I: lomo, pimientos morrones, salsa holandesa",12500.0,8.87,1410.0
2026-03-22,Sandwiches Calientes,"Hamburger: lomo, cebolla frita, salsa holandesa",12500.0,8.87,1410.0
2026-03-22,Sandwiches Calientes,"Galli: lomo, jamón, queso, salsa holandesa",13000.0,9.22,1410.0
2026-03-22,Sandwiches Calientes,"Lomo Champignon: lomo, champignones, salsa holandesa",13000.0,9.22,1410.0
2026-03-22,Sandwiches Calientes,"Duende: lomo, jamón, tomate, salsa holandesa",13000.0,9.22,1410.0
2026-03-22,Sandwiches Calientes,Lomo 1/2 Caballo,12500.0,8.87,1410.0
2026-03-22,Sandwiches Calientes,"Hamenech: huevo, jamón, salsa holandesa",10500.0,7.45,1410.0
2026-03-22,Sandwiches Calientes,"Fangio: huevo, jamón, cebolla, salsa holandesa",12000.0,8.51,1410.0
2026-03-22,Sandwiches Calientes,"Barton: jamón, queso, cebolla saltada, salsa holandesa",12000.0,8.51,1410.0
2026-03-22,Sandwiches Calientes,"Carlitos: jamón, queso, salsa portuguesa",12000.0,8.51,1410.0
2026-03-22,Sandwiches Calientes,"Jamón Glasé Confitado: jamón, queso gratinado, salsa portuguesa, dulce, pan sandwich",10500.0,7.45,1410.0
2026-03-22,Sandwiches Calientes,"Roselli: pavita picada, jamón, queso, pebete",12000.0,8.51,1410.0
2026-03-22,Triples Especiales,12 unidades,25000.0,17.73,1410.0
2026-03-22,Triples Especiales,24 unidades,46000.0,32.62,1410.0
2026-03-22,Triples Especiales,48 unidades,80000.0,56.74,1410.0
2026-03-22,Triples Especiales,96 unidades,138000.0,97.87,1410.0
2026-03-23,Sandwiches Calientes,"Menditeguy: pechuga de pavita, queso gratinado, salsa holandesa",12000.0,8.51,1410.0
2026-03-23,Sandwiches Calientes,"Enz: pechuga de pavita, tomate, salsa holandesa",12000.0,8.51,1410.0
2026-03-23,Sandwiches Calientes,"Goñi: pechuga de pavita, queso gratinado, lechuga, salsa holandesa",12000.0,8.51,1410.0
2026-03-23,Sandwiches Calientes,"Roncal: pechuga de pavita, queso gratinado, jamón, salsa holandesa",12500.0,8.87,1410.0
2026-03-23,Sandwiches Calientes,"Pavita Graten: pechuga, queso gratinado, salsa portuguesa, pan sandwich",10500.0,7.45,1410.0
2026-03-23,Sandwiches Calientes,"Suprema de Pavita: pechuga de pavita, choclo, salsa portuguesa, rebosado en pan rallado",12000.0,8.51,1410.0
2026-03-23,Sandwiches Calientes,"Hot - Dog: salchicha, salsa holandesa, pebete",6300.0,4.47,1410.0
2026-03-23,Sandwiches Calientes,"Hot - Dog Graten: salchicha, queso gratinado, salsa holandesa",6500.0,4.61,1410.0
2026-03-23,Sandwiches Calientes,"Frankfurt: salchicha envuelta en pan de sandwich, salsa holandesa",6300.0,4.47,1410.0
2026-03-23,Sandwiches Calientes,Frankfurt Graten,6500.0,4.61,1410.0
2026-03-23,Sandwiches Calientes,"Oxford: salchicha, jamón y queso, envuelta en pan de sandwich, salsa holandesa",7000.0,4.96,1410.0
2026-03-23,Sandwiches Calientes,"Burgeois: jamón, queso, salsa holandesa",10500.0,7.45,1410.0
2026-03-23,Sandwiches Calientes,Calamares Graten,16000.0,11.35,1410.0
2026-03-23,Sandwiches Calientes,Mejillones Graten,16000.0,11.35,1410.0
2026-03-23,Sandwiches Calientes,"Lucía: queso, champignon, salsa holandesa",12000.0,8.51,1410.0
2026-03-23,Sandwiches Calientes,"Vegeta: queso, morrones, cebolla, salsa holandesa$12000",12000.0,8.51,1410.0
2026-03-23,Sandwiches Calientes,"Andrés: pechuga de pavita, choclo, salsa portuguesa",10500.0,7.45,1410.0
2026-03-23,Sandwiches Calientes,"Lomo: lomo, salsa holandesa",12000.0,8.51,1410.0
2026-03-23,Sandwiches Calientes,"Pedrito: lomo, queso gratinado, salsa holandesa",12500.0,8.87,1410.0
2026-03-23,Sandwiches Calientes,"Jorge I: lomo, pimientos morrones, salsa holandesa",12500.0,8.87,1410.0
2026-03-23,Sandwiches Calientes,"Hamburger: lomo, cebolla frita, salsa holandesa",12500.0,8.87,1410.0
2026-03-23,Sandwiches Calientes,"Galli: lomo, jamón, queso, salsa holandesa",13000.0,9.22,1410.0
2026-03-23,Sandwiches Calientes,"Lomo Champignon: lomo, champignones, salsa holandesa",13000.0,9.22,1410.0
2026-03-23,Sandwiches Calientes,"Duende: lomo, jamón, tomate, salsa holandesa",13000.0,9.22,1410.0
2026-03-23,Sandwiches Calientes,Lomo 1/2 Caballo,12500.0,8.87,1410.0
2026-03-23,Sandwiches Calientes,"Hamenech: huevo, jamón, salsa holandesa",10500.0,7.45,1410.0
2026-03-23,Sandwiches Calientes,"Fangio: huevo, jamón, cebolla, salsa holandesa",12000.0,8.51,1410.0
2026-03-23,Sandwiches Calientes,"Barton: jamón, queso, cebolla saltada, salsa holandesa",12000.0,8.51,1410.0
2026-03-23,Sandwiches Calientes,"Carlitos: jamón, queso, salsa portuguesa",12000.0,8.51,1410.0
2026-03-23,Sandwiches Calientes,"Jamón Glasé Confitado: jamón, queso gratinado, salsa portuguesa, dulce, pan sandwich",10500.0,7.45,1410.0
2026-03-23,Sandwiches Calientes,"Roselli: pavita picada, jamón, queso, pebete",12000.0,8.51,1410.0
2026-03-23,Triples Especiales,12 unidades,25000.0,17.73,1410.0
2026-03-23,Triples Especiales,24 unidades,46000.0,32.62,1410.0
2026-03-23,Triples Especiales,48 unidades,80000.0,56.74,1410.0
2026-03-23,Triples Especiales,96 unidades,138000.0,97.87,1410.0
2026-03-24,Sandwiches Calientes,"Menditeguy: pechuga de pavita, queso gratinado, salsa holandesa",12000.0,8.51,1410.0
2026-03-24,Sandwiches Calientes,"Enz: pechuga de pavita, tomate, salsa holandesa",12000.0,8.51,1410.0
2026-03-24,Sandwiches Calientes,"Goñi: pechuga de pavita, queso gratinado, lechuga, salsa holandesa",12000.0,8.51,1410.0
2026-03-24,Sandwiches Calientes,"Roncal: pechuga de pavita, queso gratinado, jamón, salsa holandesa",12500.0,8.87,1410.0
2026-03-24,Sandwiches Calientes,"Pavita Graten: pechuga, queso gratinado, salsa portuguesa, pan sandwich",10500.0,7.45,1410.0
2026-03-24,Sandwiches Calientes,"Suprema de Pavita: pechuga de pavita, choclo, salsa portuguesa, rebosado en pan rallado",12000.0,8.51,1410.0
2026-03-24,Sandwiches Calientes,"Hot - Dog: salchicha, salsa holandesa, pebete",6300.0,4.47,1410.0
2026-03-24,Sandwiches Calientes,"Hot - Dog Graten: salchicha, queso gratinado, salsa holandesa",6500.0,4.61,1410.0
2026-03-24,Sandwiches Calientes,"Frankfurt: salchicha envuelta en pan de sandwich, salsa holandesa",6300.0,4.47,1410.0
2026-03-24,Sandwiches Calientes,Frankfurt Graten,6500.0,4.61,1410.0
2026-03-24,Sandwiches Calientes,"Oxford: salchicha, jamón y queso, envuelta en pan de sandwich, salsa holandesa",7000.0,4.96,1410.0
2026-03-24,Sandwiches Calientes,"Burgeois: jamón, queso, salsa holandesa",10500.0,7.45,1410.0
2026-03-24,Sandwiches Calientes,Calamares Graten,16000.0,11.35,1410.0
2026-03-24,Sandwiches Calientes,Mejillones Graten,16000.0,11.35,1410.0
2026-03-24,Sandwiches Calientes,"Lucía: queso, champignon, salsa holandesa",12000.0,8.51,1410.0
2026-03-24,Sandwiches Calientes,"Vegeta: queso, morrones, cebolla, salsa holandesa$12000",12000.0,8.51,1410.0
2026-03-24,Sandwiches Calientes,"Andrés: pechuga de pavita, choclo, salsa portuguesa",10500.0,7.45,1410.0
2026-03-24,Sandwiches Calientes,"Lomo: lomo, salsa holandesa",12000.0,8.51,1410.0
2026-03-24,Sandwiches Calientes,"Pedrito: lomo, queso gratinado, salsa holandesa",12500.0,8.87,1410.0
2026-03-24,Sandwiches Calientes,"Jorge I: lomo, pimientos morrones, salsa holandesa",12500.0,8.87,1410.0
2026-03-24,Sandwiches Calientes,"Hamburger: lomo, cebolla frita, salsa holandesa",12500.0,8.87,1410.0
2026-03-24,Sandwiches Calientes,"Galli: lomo, jamón, queso, salsa holandesa",13000.0,9.22,1410.0
2026-03-24,Sandwiches Calientes,"Lomo Champignon: lomo, champignones, salsa holandesa",13000.0,9.22,1410.0
2026-03-24,Sandwiches Calientes,"Duende: lomo, jamón, tomate, salsa holandesa",13000.0,9.22,1410.0
2026-03-24,Sandwiches Calientes,Lomo 1/2 Caballo,12500.0,8.87,1410.0
2026-03-24,Sandwiches Calientes,"Hamenech: huevo, jamón, salsa holandesa",10500.0,7.45,1410.0
2026-03-24,Sandwiches Calientes,"Fangio: huevo, jamón, cebolla, salsa holandesa",12000.0,8.51,1410.0
2026-03-24,Sandwiches Calientes,"Barton: jamón, queso, cebolla saltada, salsa holandesa",12000.0,8.51,1410.0
2026-03-24,Sandwiches Calientes,"Carlitos: jamón, queso, salsa portuguesa",12000.0,8.51,1410.0
2026-03-24,Sandwiches Calientes,"Jamón Glasé Confitado: jamón, queso gratinado, salsa portuguesa, dulce, pan sandwich",10500.0,7.45,1410.0
2026-03-24,Sandwiches Calientes,"Roselli: pavita picada, jamón, queso, pebete",12000.0,8.51,1410.0
2026-03-24,Triples Especiales,12 unidades,25000.0,17.73,1410.0
2026-03-24,Triples Especiales,24 unidades,46000.0,32.62,1410.0
2026-03-24,Triples Especiales,48 unidades,80000.0,56.74,1410.0
2026-03-24,Triples Especiales,96 unidades,138000.0,97.87,1410.0
2026-03-25,Sandwiches Calientes,"Menditeguy: pechuga de pavita, queso gratinado, salsa holandesa",12000.0,8.54,1405.0
2026-03-25,Sandwiches Calientes,"Enz: pechuga de pavita, tomate, salsa holandesa",12000.0,8.54,1405.0
2026-03-25,Sandwiches Calientes,"Goñi: pechuga de pavita, queso gratinado, lechuga, salsa holandesa",12000.0,8.54,1405.0
2026-03-25,Sandwiches Calientes,"Roncal: pechuga de pavita, queso gratinado, jamón, salsa holandesa",12500.0,8.9,1405.0
2026-03-25,Sandwiches Calientes,"Pavita Graten: pechuga, queso gratinado, salsa portuguesa, pan sandwich",10500.0,7.47,1405.0
2026-03-25,Sandwiches Calientes,"Suprema de Pavita: pechuga de pavita, choclo, salsa portuguesa, rebosado en pan rallado",12000.0,8.54,1405.0
2026-03-25,Sandwiches Calientes,"Hot - Dog: salchicha, salsa holandesa, pebete",6300.0,4.48,1405.0
2026-03-25,Sandwiches Calientes,"Hot - Dog Graten: salchicha, queso gratinado, salsa holandesa",6500.0,4.63,1405.0
2026-03-25,Sandwiches Calientes,"Frankfurt: salchicha envuelta en pan de sandwich, salsa holandesa",6300.0,4.48,1405.0
2026-03-25,Sandwiches Calientes,Frankfurt Graten,6500.0,4.63,1405.0
2026-03-25,Sandwiches Calientes,"Oxford: salchicha, jamón y queso, envuelta en pan de sandwich, salsa holandesa",7000.0,4.98,1405.0
2026-03-25,Sandwiches Calientes,"Burgeois: jamón, queso, salsa holandesa",10500.0,7.47,1405.0
2026-03-25,Sandwiches Calientes,Calamares Graten,16000.0,11.39,1405.0
2026-03-25,Sandwiches Calientes,Mejillones Graten,16000.0,11.39,1405.0
2026-03-25,Sandwiches Calientes,"Lucía: queso, champignon, salsa holandesa",12000.0,8.54,1405.0
2026-03-25,Sandwiches Calientes,"Vegeta: queso, morrones, cebolla, salsa holandesa$12000",12000.0,8.54,1405.0
2026-03-25,Sandwiches Calientes,"Andrés: pechuga de pavita, choclo, salsa portuguesa",10500.0,7.47,1405.0
2026-03-25,Sandwiches Calientes,"Lomo: lomo, salsa holandesa",12000.0,8.54,1405.0
2026-03-25,Sandwiches Calientes,"Pedrito: lomo, queso gratinado, salsa holandesa",12500.0,8.9,1405.0
2026-03-25,Sandwiches Calientes,"Jorge I: lomo, pimientos morrones, salsa holandesa",12500.0,8.9,1405.0
2026-03-25,Sandwiches Calientes,"Hamburger: lomo, cebolla frita, salsa holandesa",12500.0,8.9,1405.0
2026-03-25,Sandwiches Calientes,"Galli: lomo, jamón, queso, salsa holandesa",13000.0,9.25,1405.0
2026-03-25,Sandwiches Calientes,"Lomo Champignon: lomo, champignones, salsa holandesa",13000.0,9.25,1405.0
2026-03-25,Sandwiches Calientes,"Duende: lomo, jamón, tomate, salsa holandesa",13000.0,9.25,1405.0
2026-03-25,Sandwiches Calientes,Lomo 1/2 Caballo,12500.0,8.9,1405.0
2026-03-25,Sandwiches Calientes,"Hamenech: huevo, jamón, salsa holandesa",10500.0,7.47,1405.0
2026-03-25,Sandwiches Calientes,"Fangio: huevo, jamón, cebolla, salsa holandesa",12000.0,8.54,1405.0
2026-03-25,Sandwiches Calientes,"Barton: jamón, queso, cebolla saltada, salsa holandesa",12000.0,8.54,1405.0
2026-03-25,Sandwiches Calientes,"Carlitos: jamón, queso, salsa portuguesa",12000.0,8.54,1405.0
2026-03-25,Sandwiches Calientes,"Jamón Glasé Confitado: jamón, queso gratinado, salsa portuguesa, dulce, pan sandwich",10500.0,7.47,1405.0
2026-03-25,Sandwiches Calientes,"Roselli: pavita picada, jamón, queso, pebete",12000.0,8.54,1405.0
2026-03-25,Triples Especiales,12 unidades,25000.0,17.79,1405.0
2026-03-25,Triples Especiales,24 unidades,46000.0,32.74,1405.0
2026-03-25,Triples Especiales,48 unidades,80000.0,56.94,1405.0
2026-03-25,Triples Especiales,96 unidades,138000.0,98.22,1405.0
2026-03-26,Sandwiches Calientes,"Menditeguy: pechuga de pavita, queso gratinado, salsa holandesa",12000.0,8.6,1395.0
2026-03-26,Sandwiches Calientes,"Enz: pechuga de pavita, tomate, salsa holandesa",12000.0,8.6,1395.0
2026-03-26,Sandwiches Calientes,"Goñi: pechuga de pavita, queso gratinado, lechuga, salsa holandesa",12000.0,8.6,1395.0
2026-03-26,Sandwiches Calientes,"Roncal: pechuga de pavita, queso gratinado, jamón, salsa holandesa",12500.0,8.96,1395.0
2026-03-26,Sandwiches Calientes,"Pavita Graten: pechuga, queso gratinado, salsa portuguesa, pan sandwich",10500.0,7.53,1395.0
2026-03-26,Sandwiches Calientes,"Suprema de Pavita: pechuga de pavita, choclo, salsa portuguesa, rebosado en pan rallado",12000.0,8.6,1395.0
2026-03-26,Sandwiches Calientes,"Hot - Dog: salchicha, salsa holandesa, pebete",6300.0,4.52,1395.0
2026-03-26,Sandwiches Calientes,"Hot - Dog Graten: salchicha, queso gratinado, salsa holandesa",6500.0,4.66,1395.0
2026-03-26,Sandwiches Calientes,"Frankfurt: salchicha envuelta en pan de sandwich, salsa holandesa",6300.0,4.52,1395.0
2026-03-26,Sandwiches Calientes,Frankfurt Graten,6500.0,4.66,1395.0
2026-03-26,Sandwiches Calientes,"Oxford: salchicha, jamón y queso, envuelta en pan de sandwich, salsa holandesa",7000.0,5.02,1395.0
2026-03-26,Sandwiches Calientes,"Burgeois: jamón, queso, salsa holandesa",10500.0,7.53,1395.0
2026-03-26,Sandwiches Calientes,Calamares Graten,16000.0,11.47,1395.0
2026-03-26,Sandwiches Calientes,Mejillones Graten,16000.0,11.47,1395.0
2026-03-26,Sandwiches Calientes,"Lucía: queso, champignon, salsa holandesa",12000.0,8.6,1395.0
2026-03-26,Sandwiches Calientes,"Vegeta: queso, morrones, cebolla, salsa holandesa$12000",12000.0,8.6,1395.0
2026-03-26,Sandwiches Calientes,"Andrés: pechuga de pavita, choclo, salsa portuguesa",10500.0,7.53,1395.0
2026-03-26,Sandwiches Calientes,"Lomo: lomo, salsa holandesa",12000.0,8.6,1395.0
2026-03-26,Sandwiches Calientes,"Pedrito: lomo, queso gratinado, salsa holandesa",12500.0,8.96,1395.0
2026-03-26,Sandwiches Calientes,"Jorge I: lomo, pimientos morrones, salsa holandesa",12500.0,8.96,1395.0
2026-03-26,Sandwiches Calientes,"Hamburger: lomo, cebolla frita, salsa holandesa",12500.0,8.96,1395.0
2026-03-26,Sandwiches Calientes,"Galli: lomo, jamón, queso, salsa holandesa",13000.0,9.32,1395.0
2026-03-26,Sandwiches Calientes,"Lomo Champignon: lomo, champignones, salsa holandesa",13000.0,9.32,1395.0
2026-03-26,Sandwiches Calientes,"Duende: lomo, jamón, tomate, salsa holandesa",13000.0,9.32,1395.0
2026-03-26,Sandwiches Calientes,Lomo 1/2 Caballo,12500.0,8.96,1395.0
2026-03-26,Sandwiches Calientes,"Hamenech: huevo, jamón, salsa holandesa",10500.0,7.53,1395.0
2026-03-26,Sandwiches Calientes,"Fangio: huevo, jamón, cebolla, salsa holandesa",12000.0,8.6,1395.0
2026-03-26,Sandwiches Calientes,"Barton: jamón, queso, cebolla saltada, salsa holandesa",12000.0,8.6,1395.0
2026-03-26,Sandwiches Calientes,"Carlitos: jamón, queso, salsa portuguesa",12000.0,8.6,1395.0
2026-03-26,Sandwiches Calientes,"Jamón Glasé Confitado: jamón, queso gratinado, salsa portuguesa, dulce, pan sandwich",10500.0,7.53,1395.0
2026-03-26,Sandwiches Calientes,"Roselli: pavita picada, jamón, queso, pebete",12000.0,8.6,1395.0
2026-03-26,Triples Especiales,12 unidades,25000.0,17.92,1395.0
2026-03-26,Triples Especiales,24 unidades,46000.0,32.97,1395.0
2026-03-26,Triples Especiales,48 unidades,80000.0,57.35,1395.0
2026-03-26,Triples Especiales,96 unidades,138000.0,98.92,1395.0
2026-03-27,Sandwiches Calientes,"Menditeguy: pechuga de pavita, queso gratinado, salsa holandesa",12000.0,8.63,1390.0
2026-03-27,Sandwiches Calientes,"Enz: pechuga de pavita, tomate, salsa holandesa",12000.0,8.63,1390.0
2026-03-27,Sandwiches Calientes,"Goñi: pechuga de pavita, queso gratinado, lechuga, salsa holandesa",12000.0,8.63,1390.0
2026-03-27,Sandwiches Calientes,"Roncal: pechuga de pavita, queso gratinado, jamón, salsa holandesa",12500.0,8.99,1390.0
2026-03-27,Sandwiches Calientes,"Pavita Graten: pechuga, queso gratinado, salsa portuguesa, pan sandwich",10500.0,7.55,1390.0
2026-03-27,Sandwiches Calientes,"Suprema de Pavita: pechuga de pavita, choclo, salsa portuguesa, rebosado en pan rallado",12000.0,8.63,1390.0
2026-03-27,Sandwiches Calientes,"Hot - Dog: salchicha, salsa holandesa, pebete",6300.0,4.53,1390.0
2026-03-27,Sandwiches Calientes,"Hot - Dog Graten: salchicha, queso gratinado, salsa holandesa",6500.0,4.68,1390.0
2026-03-27,Sandwiches Calientes,"Frankfurt: salchicha envuelta en pan de sandwich, salsa holandesa",6300.0,4.53,1390.0
2026-03-27,Sandwiches Calientes,Frankfurt Graten,6500.0,4.68,1390.0
2026-03-27,Sandwiches Calientes,"Oxford: salchicha, jamón y queso, envuelta en pan de sandwich, salsa holandesa",7000.0,5.04,1390.0
2026-03-27,Sandwiches Calientes,"Burgeois: jamón, queso, salsa holandesa",10500.0,7.55,1390.0
2026-03-27,Sandwiches Calientes,Calamares Graten,16000.0,11.51,1390.0
2026-03-27,Sandwiches Calientes,Mejillones Graten,16000.0,11.51,1390.0
2026-03-27,Sandwiches Calientes,"Lucía: queso, champignon, salsa holandesa",12000.0,8.63,1390.0
2026-03-27,Sandwiches Calientes,"Vegeta: queso, morrones, cebolla, salsa holandesa$12000",12000.0,8.63,1390.0
2026-03-27,Sandwiches Calientes,"Andrés: pechuga de pavita, choclo, salsa portuguesa",10500.0,7.55,1390.0
2026-03-27,Sandwiches Calientes,"Lomo: lomo, salsa holandesa",12000.0,8.63,1390.0
2026-03-27,Sandwiches Calientes,"Pedrito: lomo, queso gratinado, salsa holandesa",12500.0,8.99,1390.0
2026-03-27,Sandwiches Calientes,"Jorge I: lomo, pimientos morrones, salsa holandesa",12500.0,8.99,1390.0
2026-03-27,Sandwiches Calientes,"Hamburger: lomo, cebolla frita, salsa holandesa",12500.0,8.99,1390.0
2026-03-27,Sandwiches Calientes,"Galli: lomo, jamón, queso, salsa holandesa",13000.0,9.35,1390.0
2026-03-27,Sandwiches Calientes,"Lomo Champignon: lomo, champignones, salsa holandesa",13000.0,9.35,1390.0
2026-03-27,Sandwiches Calientes,"Duende: lomo, jamón, tomate, salsa holandesa",13000.0,9.35,1390.0
2026-03-27,Sandwiches Calientes,Lomo 1/2 Caballo,12500.0,8.99,1390.0
2026-03-27,Sandwiches Calientes,"Hamenech: huevo, jamón, salsa holandesa",10500.0,7.55,1390.0
2026-03-27,Sandwiches Calientes,"Fangio: huevo, jamón, cebolla, salsa holandesa",12000.0,8.63,1390.0
2026-03-27,Sandwiches Calientes,"Barton: jamón, queso, cebolla saltada, salsa holandesa",12000.0,8.63,1390.0
2026-03-27,Sandwiches Calientes,"Carlitos: jamón, queso, salsa portuguesa",12000.0,8.63,1390.0
2026-03-27,Sandwiches Calientes,"Jamón Glasé Confitado: jamón, queso gratinado, salsa portuguesa, dulce, pan sandwich",10500.0,7.55,1390.0
2026-03-27,Sandwiches Calientes,"Roselli: pavita picada, jamón, queso, pebete",12000.0,8.63,1390.0
2026-03-27,Triples Especiales,12 unidades,25000.0,17.99,1390.0
2026-03-27,Triples Especiales,24 unidades,46000.0,33.09,1390.0
2026-03-27,Triples Especiales,48 unidades,80000.0,57.55,1390.0
2026-03-27,Triples Especiales,96 unidades,138000.0,99.28,1390.0
2026-03-28,Sandwiches Calientes,"Menditeguy: pechuga de pavita, queso gratinado, salsa holandesa",12000.0,8.54,1405.0
2026-03-28,Sandwiches Calientes,"Enz: pechuga de pavita, tomate, salsa holandesa",12000.0,8.54,1405.0
2026-03-28,Sandwiches Calientes,"Goñi: pechuga de pavita, queso gratinado, lechuga, salsa holandesa",12000.0,8.54,1405.0
2026-03-28,Sandwiches Calientes,"Roncal: pechuga de pavita, queso gratinado, jamón, salsa holandesa",12500.0,8.9,1405.0
2026-03-28,Sandwiches Calientes,"Pavita Graten: pechuga, queso gratinado, salsa portuguesa, pan sandwich",10500.0,7.47,1405.0
2026-03-28,Sandwiches Calientes,"Suprema de Pavita: pechuga de pavita, choclo, salsa portuguesa, rebosado en pan rallado",12000.0,8.54,1405.0
2026-03-28,Sandwiches Calientes,"Hot - Dog: salchicha, salsa holandesa, pebete",6300.0,4.48,1405.0
2026-03-28,Sandwiches Calientes,"Hot - Dog Graten: salchicha, queso gratinado, salsa holandesa",6500.0,4.63,1405.0
2026-03-28,Sandwiches Calientes,"Frankfurt: salchicha envuelta en pan de sandwich, salsa holandesa",6300.0,4.48,1405.0
2026-03-28,Sandwiches Calientes,Frankfurt Graten,6500.0,4.63,1405.0
2026-03-28,Sandwiches Calientes,"Oxford: salchicha, jamón y queso, envuelta en pan de sandwich, salsa holandesa",7000.0,4.98,1405.0
2026-03-28,Sandwiches Calientes,"Burgeois: jamón, queso, salsa holandesa",10500.0,7.47,1405.0
2026-03-28,Sandwiches Calientes,Calamares Graten,16000.0,11.39,1405.0
2026-03-28,Sandwiches Calientes,Mejillones Graten,16000.0,11.39,1405.0
2026-03-28,Sandwiches Calientes,"Lucía: queso, champignon, salsa holandesa",12000.0,8.54,1405.0
2026-03-28,Sandwiches Calientes,"Vegeta: queso, morrones, cebolla, salsa holandesa$12000",12000.0,8.54,1405.0
2026-03-28,Sandwiches Calientes,"Andrés: pechuga de pavita, choclo, salsa portuguesa",10500.0,7.47,1405.0
2026-03-28,Sandwiches Calientes,"Lomo: lomo, salsa holandesa",12000.0,8.54,1405.0
2026-03-28,Sandwiches Calientes,"Pedrito: lomo, queso gratinado, salsa holandesa",12500.0,8.9,1405.0
2026-03-28,Sandwiches Calientes,"Jorge I: lomo, pimientos morrones, salsa holandesa",12500.0,8.9,1405.0
2026-03-28,Sandwiches Calientes,"Hamburger: lomo, cebolla frita, salsa holandesa",12500.0,8.9,1405.0
2026-03-28,Sandwiches Calientes,"Galli: lomo, jamón, queso, salsa holandesa",13000.0,9.25,1405.0
2026-03-28,Sandwiches Calientes,"Lomo Champignon: lomo, champignones, salsa holandesa",13000.0,9.25,1405.0
2026-03-28,Sandwiches Calientes,"Duende: lomo, jamón, tomate, salsa holandesa",13000.0,9.25,1405.0
2026-03-28,Sandwiches Calientes,Lomo 1/2 Caballo,12500.0,8.9,1405.0
2026-03-28,Sandwiches Calientes,"Hamenech: huevo, jamón, salsa holandesa",10500.0,7.47,1405.0
2026-03-28,Sandwiches Calientes,"Fangio: huevo, jamón, cebolla, salsa holandesa",12000.0,8.54,1405.0
2026-03-28,Sandwiches Calientes,"Barton: jamón, queso, cebolla saltada, salsa holandesa",12000.0,8.54,1405.0
2026-03-28,Sandwiches Calientes,"Carlitos: jamón, queso, salsa portuguesa",12000.0,8.54,1405.0
2026-03-28,Sandwiches Calientes,"Jamón Glasé Confitado: jamón, queso gratinado, salsa portuguesa, dulce, pan sandwich",10500.0,7.47,1405.0
2026-03-28,Sandwiches Calientes,"Roselli: pavita picada, jamón, queso, pebete",12000.0,8.54,1405.0
2026-03-28,Triples Especiales,12 unidades,25000.0,17.79,1405.0
2026-03-28,Triples Especiales,24 unidades,46000.0,32.74,1405.0
2026-03-28,Triples Especiales,48 unidades,80000.0,56.94,1405.0
2026-03-28,Triples Especiales,96 unidades,138000.0,98.22,1405.0
2026-03-29,Sandwiches Calientes,"Menditeguy: pechuga de pavita, queso gratinado, salsa holandesa",12000.0,8.54,1405.0
2026-03-29,Sandwiches Calientes,"Enz: pechuga de pavita, tomate, salsa holandesa",12000.0,8.54,1405.0
2026-03-29,Sandwiches Calientes,"Goñi: pechuga de pavita, queso gratinado, lechuga, salsa holandesa",12000.0,8.54,1405.0
2026-03-29,Sandwiches Calientes,"Roncal: pechuga de pavita, queso gratinado, jamón, salsa holandesa",12500.0,8.9,1405.0
2026-03-29,Sandwiches Calientes,"Pavita Graten: pechuga, queso gratinado, salsa portuguesa, pan sandwich",10500.0,7.47,1405.0
2026-03-29,Sandwiches Calientes,"Suprema de Pavita: pechuga de pavita, choclo, salsa portuguesa, rebosado en pan rallado",12000.0,8.54,1405.0
2026-03-29,Sandwiches Calientes,"Hot - Dog: salchicha, salsa holandesa, pebete",6300.0,4.48,1405.0
2026-03-29,Sandwiches Calientes,"Hot - Dog Graten: salchicha, queso gratinado, salsa holandesa",6500.0,4.63,1405.0
2026-03-29,Sandwiches Calientes,"Frankfurt: salchicha envuelta en pan de sandwich, salsa holandesa",6300.0,4.48,1405.0
2026-03-29,Sandwiches Calientes,Frankfurt Graten,6500.0,4.63,1405.0
2026-03-29,Sandwiches Calientes,"Oxford: salchicha, jamón y queso, envuelta en pan de sandwich, salsa holandesa",7000.0,4.98,1405.0
2026-03-29,Sandwiches Calientes,"Burgeois: jamón, queso, salsa holandesa",10500.0,7.47,1405.0
2026-03-29,Sandwiches Calientes,Calamares Graten,16000.0,11.39,1405.0
2026-03-29,Sandwiches Calientes,Mejillones Graten,16000.0,11.39,1405.0
2026-03-29,Sandwiches Calientes,"Lucía: queso, champignon, salsa holandesa",12000.0,8.54,1405.0
2026-03-29,Sandwiches Calientes,"Vegeta: queso, morrones, cebolla, salsa holandesa$12000",12000.0,8.54,1405.0
2026-03-29,Sandwiches Calientes,"Andrés: pechuga de pavita, choclo, salsa portuguesa",10500.0,7.47,1405.0
2026-03-29,Sandwiches Calientes,"Lomo: lomo, salsa holandesa",12000.0,8.54,1405.0
2026-03-29,Sandwiches Calientes,"Pedrito: lomo, queso gratinado, salsa holandesa",12500.0,8.9,1405.0
2026-03-29,Sandwiches Calientes,"Jorge I: lomo, pimientos morrones, salsa holandesa",12500.0,8.9,1405.0
2026-03-29,Sandwiches Calientes,"Hamburger: lomo, cebolla frita, salsa holandesa",12500.0,8.9,1405.0
2026-03-29,Sandwiches Calientes,"Galli: lomo, jamón, queso, salsa holandesa",13000.0,9.25,1405.0
2026-03-29,Sandwiches Calientes,"Lomo Champignon: lomo, champignones, salsa holandesa",13000.0,9.25,1405.0
2026-03-29,Sandwiches Calientes,"Duende: lomo, jamón, tomate, salsa holandesa",13000.0,9.25,1405.0
2026-03-29,Sandwiches Calientes,Lomo 1/2 Caballo,12500.0,8.9,1405.0
2026-03-29,Sandwiches Calientes,"Hamenech: huevo, jamón, salsa holandesa",10500.0,7.47,1405.0
2026-03-29,Sandwiches Calientes,"Fangio: huevo, jamón, cebolla, salsa holandesa",12000.0,8.54,1405.0
2026-03-29,Sandwiches Calientes,"Barton: jamón, queso, cebolla saltada, salsa holandesa",12000.0,8.54,1405.0
2026-03-29,Sandwiches Calientes,"Carlitos: jamón, queso, salsa portuguesa",12000.0,8.54,1405.0
2026-03-29,Sandwiches Calientes,"Jamón Glasé Confitado: jamón, queso gratinado, salsa portuguesa, dulce, pan sandwich",10500.0,7.47,1405.0
2026-03-29,Sandwiches Calientes,"Roselli: pavita picada, jamón, queso, pebete",12000.0,8.54,1405.0
2026-03-29,Triples Especiales,12 unidades,25000.0,17.79,1405.0
2026-03-29,Triples Especiales,24 unidades,46000.0,32.74,1405.0
2026-03-29,Triples Especiales,48 unidades,80000.0,56.94,1405.0
2026-03-29,Triples Especiales,96 unidades,138000.0,98.22,1405.0
2026-03-30,Sandwiches Calientes,"Menditeguy: pechuga de pavita, queso gratinado, salsa holandesa",12000.0,8.48,1415.0
2026-03-30,Sandwiches Calientes,"Enz: pechuga de pavita, tomate, salsa holandesa",12000.0,8.48,1415.0
2026-03-30,Sandwiches Calientes,"Goñi: pechuga de pavita, queso gratinado, lechuga, salsa holandesa",12000.0,8.48,1415.0
2026-03-30,Sandwiches Calientes,"Roncal: pechuga de pavita, queso gratinado, jamón, salsa holandesa",12500.0,8.83,1415.0
2026-03-30,Sandwiches Calientes,"Pavita Graten: pechuga, queso gratinado, salsa portuguesa, pan sandwich",10500.0,7.42,1415.0
2026-03-30,Sandwiches Calientes,"Suprema de Pavita: pechuga de pavita, choclo, salsa portuguesa, rebosado en pan rallado",12000.0,8.48,1415.0
2026-03-30,Sandwiches Calientes,"Hot - Dog: salchicha, salsa holandesa, pebete",6300.0,4.45,1415.0
2026-03-30,Sandwiches Calientes,"Hot - Dog Graten: salchicha, queso gratinado, salsa holandesa",6500.0,4.59,1415.0
2026-03-30,Sandwiches Calientes,"Frankfurt: salchicha envuelta en pan de sandwich, salsa holandesa",6300.0,4.45,1415.0
2026-03-30,Sandwiches Calientes,Frankfurt Graten,6500.0,4.59,1415.0
2026-03-30,Sandwiches Calientes,"Oxford: salchicha, jamón y queso, envuelta en pan de sandwich, salsa holandesa",7000.0,4.95,1415.0
2026-03-30,Sandwiches Calientes,"Burgeois: jamón, queso, salsa holandesa",10500.0,7.42,1415.0
2026-03-30,Sandwiches Calientes,Calamares Graten,16000.0,11.31,1415.0
2026-03-30,Sandwiches Calientes,Mejillones Graten,16000.0,11.31,1415.0
2026-03-30,Sandwiches Calientes,"Lucía: queso, champignon, salsa holandesa",12000.0,8.48,1415.0
2026-03-30,Sandwiches Calientes,"Vegeta: queso, morrones, cebolla, salsa holandesa$12000",12000.0,8.48,1415.0
2026-03-30,Sandwiches Calientes,"Andrés: pechuga de pavita, choclo, salsa portuguesa",10500.0,7.42,1415.0
2026-03-30,Sandwiches Calientes,"Lomo: lomo, salsa holandesa",12000.0,8.48,1415.0
2026-03-30,Sandwiches Calientes,"Pedrito: lomo, queso gratinado, salsa holandesa",12500.0,8.83,1415.0
2026-03-30,Sandwiches Calientes,"Jorge I: lomo, pimientos morrones, salsa holandesa",12500.0,8.83,1415.0
2026-03-30,Sandwiches Calientes,"Hamburger: lomo, cebolla frita, salsa holandesa",12500.0,8.83,1415.0
2026-03-30,Sandwiches Calientes,"Galli: lomo, jamón, queso, salsa holandesa",13000.0,9.19,1415.0
2026-03-30,Sandwiches Calientes,"Lomo Champignon: lomo, champignones, salsa holandesa",13000.0,9.19,1415.0
2026-03-30,Sandwiches Calientes,"Duende: lomo, jamón, tomate, salsa holandesa",13000.0,9.19,1415.0
2026-03-30,Sandwiches Calientes,Lomo 1/2 Caballo,12500.0,8.83,1415.0
2026-03-30,Sandwiches Calientes,"Hamenech: huevo, jamón, salsa holandesa",10500.0,7.42,1415.0
2026-03-30,Sandwiches Calientes,"Fangio: huevo, jamón, cebolla, salsa holandesa",12000.0,8.48,1415.0
2026-03-30,Sandwiches Calientes,"Barton: jamón, queso, cebolla saltada, salsa holandesa",12000.0,8.48,1415.0
2026-03-30,Sandwiches Calientes,"Carlitos: jamón, queso, salsa portuguesa",12000.0,8.48,1415.0
2026-03-30,Sandwiches Calientes,"Jamón Glasé Confitado: jamón, queso gratinado, salsa portuguesa, dulce, pan sandwich",10500.0,7.42,1415.0
2026-03-30,Sandwiches Calientes,"Roselli: pavita picada, jamón, queso, pebete",12000.0,8.48,1415.0
2026-03-30,Triples Especiales,12 unidades,25000.0,17.67,1415.0
2026-03-30,Triples Especiales,24 unidades,46000.0,32.51,1415.0
2026-03-30,Triples Especiales,48 unidades,80000.0,56.54,1415.0
2026-03-30,Triples Especiales,96 unidades,138000.0,97.53,1415.0
2026-03-31,Sandwiches Calientes,"Menditeguy: pechuga de pavita, queso gratinado, salsa holandesa",12000.0,8.51,1410.0
2026-03-31,Sandwiches Calientes,"Enz: pechuga de pavita, tomate, salsa holandesa",12000.0,8.51,1410.0
2026-03-31,Sandwiches Calientes,"Goñi: pechuga de pavita, queso gratinado, lechuga, salsa holandesa",12000.0,8.51,1410.0
2026-03-31,Sandwiches Calientes,"Roncal: pechuga de pavita, queso gratinado, jamón, salsa holandesa",12500.0,8.87,1410.0
2026-03-31,Sandwiches Calientes,"Pavita Graten: pechuga, queso gratinado, salsa portuguesa, pan sandwich",10500.0,7.45,1410.0
2026-03-31,Sandwiches Calientes,"Suprema de Pavita: pechuga de pavita, choclo, salsa portuguesa, rebosado en pan rallado",12000.0,8.51,1410.0
2026-03-31,Sandwiches Calientes,"Hot - Dog: salchicha, salsa holandesa, pebete",6300.0,4.47,1410.0
2026-03-31,Sandwiches Calientes,"Hot - Dog Graten: salchicha, queso gratinado, salsa holandesa",6500.0,4.61,1410.0
2026-03-31,Sandwiches Calientes,"Frankfurt: salchicha envuelta en pan de sandwich, salsa holandesa",6300.0,4.47,1410.0
2026-03-31,Sandwiches Calientes,Frankfurt Graten,6500.0,4.61,1410.0
2026-03-31,Sandwiches Calientes,"Oxford: salchicha, jamón y queso, envuelta en pan de sandwich, salsa holandesa",7000.0,4.96,1410.0
2026-03-31,Sandwiches Calientes,"Burgeois: jamón, queso, salsa holandesa",10500.0,7.45,1410.0
2026-03-31,Sandwiches Calientes,Calamares Graten,16000.0,11.35,1410.0
2026-03-31,Sandwiches Calientes,Mejillones Graten,16000.0,11.35,1410.0
2026-03-31,Sandwiches Calientes,"Lucía: queso, champignon, salsa holandesa",12000.0,8.51,1410.0
2026-03-31,Sandwiches Calientes,"Vegeta: queso, morrones, cebolla, salsa holandesa$12000",12000.0,8.51,1410.0
2026-03-31,Sandwiches Calientes,"Andrés: pechuga de pavita, choclo, salsa portuguesa",10500.0,7.45,1410.0
2026-03-31,Sandwiches Calientes,"Lomo: lomo, salsa holandesa",12000.0,8.51,1410.0
2026-03-31,Sandwiches Calientes,"Pedrito: lomo, queso gratinado, salsa holandesa",12500.0,8.87,1410.0
2026-03-31,Sandwiches Calientes,"Jorge I: lomo, pimientos morrones, salsa holandesa",12500.0,8.87,1410.0
2026-03-31,Sandwiches Calientes,"Hamburger: lomo, cebolla frita, salsa holandesa",12500.0,8.87,1410.0
2026-03-31,Sandwiches Calientes,"Galli: lomo, jamón, queso, salsa holandesa",13000.0,9.22,1410.0
2026-03-31,Sandwiches Calientes,"Lomo Champignon: lomo, champignones, salsa holandesa",13000.0,9.22,1410.0
2026-03-31,Sandwiches Calientes,"Duende: lomo, jamón, tomate, salsa holandesa",13000.0,9.22,1410.0
2026-03-31,Sandwiches Calientes,Lomo 1/2 Caballo,12500.0,8.87,1410.0
2026-03-31,Sandwiches Calientes,"Hamenech: huevo, jamón, salsa holandesa",10500.0,7.45,1410.0
2026-03-31,Sandwiches Calientes,"Fangio: huevo, jamón, cebolla, salsa holandesa",12000.0,8.51,1410.0
2026-03-31,Sandwiches Calientes,"Barton: jamón, queso, cebolla saltada, salsa holandesa",12000.0,8.51,1410.0
2026-03-31,Sandwiches Calientes,"Carlitos: jamón, queso, salsa portuguesa",12000.0,8.51,1410.0
2026-03-31,Sandwiches Calientes,"Jamón Glasé Confitado: jamón, queso gratinado, salsa portuguesa, dulce, pan sandwich",10500.0,7.45,1410.0
2026-03-31,Sandwiches Calientes,"Roselli: pavita picada, jamón, queso, pebete",12000.0,8.51,1410.0
2026-03-31,Triples Especiales,12 unidades,25000.0,17.73,1410.0
2026-03-31,Triples Especiales,24 unidades,46000.0,32.62,1410.0
2026-03-31,Triples Especiales,48 unidades,80000.0,56.74,1410.0
2026-03-31,Triples Especiales,96 unidades,138000.0,97.87,1410.0
2026-04-02,Sandwiches Calientes,"Menditeguy: pechuga de pavita, queso gratinado, salsa holandesa",12500.0,8.83,1415.0
2026-04-02,Sandwiches Calientes,"Enz: pechuga de pavita, tomate, salsa holandesa",12500.0,8.83,1415.0
2026-04-02,Sandwiches Calientes,"Goñi: pechuga de pavita, queso gratinado, lechuga, salsa holandesa",12500.0,8.83,1415.0
2026-04-02,Sandwiches Calientes,"Roncal: pechuga de pavita, queso gratinado, jamón, salsa holandesa",13000.0,9.19,1415.0
2026-04-02,Sandwiches Calientes,"Pavita Graten: pechuga, queso gratinado, salsa portuguesa, pan sandwich",11000.0,7.77,1415.0
2026-04-02,Sandwiches Calientes,"Suprema de Pavita: pechuga de pavita, choclo, salsa portuguesa, rebosado en pan rallado",12500.0,8.83,1415.0
2026-04-02,Sandwiches Calientes,"Hot - Dog: salchicha, salsa holandesa, pebete",6500.0,4.59,1415.0
2026-04-02,Sandwiches Calientes,"Hot - Dog Graten: salchicha, queso gratinado, salsa holandesa",7000.0,4.95,1415.0
2026-04-02,Sandwiches Calientes,"Frankfurt: salchicha envuelta en pan de sandwich, salsa holandesa",6500.0,4.59,1415.0
2026-04-02,Sandwiches Calientes,Frankfurt Graten,7000.0,4.95,1415.0
2026-04-02,Sandwiches Calientes,"Oxford: salchicha, jamón y queso, envuelta en pan de sandwich, salsa holandesa",7500.0,5.3,1415.0
2026-04-02,Sandwiches Calientes,"Burgeois: jamón, queso, salsa holandesa",11000.0,7.77,1415.0
2026-04-02,Sandwiches Calientes,Calamares Graten,17000.0,12.01,1415.0
2026-04-02,Sandwiches Calientes,Mejillones Graten,17000.0,12.01,1415.0
2026-04-02,Sandwiches Calientes,"Lucía: queso, champignon, salsa holandesa",12600.0,8.9,1415.0
2026-04-02,Sandwiches Calientes,"Vegeta: queso, morrones, cebolla, salsa holandesa$12600",12600.0,8.9,1415.0
2026-04-02,Sandwiches Calientes,"Andrés: pechuga de pavita, choclo, salsa portuguesa",11000.0,7.77,1415.0
2026-04-02,Sandwiches Calientes,"Lomo: lomo, salsa holandesa",12500.0,8.83,1415.0
2026-04-02,Sandwiches Calientes,"Pedrito: lomo, queso gratinado, salsa holandesa",13000.0,9.19,1415.0
2026-04-02,Sandwiches Calientes,"Jorge I: lomo, pimientos morrones, salsa holandesa",13000.0,9.19,1415.0
2026-04-02,Sandwiches Calientes,"Hamburger: lomo, cebolla frita, salsa holandesa",13000.0,9.19,1415.0
2026-04-02,Sandwiches Calientes,"Galli: lomo, jamón, queso, salsa holandesa",13500.0,9.54,1415.0
2026-04-02,Sandwiches Calientes,"Lomo Champignon: lomo, champignones, salsa holandesa",13500.0,9.54,1415.0
2026-04-02,Sandwiches Calientes,"Duende: lomo, jamón, tomate, salsa holandesa",13500.0,9.54,1415.0
2026-04-02,Sandwiches Calientes,Lomo 1/2 Caballo,13000.0,9.19,1415.0
2026-04-02,Sandwiches Calientes,"Hamenech: huevo, jamón, salsa holandesa",11000.0,7.77,1415.0
2026-04-02,Sandwiches Calientes,"Fangio: huevo, jamón, cebolla, salsa holandesa",12500.0,8.83,1415.0
2026-04-02,Sandwiches Calientes,"Barton: jamón, queso, cebolla saltada, salsa holandesa",12500.0,8.83,1415.0
2026-04-02,Sandwiches Calientes,"Carlitos: jamón, queso, salsa portuguesa",12500.0,8.83,1415.0
2026-04-02,Sandwiches Calientes,"Jamón Glasé Confitado: jamón, queso gratinado, salsa portuguesa, dulce, pan sandwich",11000.0,7.77,1415.0
2026-04-02,Sandwiches Calientes,"Roselli: pavita picada, jamón, queso, pebete",12500.0,8.83,1415.0
2026-04-02,Triples Especiales,12 unidades,26000.0,18.37,1415.0
2026-04-02,Triples Especiales,24 unidades,48500.0,34.28,1415.0
2026-04-02,Triples Especiales,48 unidades,84000.0,59.36,1415.0
2026-04-02,Triples Especiales,96 unidades,145000.0,102.47,1415.0
2026-04-03,Sandwiches Calientes,"Menditeguy: pechuga de pavita, queso gratinado, salsa holandesa",12500.0,8.83,1415.0
2026-04-03,Sandwiches Calientes,"Enz: pechuga de pavita, tomate, salsa holandesa",12500.0,8.83,1415.0
2026-04-03,Sandwiches Calientes,"Goñi: pechuga de pavita, queso gratinado, lechuga, salsa holandesa",12500.0,8.83,1415.0
2026-04-03,Sandwiches Calientes,"Roncal: pechuga de pavita, queso gratinado, jamón, salsa holandesa",13000.0,9.19,1415.0
2026-04-03,Sandwiches Calientes,"Pavita Graten: pechuga, queso gratinado, salsa portuguesa, pan sandwich",11000.0,7.77,1415.0
2026-04-03,Sandwiches Calientes,"Suprema de Pavita: pechuga de pavita, choclo, salsa portuguesa, rebosado en pan rallado",12500.0,8.83,1415.0
2026-04-03,Sandwiches Calientes,"Hot - Dog: salchicha, salsa holandesa, pebete",6500.0,4.59,1415.0
2026-04-03,Sandwiches Calientes,"Hot - Dog Graten: salchicha, queso gratinado, salsa holandesa",7000.0,4.95,1415.0
2026-04-03,Sandwiches Calientes,"Frankfurt: salchicha envuelta en pan de sandwich, salsa holandesa",6500.0,4.59,1415.0
2026-04-03,Sandwiches Calientes,Frankfurt Graten,7000.0,4.95,1415.0
2026-04-03,Sandwiches Calientes,"Oxford: salchicha, jamón y queso, envuelta en pan de sandwich, salsa holandesa",7500.0,5.3,1415.0
2026-04-03,Sandwiches Calientes,"Burgeois: jamón, queso, salsa holandesa",11000.0,7.77,1415.0
2026-04-03,Sandwiches Calientes,Calamares Graten,17000.0,12.01,1415.0
2026-04-03,Sandwiches Calientes,Mejillones Graten,17000.0,12.01,1415.0
2026-04-03,Sandwiches Calientes,"Lucía: queso, champignon, salsa holandesa",12600.0,8.9,1415.0
2026-04-03,Sandwiches Calientes,"Vegeta: queso, morrones, cebolla, salsa holandesa$12600",12600.0,8.9,1415.0
2026-04-03,Sandwiches Calientes,"Andrés: pechuga de pavita, choclo, salsa portuguesa",11000.0,7.77,1415.0
2026-04-03,Sandwiches Calientes,"Lomo: lomo, salsa holandesa",12500.0,8.83,1415.0
2026-04-03,Sandwiches Calientes,"Pedrito: lomo, queso gratinado, salsa holandesa",13000.0,9.19,1415.0
2026-04-03,Sandwiches Calientes,"Jorge I: lomo, pimientos morrones, salsa holandesa",13000.0,9.19,1415.0
2026-04-03,Sandwiches Calientes,"Hamburger: lomo, cebolla frita, salsa holandesa",13000.0,9.19,1415.0
2026-04-03,Sandwiches Calientes,"Galli: lomo, jamón, queso, salsa holandesa",13500.0,9.54,1415.0
2026-04-03,Sandwiches Calientes,"Lomo Champignon: lomo, champignones, salsa holandesa",13500.0,9.54,1415.0
2026-04-03,Sandwiches Calientes,"Duende: lomo, jamón, tomate, salsa holandesa",13500.0,9.54,1415.0
2026-04-03,Sandwiches Calientes,Lomo 1/2 Caballo,13000.0,9.19,1415.0
2026-04-03,Sandwiches Calientes,"Hamenech: huevo, jamón, salsa holandesa",11000.0,7.77,1415.0
2026-04-03,Sandwiches Calientes,"Fangio: huevo, jamón, cebolla, salsa holandesa",12500.0,8.83,1415.0
2026-04-03,Sandwiches Calientes,"Barton: jamón, queso, cebolla saltada, salsa holandesa",12500.0,8.83,1415.0
2026-04-03,Sandwiches Calientes,"Carlitos: jamón, queso, salsa portuguesa",12500.0,8.83,1415.0
2026-04-03,Sandwiches Calientes,"Jamón Glasé Confitado: jamón, queso gratinado, salsa portuguesa, dulce, pan sandwich",11000.0,7.77,1415.0
2026-04-03,Sandwiches Calientes,"Roselli: pavita picada, jamón, queso, pebete",12500.0,8.83,1415.0
2026-04-03,Triples Especiales,12 unidades,26000.0,18.37,1415.0
2026-04-03,Triples Especiales,24 unidades,48500.0,34.28,1415.0
2026-04-03,Triples Especiales,48 unidades,84000.0,59.36,1415.0
2026-04-03,Triples Especiales,96 unidades,145000.0,102.47,1415.0
2026-04-04,Sandwiches Calientes,"Menditeguy: pechuga de pavita, queso gratinado, salsa holandesa",12500.0,8.83,1415.0
2026-04-04,Sandwiches Calientes,"Enz: pechuga de pavita, tomate, salsa holandesa",12500.0,8.83,1415.0
2026-04-04,Sandwiches Calientes,"Goñi: pechuga de pavita, queso gratinado, lechuga, salsa holandesa",12500.0,8.83,1415.0
2026-04-04,Sandwiches Calientes,"Roncal: pechuga de pavita, queso gratinado, jamón, salsa holandesa",13000.0,9.19,1415.0
2026-04-04,Sandwiches Calientes,"Pavita Graten: pechuga, queso gratinado, salsa portuguesa, pan sandwich",11000.0,7.77,1415.0
2026-04-04,Sandwiches Calientes,"Suprema de Pavita: pechuga de pavita, choclo, salsa portuguesa, rebosado en pan rallado",12500.0,8.83,1415.0
2026-04-04,Sandwiches Calientes,"Hot - Dog: salchicha, salsa holandesa, pebete",6500.0,4.59,1415.0
2026-04-04,Sandwiches Calientes,"Hot - Dog Graten: salchicha, queso gratinado, salsa holandesa",7000.0,4.95,1415.0
2026-04-04,Sandwiches Calientes,"Frankfurt: salchicha envuelta en pan de sandwich, salsa holandesa",6500.0,4.59,1415.0
2026-04-04,Sandwiches Calientes,Frankfurt Graten,7000.0,4.95,1415.0
2026-04-04,Sandwiches Calientes,"Oxford: salchicha, jamón y queso, envuelta en pan de sandwich, salsa holandesa",7500.0,5.3,1415.0
2026-04-04,Sandwiches Calientes,"Burgeois: jamón, queso, salsa holandesa",11000.0,7.77,1415.0
2026-04-04,Sandwiches Calientes,Calamares Graten,17000.0,12.01,1415.0
2026-04-04,Sandwiches Calientes,Mejillones Graten,17000.0,12.01,1415.0
2026-04-04,Sandwiches Calientes,"Lucía: queso, champignon, salsa holandesa",12600.0,8.9,1415.0
2026-04-04,Sandwiches Calientes,"Vegeta: queso, morrones, cebolla, salsa holandesa$12600",12600.0,8.9,1415.0
2026-04-04,Sandwiches Calientes,"Andrés: pechuga de pavita, choclo, salsa portuguesa",11000.0,7.77,1415.0
2026-04-04,Sandwiches Calientes,"Lomo: lomo, salsa holandesa",12500.0,8.83,1415.0
2026-04-04,Sandwiches Calientes,"Pedrito: lomo, queso gratinado, salsa holandesa",13000.0,9.19,1415.0
2026-04-04,Sandwiches Calientes,"Jorge I: lomo, pimientos morrones, salsa holandesa",13000.0,9.19,1415.0
2026-04-04,Sandwiches Calientes,"Hamburger: lomo, cebolla frita, salsa holandesa",13000.0,9.19,1415.0
2026-04-04,Sandwiches Calientes,"Galli: lomo, jamón, queso, salsa holandesa",13500.0,9.54,1415.0
2026-04-04,Sandwiches Calientes,"Lomo Champignon: lomo, champignones, salsa holandesa",13500.0,9.54,1415.0
2026-04-04,Sandwiches Calientes,"Duende: lomo, jamón, tomate, salsa holandesa",13500.0,9.54,1415.0
2026-04-04,Sandwiches Calientes,Lomo 1/2 Caballo,13000.0,9.19,1415.0
2026-04-04,Sandwiches Calientes,"Hamenech: huevo, jamón, salsa holandesa",11000.0,7.77,1415.0
2026-04-04,Sandwiches Calientes,"Fangio: huevo, jamón, cebolla, salsa holandesa",12500.0,8.83,1415.0
2026-04-04,Sandwiches Calientes,"Barton: jamón, queso, cebolla saltada, salsa holandesa",12500.0,8.83,1415.0
2026-04-04,Sandwiches Calientes,"Carlitos: jamón, queso, salsa portuguesa",12500.0,8.83,1415.0
2026-04-04,Sandwiches Calientes,"Jamón Glasé Confitado: jamón, queso gratinado, salsa portuguesa, dulce, pan sandwich",11000.0,7.77,1415.0
2026-04-04,Sandwiches Calientes,"Roselli: pavita picada, jamón, queso, pebete",12500.0,8.83,1415.0
2026-04-04,Triples Especiales,12 unidades,26000.0,18.37,1415.0
2026-04-04,Triples Especiales,24 unidades,48500.0,34.28,1415.0
2026-04-04,Triples Especiales,48 unidades,84000.0,59.36,1415.0
2026-04-04,Triples Especiales,96 unidades,145000.0,102.47,1415.0
2026-04-05,Sandwiches Calientes,"Menditeguy: pechuga de pavita, queso gratinado, salsa holandesa",12500.0,8.83,1415.0
2026-04-05,Sandwiches Calientes,"Enz: pechuga de pavita, tomate, salsa holandesa",12500.0,8.83,1415.0
2026-04-05,Sandwiches Calientes,"Goñi: pechuga de pavita, queso gratinado, lechuga, salsa holandesa",12500.0,8.83,1415.0
2026-04-05,Sandwiches Calientes,"Roncal: pechuga de pavita, queso gratinado, jamón, salsa holandesa",13000.0,9.19,1415.0
2026-04-05,Sandwiches Calientes,"Pavita Graten: pechuga, queso gratinado, salsa portuguesa, pan sandwich",11000.0,7.77,1415.0
2026-04-05,Sandwiches Calientes,"Suprema de Pavita: pechuga de pavita, choclo, salsa portuguesa, rebosado en pan rallado",12500.0,8.83,1415.0
2026-04-05,Sandwiches Calientes,"Hot - Dog: salchicha, salsa holandesa, pebete",6500.0,4.59,1415.0
2026-04-05,Sandwiches Calientes,"Hot - Dog Graten: salchicha, queso gratinado, salsa holandesa",7000.0,4.95,1415.0
2026-04-05,Sandwiches Calientes,"Frankfurt: salchicha envuelta en pan de sandwich, salsa holandesa",6500.0,4.59,1415.0
2026-04-05,Sandwiches Calientes,Frankfurt Graten,7000.0,4.95,1415.0
2026-04-05,Sandwiches Calientes,"Oxford: salchicha, jamón y queso, envuelta en pan de sandwich, salsa holandesa",7500.0,5.3,1415.0
2026-04-05,Sandwiches Calientes,"Burgeois: jamón, queso, salsa holandesa",11000.0,7.77,1415.0
2026-04-05,Sandwiches Calientes,Calamares Graten,17000.0,12.01,1415.0
2026-04-05,Sandwiches Calientes,Mejillones Graten,17000.0,12.01,1415.0
2026-04-05,Sandwiches Calientes,"Lucía: queso, champignon, salsa holandesa",12600.0,8.9,1415.0
2026-04-05,Sandwiches Calientes,"Vegeta: queso, morrones, cebolla, salsa holandesa$12600",12600.0,8.9,1415.0
2026-04-05,Sandwiches Calientes,"Andrés: pechuga de pavita, choclo, salsa portuguesa",11000.0,7.77,1415.0
2026-04-05,Sandwiches Calientes,"Lomo: lomo, salsa holandesa",12500.0,8.83,1415.0
2026-04-05,Sandwiches Calientes,"Pedrito: lomo, queso gratinado, salsa holandesa",13000.0,9.19,1415.0
2026-04-05,Sandwiches Calientes,"Jorge I: lomo, pimientos morrones, salsa holandesa",13000.0,9.19,1415.0
2026-04-05,Sandwiches Calientes,"Hamburger: lomo, cebolla frita, salsa holandesa",13000.0,9.19,1415.0
2026-04-05,Sandwiches Calientes,"Galli: lomo, jamón, queso, salsa holandesa",13500.0,9.54,1415.0
2026-04-05,Sandwiches Calientes,"Lomo Champignon: lomo, champignones, salsa holandesa",13500.0,9.54,1415.0
2026-04-05,Sandwiches Calientes,"Duende: lomo, jamón, tomate, salsa holandesa",13500.0,9.54,1415.0
2026-04-05,Sandwiches Calientes,Lomo 1/2 Caballo,13000.0,9.19,1415.0
2026-04-05,Sandwiches Calientes,"Hamenech: huevo, jamón, salsa holandesa",11000.0,7.77,1415.0
2026-04-05,Sandwiches Calientes,"Fangio: huevo, jamón, cebolla, salsa holandesa",12500.0,8.83,1415.0
2026-04-05,Sandwiches Calientes,"Barton: jamón, queso, cebolla saltada, salsa holandesa",12500.0,8.83,1415.0
2026-04-05,Sandwiches Calientes,"Carlitos: jamón, queso, salsa portuguesa",12500.0,8.83,1415.0
2026-04-05,Sandwiches Calientes,"Jamón Glasé Confitado: jamón, queso gratinado, salsa portuguesa, dulce, pan sandwich",11000.0,7.77,1415.0
2026-04-05,Sandwiches Calientes,"Roselli: pavita picada, jamón, queso, pebete",12500.0,8.83,1415.0
2026-04-05,Triples Especiales,12 unidades,26000.0,18.37,1415.0
2026-04-05,Triples Especiales,24 unidades,48500.0,34.28,1415.0
2026-04-05,Triples Especiales,48 unidades,84000.0,59.36,1415.0
2026-04-05,Triples Especiales,96 unidades,145000.0,102.47,1415.0
2026-04-06,Sandwiches Calientes,"Menditeguy: pechuga de pavita, queso gratinado, salsa holandesa",12500.0,8.83,1415.0
2026-04-06,Sandwiches Calientes,"Enz: pechuga de pavita, tomate, salsa holandesa",12500.0,8.83,1415.0
2026-04-06,Sandwiches Calientes,"Goñi: pechuga de pavita, queso gratinado, lechuga, salsa holandesa",12500.0,8.83,1415.0
2026-04-06,Sandwiches Calientes,"Roncal: pechuga de pavita, queso gratinado, jamón, salsa holandesa",13000.0,9.19,1415.0
2026-04-06,Sandwiches Calientes,"Pavita Graten: pechuga, queso gratinado, salsa portuguesa, pan sandwich",11000.0,7.77,1415.0
2026-04-06,Sandwiches Calientes,"Suprema de Pavita: pechuga de pavita, choclo, salsa portuguesa, rebosado en pan rallado",12500.0,8.83,1415.0
2026-04-06,Sandwiches Calientes,"Hot - Dog: salchicha, salsa holandesa, pebete",6500.0,4.59,1415.0
2026-04-06,Sandwiches Calientes,"Hot - Dog Graten: salchicha, queso gratinado, salsa holandesa",7000.0,4.95,1415.0
2026-04-06,Sandwiches Calientes,"Frankfurt: salchicha envuelta en pan de sandwich, salsa holandesa",6500.0,4.59,1415.0
2026-04-06,Sandwiches Calientes,Frankfurt Graten,7000.0,4.95,1415.0
2026-04-06,Sandwiches Calientes,"Oxford: salchicha, jamón y queso, envuelta en pan de sandwich, salsa holandesa",7500.0,5.3,1415.0
2026-04-06,Sandwiches Calientes,"Burgeois: jamón, queso, salsa holandesa",11000.0,7.77,1415.0
2026-04-06,Sandwiches Calientes,Calamares Graten,17000.0,12.01,1415.0
2026-04-06,Sandwiches Calientes,Mejillones Graten,17000.0,12.01,1415.0
2026-04-06,Sandwiches Calientes,"Lucía: queso, champignon, salsa holandesa",12600.0,8.9,1415.0
2026-04-06,Sandwiches Calientes,"Vegeta: queso, morrones, cebolla, salsa holandesa$12600",12600.0,8.9,1415.0
2026-04-06,Sandwiches Calientes,"Andrés: pechuga de pavita, choclo, salsa portuguesa",11000.0,7.77,1415.0
2026-04-06,Sandwiches Calientes,"Lomo: lomo, salsa holandesa",12500.0,8.83,1415.0
2026-04-06,Sandwiches Calientes,"Pedrito: lomo, queso gratinado, salsa holandesa",13000.0,9.19,1415.0
2026-04-06,Sandwiches Calientes,"Jorge I: lomo, pimientos morrones, salsa holandesa",13000.0,9.19,1415.0
2026-04-06,Sandwiches Calientes,"Hamburger: lomo, cebolla frita, salsa holandesa",13000.0,9.19,1415.0
2026-04-06,Sandwiches Calientes,"Galli: lomo, jamón, queso, salsa holandesa",13500.0,9.54,1415.0
2026-04-06,Sandwiches Calientes,"Lomo Champignon: lomo, champignones, salsa holandesa",13500.0,9.54,1415.0
2026-04-06,Sandwiches Calientes,"Duende: lomo, jamón, tomate, salsa holandesa",13500.0,9.54,1415.0
2026-04-06,Sandwiches Calientes,Lomo 1/2 Caballo,13000.0,9.19,1415.0
2026-04-06,Sandwiches Calientes,"Hamenech: huevo, jamón, salsa holandesa",11000.0,7.77,1415.0
2026-04-06,Sandwiches Calientes,"Fangio: huevo, jamón, cebolla, salsa holandesa",12500.0,8.83,1415.0
2026-04-06,Sandwiches Calientes,"Barton: jamón, queso, cebolla saltada, salsa holandesa",12500.0,8.83,1415.0
2026-04-06,Sandwiches Calientes,"Carlitos: jamón, queso, salsa portuguesa",12500.0,8.83,1415.0
2026-04-06,Sandwiches Calientes,"Jamón Glasé Confitado: jamón, queso gratinado, salsa portuguesa, dulce, pan sandwich",11000.0,7.77,1415.0
2026-04-06,Sandwiches Calientes,"Roselli: pavita picada, jamón, queso, pebete",12500.0,8.83,1415.0
2026-04-06,Triples Especiales,12 unidades,26000.0,18.37,1415.0
2026-04-06,Triples Especiales,24 unidades,48500.0,34.28,1415.0
2026-04-06,Triples Especiales,48 unidades,84000.0,59.36,1415.0
2026-04-06,Triples Especiales,96 unidades,145000.0,102.47,1415.0
2026-04-07,Sandwiches Calientes,"Menditeguy: pechuga de pavita, queso gratinado, salsa holandesa",12500.0,8.83,1415.0
2026-04-07,Sandwiches Calientes,"Enz: pechuga de pavita, tomate, salsa holandesa",12500.0,8.83,1415.0
2026-04-07,Sandwiches Calientes,"Goñi: pechuga de pavita, queso gratinado, lechuga, salsa holandesa",12500.0,8.83,1415.0
2026-04-07,Sandwiches Calientes,"Roncal: pechuga de pavita, queso gratinado, jamón, salsa holandesa",13000.0,9.19,1415.0
2026-04-07,Sandwiches Calientes,"Pavita Graten: pechuga, queso gratinado, salsa portuguesa, pan sandwich",11000.0,7.77,1415.0
2026-04-07,Sandwiches Calientes,"Suprema de Pavita: pechuga de pavita, choclo, salsa portuguesa, rebosado en pan rallado",12500.0,8.83,1415.0
2026-04-07,Sandwiches Calientes,"Hot - Dog: salchicha, salsa holandesa, pebete",6500.0,4.59,1415.0
2026-04-07,Sandwiches Calientes,"Hot - Dog Graten: salchicha, queso gratinado, salsa holandesa",7000.0,4.95,1415.0
2026-04-07,Sandwiches Calientes,"Frankfurt: salchicha envuelta en pan de sandwich, salsa holandesa",6500.0,4.59,1415.0
2026-04-07,Sandwiches Calientes,Frankfurt Graten,7000.0,4.95,1415.0
2026-04-07,Sandwiches Calientes,"Oxford: salchicha, jamón y queso, envuelta en pan de sandwich, salsa holandesa",7500.0,5.3,1415.0
2026-04-07,Sandwiches Calientes,"Burgeois: jamón, queso, salsa holandesa",11000.0,7.77,1415.0
2026-04-07,Sandwiches Calientes,Calamares Graten,17000.0,12.01,1415.0
2026-04-07,Sandwiches Calientes,Mejillones Graten,17000.0,12.01,1415.0
2026-04-07,Sandwiches Calientes,"Lucía: queso, champignon, salsa holandesa",12600.0,8.9,1415.0
2026-04-07,Sandwiches Calientes,"Vegeta: queso, morrones, cebolla, salsa holandesa$12600",12600.0,8.9,1415.0
2026-04-07,Sandwiches Calientes,"Andrés: pechuga de pavita, choclo, salsa portuguesa",11000.0,7.77,1415.0
2026-04-07,Sandwiches Calientes,"Lomo: lomo, salsa holandesa",12500.0,8.83,1415.0
2026-04-07,Sandwiches Calientes,"Pedrito: lomo, queso gratinado, salsa holandesa",13000.0,9.19,1415.0
2026-04-07,Sandwiches Calientes,"Jorge I: lomo, pimientos morrones, salsa holandesa",13000.0,9.19,1415.0
2026-04-07,Sandwiches Calientes,"Hamburger: lomo, cebolla frita, salsa holandesa",13000.0,9.19,1415.0
2026-04-07,Sandwiches Calientes,"Galli: lomo, jamón, queso, salsa holandesa",13500.0,9.54,1415.0
2026-04-07,Sandwiches Calientes,"Lomo Champignon: lomo, champignones, salsa holandesa",13500.0,9.54,1415.0
2026-04-07,Sandwiches Calientes,"Duende: lomo, jamón, tomate, salsa holandesa",13500.0,9.54,1415.0
2026-04-07,Sandwiches Calientes,Lomo 1/2 Caballo,13000.0,9.19,1415.0
2026-04-07,Sandwiches Calientes,"Hamenech: huevo, jamón, salsa holandesa",11000.0,7.77,1415.0
2026-04-07,Sandwiches Calientes,"Fangio: huevo, jamón, cebolla, salsa holandesa",12500.0,8.83,1415.0
2026-04-07,Sandwiches Calientes,"Barton: jamón, queso, cebolla saltada, salsa holandesa",12500.0,8.83,1415.0
2026-04-07,Sandwiches Calientes,"Carlitos: jamón, queso, salsa portuguesa",12500.0,8.83,1415.0
2026-04-07,Sandwiches Calientes,"Jamón Glasé Confitado: jamón, queso gratinado, salsa portuguesa, dulce, pan sandwich",11000.0,7.77,1415.0
2026-04-07,Sandwiches Calientes,"Roselli: pavita picada, jamón, queso, pebete",12500.0,8.83,1415.0
2026-04-07,Triples Especiales,12 unidades,26000.0,18.37,1415.0
2026-04-07,Triples Especiales,24 unidades,48500.0,34.28,1415.0
2026-04-07,Triples Especiales,48 unidades,84000.0,59.36,1415.0
2026-04-07,Triples Especiales,96 unidades,145000.0,102.47,1415.0
2026-04-08,Sandwiches Calientes,"Menditeguy: pechuga de pavita, queso gratinado, salsa holandesa",12500.0,8.87,1410.0
2026-04-08,Sandwiches Calientes,"Enz: pechuga de pavita, tomate, salsa holandesa",12500.0,8.87,1410.0
2026-04-08,Sandwiches Calientes,"Goñi: pechuga de pavita, queso gratinado, lechuga, salsa holandesa",12500.0,8.87,1410.0
2026-04-08,Sandwiches Calientes,"Roncal: pechuga de pavita, queso gratinado, jamón, salsa holandesa",13000.0,9.22,1410.0
2026-04-08,Sandwiches Calientes,"Pavita Graten: pechuga, queso gratinado, salsa portuguesa, pan sandwich",11000.0,7.8,1410.0
2026-04-08,Sandwiches Calientes,"Suprema de Pavita: pechuga de pavita, choclo, salsa portuguesa, rebosado en pan rallado",12500.0,8.87,1410.0
2026-04-08,Sandwiches Calientes,"Hot - Dog: salchicha, salsa holandesa, pebete",6500.0,4.61,1410.0
2026-04-08,Sandwiches Calientes,"Hot - Dog Graten: salchicha, queso gratinado, salsa holandesa",7000.0,4.96,1410.0
2026-04-08,Sandwiches Calientes,"Frankfurt: salchicha envuelta en pan de sandwich, salsa holandesa",6500.0,4.61,1410.0
2026-04-08,Sandwiches Calientes,Frankfurt Graten,7000.0,4.96,1410.0
2026-04-08,Sandwiches Calientes,"Oxford: salchicha, jamón y queso, envuelta en pan de sandwich, salsa holandesa",7500.0,5.32,1410.0
2026-04-08,Sandwiches Calientes,"Burgeois: jamón, queso, salsa holandesa",11000.0,7.8,1410.0
2026-04-08,Sandwiches Calientes,Calamares Graten,17000.0,12.06,1410.0
2026-04-08,Sandwiches Calientes,Mejillones Graten,17000.0,12.06,1410.0
2026-04-08,Sandwiches Calientes,"Lucía: queso, champignon, salsa holandesa",12600.0,8.94,1410.0
2026-04-08,Sandwiches Calientes,"Vegeta: queso, morrones, cebolla, salsa holandesa$12600",12600.0,8.94,1410.0
2026-04-08,Sandwiches Calientes,"Andrés: pechuga de pavita, choclo, salsa portuguesa",11000.0,7.8,1410.0
2026-04-08,Sandwiches Calientes,"Lomo: lomo, salsa holandesa",12500.0,8.87,1410.0
2026-04-08,Sandwiches Calientes,"Pedrito: lomo, queso gratinado, salsa holandesa",13000.0,9.22,1410.0
2026-04-08,Sandwiches Calientes,"Jorge I: lomo, pimientos morrones, salsa holandesa",13000.0,9.22,1410.0
2026-04-08,Sandwiches Calientes,"Hamburger: lomo, cebolla frita, salsa holandesa",13000.0,9.22,1410.0
2026-04-08,Sandwiches Calientes,"Galli: lomo, jamón, queso, salsa holandesa",13500.0,9.57,1410.0
2026-04-08,Sandwiches Calientes,"Lomo Champignon: lomo, champignones, salsa holandesa",13500.0,9.57,1410.0
2026-04-08,Sandwiches Calientes,"Duende: lomo, jamón, tomate, salsa holandesa",13500.0,9.57,1410.0
2026-04-08,Sandwiches Calientes,Lomo 1/2 Caballo,13000.0,9.22,1410.0
2026-04-08,Sandwiches Calientes,"Hamenech: huevo, jamón, salsa holandesa",11000.0,7.8,1410.0
2026-04-08,Sandwiches Calientes,"Fangio: huevo, jamón, cebolla, salsa holandesa",12500.0,8.87,1410.0
2026-04-08,Sandwiches Calientes,"Barton: jamón, queso, cebolla saltada, salsa holandesa",12500.0,8.87,1410.0
2026-04-08,Sandwiches Calientes,"Carlitos: jamón, queso, salsa portuguesa",12500.0,8.87,1410.0
2026-04-08,Sandwiches Calientes,"Jamón Glasé Confitado: jamón, queso gratinado, salsa portuguesa, dulce, pan sandwich",11000.0,7.8,1410.0
2026-04-08,Sandwiches Calientes,"Roselli: pavita picada, jamón, queso, pebete",12500.0,8.87,1410.0
2026-04-08,Triples Especiales,12 unidades,26000.0,18.44,1410.0
2026-04-08,Triples Especiales,24 unidades,48500.0,34.4,1410.0
2026-04-08,Triples Especiales,48 unidades,84000.0,59.57,1410.0
2026-04-08,Triples Especiales,96 unidades,145000.0,102.84,1410.0
2026-04-09,Sandwiches Calientes,"Menditeguy: pechuga de pavita, queso gratinado, salsa holandesa",12500.0,8.87,1410.0
2026-04-09,Sandwiches Calientes,"Enz: pechuga de pavita, tomate, salsa holandesa",12500.0,8.87,1410.0
2026-04-09,Sandwiches Calientes,"Goñi: pechuga de pavita, queso gratinado, lechuga, salsa holandesa",12500.0,8.87,1410.0
2026-04-09,Sandwiches Calientes,"Roncal: pechuga de pavita, queso gratinado, jamón, salsa holandesa",13000.0,9.22,1410.0
2026-04-09,Sandwiches Calientes,"Pavita Graten: pechuga, queso gratinado, salsa portuguesa, pan sandwich",11000.0,7.8,1410.0
2026-04-09,Sandwiches Calientes,"Suprema de Pavita: pechuga de pavita, choclo, salsa portuguesa, rebosado en pan rallado",12500.0,8.87,1410.0
2026-04-09,Sandwiches Calientes,"Hot - Dog: salchicha, salsa holandesa, pebete",6500.0,4.61,1410.0
2026-04-09,Sandwiches Calientes,"Hot - Dog Graten: salchicha, queso gratinado, salsa holandesa",7000.0,4.96,1410.0
2026-04-09,Sandwiches Calientes,"Frankfurt: salchicha envuelta en pan de sandwich, salsa holandesa",6500.0,4.61,1410.0
2026-04-09,Sandwiches Calientes,Frankfurt Graten,7000.0,4.96,1410.0
2026-04-09,Sandwiches Calientes,"Oxford: salchicha, jamón y queso, envuelta en pan de sandwich, salsa holandesa",7500.0,5.32,1410.0
2026-04-09,Sandwiches Calientes,"Burgeois: jamón, queso, salsa holandesa",11000.0,7.8,1410.0
2026-04-09,Sandwiches Calientes,Calamares Graten,17000.0,12.06,1410.0
2026-04-09,Sandwiches Calientes,Mejillones Graten,17000.0,12.06,1410.0
2026-04-09,Sandwiches Calientes,"Lucía: queso, champignon, salsa holandesa",12600.0,8.94,1410.0
2026-04-09,Sandwiches Calientes,"Vegeta: queso, morrones, cebolla, salsa holandesa$12600",12600.0,8.94,1410.0
2026-04-09,Sandwiches Calientes,"Andrés: pechuga de pavita, choclo, salsa portuguesa",11000.0,7.8,1410.0
2026-04-09,Sandwiches Calientes,"Lomo: lomo, salsa holandesa",12500.0,8.87,1410.0
2026-04-09,Sandwiches Calientes,"Pedrito: lomo, queso gratinado, salsa holandesa",13000.0,9.22,1410.0
2026-04-09,Sandwiches Calientes,"Jorge I: lomo, pimientos morrones, salsa holandesa",13000.0,9.22,1410.0
2026-04-09,Sandwiches Calientes,"Hamburger: lomo, cebolla frita, salsa holandesa",13000.0,9.22,1410.0
2026-04-09,Sandwiches Calientes,"Galli: lomo, jamón, queso, salsa holandesa",13500.0,9.57,1410.0
2026-04-09,Sandwiches Calientes,"Lomo Champignon: lomo, champignones, salsa holandesa",13500.0,9.57,1410.0
2026-04-09,Sandwiches Calientes,"Duende: lomo, jamón, tomate, salsa holandesa",13500.0,9.57,1410.0
2026-04-09,Sandwiches Calientes,Lomo 1/2 Caballo,13000.0,9.22,1410.0
2026-04-09,Sandwiches Calientes,"Hamenech: huevo, jamón, salsa holandesa",11000.0,7.8,1410.0
2026-04-09,Sandwiches Calientes,"Fangio: huevo, jamón, cebolla, salsa holandesa",12500.0,8.87,1410.0
2026-04-09,Sandwiches Calientes,"Barton: jamón, queso, cebolla saltada, salsa holandesa",12500.0,8.87,1410.0
2026-04-09,Sandwiches Calientes,"Carlitos: jamón, queso, salsa portuguesa",12500.0,8.87,1410.0
2026-04-09,Sandwiches Calientes,"Jamón Glasé Confitado: jamón, queso gratinado, salsa portuguesa, dulce, pan sandwich",11000.0,7.8,1410.0
2026-04-09,Sandwiches Calientes,"Roselli: pavita picada, jamón, queso, pebete",12500.0,8.87,1410.0
2026-04-09,Triples Especiales,12 unidades,26000.0,18.44,1410.0
2026-04-09,Triples Especiales,24 unidades,48500.0,34.4,1410.0
2026-04-09,Triples Especiales,48 unidades,84000.0,59.57,1410.0
2026-04-09,Triples Especiales,96 unidades,145000.0,102.84,1410.0
2026-04-11,Sandwiches Calientes,"Menditeguy: pechuga de pavita, queso gratinado, salsa holandesa",12500.0,8.96,1395.0
2026-04-11,Sandwiches Calientes,"Enz: pechuga de pavita, tomate, salsa holandesa",12500.0,8.96,1395.0
2026-04-11,Sandwiches Calientes,"Goñi: pechuga de pavita, queso gratinado, lechuga, salsa holandesa",12500.0,8.96,1395.0
2026-04-11,Sandwiches Calientes,"Roncal: pechuga de pavita, queso gratinado, jamón, salsa holandesa",13000.0,9.32,1395.0
2026-04-11,Sandwiches Calientes,"Pavita Graten: pechuga, queso gratinado, salsa portuguesa, pan sandwich",11000.0,7.89,1395.0
2026-04-11,Sandwiches Calientes,"Suprema de Pavita: pechuga de pavita, choclo, salsa portuguesa, rebosado en pan rallado",12500.0,8.96,1395.0
2026-04-11,Sandwiches Calientes,"Hot - Dog: salchicha, salsa holandesa, pebete",6500.0,4.66,1395.0
2026-04-11,Sandwiches Calientes,"Hot - Dog Graten: salchicha, queso gratinado, salsa holandesa",7000.0,5.02,1395.0
2026-04-11,Sandwiches Calientes,"Frankfurt: salchicha envuelta en pan de sandwich, salsa holandesa",6500.0,4.66,1395.0
2026-04-11,Sandwiches Calientes,Frankfurt Graten,7000.0,5.02,1395.0
2026-04-11,Sandwiches Calientes,"Oxford: salchicha, jamón y queso, envuelta en pan de sandwich, salsa holandesa",7500.0,5.38,1395.0
2026-04-11,Sandwiches Calientes,"Burgeois: jamón, queso, salsa holandesa",11000.0,7.89,1395.0
2026-04-11,Sandwiches Calientes,Calamares Graten,17000.0,12.19,1395.0
2026-04-11,Sandwiches Calientes,Mejillones Graten,17000.0,12.19,1395.0
2026-04-11,Sandwiches Calientes,"Lucía: queso, champignon, salsa holandesa",12600.0,9.03,1395.0
2026-04-11,Sandwiches Calientes,"Vegeta: queso, morrones, cebolla, salsa holandesa$12600",12600.0,9.03,1395.0
2026-04-11,Sandwiches Calientes,"Andrés: pechuga de pavita, choclo, salsa portuguesa",11000.0,7.89,1395.0
2026-04-11,Sandwiches Calientes,"Lomo: lomo, salsa holandesa",12500.0,8.96,1395.0
2026-04-11,Sandwiches Calientes,"Pedrito: lomo, queso gratinado, salsa holandesa",13000.0,9.32,1395.0
2026-04-11,Sandwiches Calientes,"Jorge I: lomo, pimientos morrones, salsa holandesa",13000.0,9.32,1395.0
2026-04-11,Sandwiches Calientes,"Hamburger: lomo, cebolla frita, salsa holandesa",13000.0,9.32,1395.0
2026-04-11,Sandwiches Calientes,"Galli: lomo, jamón, queso, salsa holandesa",13500.0,9.68,1395.0
2026-04-11,Sandwiches Calientes,"Lomo Champignon: lomo, champignones, salsa holandesa",13500.0,9.68,1395.0
2026-04-11,Sandwiches Calientes,"Duende: lomo, jamón, tomate, salsa holandesa",13500.0,9.68,1395.0
2026-04-11,Sandwiches Calientes,Lomo 1/2 Caballo,13000.0,9.32,1395.0
2026-04-11,Sandwiches Calientes,"Hamenech: huevo, jamón, salsa holandesa",11000.0,7.89,1395.0
2026-04-11,Sandwiches Calientes,"Fangio: huevo, jamón, cebolla, salsa holandesa",12500.0,8.96,1395.0
2026-04-11,Sandwiches Calientes,"Barton: jamón, queso, cebolla saltada, salsa holandesa",12500.0,8.96,1395.0
2026-04-11,Sandwiches Calientes,"Carlitos: jamón, queso, salsa portuguesa",12500.0,8.96,1395.0
2026-04-11,Sandwiches Calientes,"Jamón Glasé Confitado: jamón, queso gratinado, salsa portuguesa, dulce, pan sandwich",11000.0,7.89,1395.0
2026-04-11,Sandwiches Calientes,"Roselli: pavita picada, jamón, queso, pebete",12500.0,8.96,1395.0
2026-04-11,Triples Especiales,12 unidades,26000.0,18.64,1395.0
2026-04-11,Triples Especiales,24 unidades,48500.0,34.77,1395.0
2026-04-11,Triples Especiales,48 unidades,84000.0,60.22,1395.0
2026-04-11,Triples Especiales,96 unidades,145000.0,103.94,1395.0
2026-04-12,Sandwiches Calientes,"Menditeguy: pechuga de pavita, queso gratinado, salsa holandesa",12500.0,8.96,1395.0
2026-04-12,Sandwiches Calientes,"Enz: pechuga de pavita, tomate, salsa holandesa",12500.0,8.96,1395.0
2026-04-12,Sandwiches Calientes,"Goñi: pechuga de pavita, queso gratinado, lechuga, salsa holandesa",12500.0,8.96,1395.0
2026-04-12,Sandwiches Calientes,"Roncal: pechuga de pavita, queso gratinado, jamón, salsa holandesa",13000.0,9.32,1395.0
2026-04-12,Sandwiches Calientes,"Pavita Graten: pechuga, queso gratinado, salsa portuguesa, pan sandwich",11000.0,7.89,1395.0
2026-04-12,Sandwiches Calientes,"Suprema de Pavita: pechuga de pavita, choclo, salsa portuguesa, rebosado en pan rallado",12500.0,8.96,1395.0
2026-04-12,Sandwiches Calientes,"Hot - Dog: salchicha, salsa holandesa, pebete",6500.0,4.66,1395.0
2026-04-12,Sandwiches Calientes,"Hot - Dog Graten: salchicha, queso gratinado, salsa holandesa",7000.0,5.02,1395.0
2026-04-12,Sandwiches Calientes,"Frankfurt: salchicha envuelta en pan de sandwich, salsa holandesa",6500.0,4.66,1395.0
2026-04-12,Sandwiches Calientes,Frankfurt Graten,7000.0,5.02,1395.0
2026-04-12,Sandwiches Calientes,"Oxford: salchicha, jamón y queso, envuelta en pan de sandwich, salsa holandesa",7500.0,5.38,1395.0
2026-04-12,Sandwiches Calientes,"Burgeois: jamón, queso, salsa holandesa",11000.0,7.89,1395.0
2026-04-12,Sandwiches Calientes,Calamares Graten,17000.0,12.19,1395.0
2026-04-12,Sandwiches Calientes,Mejillones Graten,17000.0,12.19,1395.0
2026-04-12,Sandwiches Calientes,"Lucía: queso, champignon, salsa holandesa",12600.0,9.03,1395.0
2026-04-12,Sandwiches Calientes,"Vegeta: queso, morrones, cebolla, salsa holandesa$12600",12600.0,9.03,1395.0
2026-04-12,Sandwiches Calientes,"Andrés: pechuga de pavita, choclo, salsa portuguesa",11000.0,7.89,1395.0
2026-04-12,Sandwiches Calientes,"Lomo: lomo, salsa holandesa",12500.0,8.96,1395.0
2026-04-12,Sandwiches Calientes,"Pedrito: lomo, queso gratinado, salsa holandesa",13000.0,9.32,1395.0
2026-04-12,Sandwiches Calientes,"Jorge I: lomo, pimientos morrones, salsa holandesa",13000.0,9.32,1395.0
2026-04-12,Sandwiches Calientes,"Hamburger: lomo, cebolla frita, salsa holandesa",13000.0,9.32,1395.0
2026-04-12,Sandwiches Calientes,"Galli: lomo, jamón, queso, salsa holandesa",13500.0,9.68,1395.0
2026-04-12,Sandwiches Calientes,"Lomo Champignon: lomo, champignones, salsa holandesa",13500.0,9.68,1395.0
2026-04-12,Sandwiches Calientes,"Duende: lomo, jamón, tomate, salsa holandesa",13500.0,9.68,1395.0
2026-04-12,Sandwiches Calientes,Lomo 1/2 Caballo,13000.0,9.32,1395.0
2026-04-12,Sandwiches Calientes,"Hamenech: huevo, jamón, salsa holandesa",11000.0,7.89,1395.0
2026-04-12,Sandwiches Calientes,"Fangio: huevo, jamón, cebolla, salsa holandesa",12500.0,8.96,1395.0
2026-04-12,Sandwiches Calientes,"Barton: jamón, queso, cebolla saltada, salsa holandesa",12500.0,8.96,1395.0
2026-04-12,Sandwiches Calientes,"Carlitos: jamón, queso, salsa portuguesa",12500.0,8.96,1395.0
2026-04-12,Sandwiches Calientes,"Jamón Glasé Confitado: jamón, queso gratinado, salsa portuguesa, dulce, pan sandwich",11000.0,7.89,1395.0
2026-04-12,Sandwiches Calientes,"Roselli: pavita picada, jamón, queso, pebete",12500.0,8.96,1395.0
2026-04-12,Triples Especiales,12 unidades,26000.0,18.64,1395.0
2026-04-12,Triples Especiales,24 unidades,48500.0,34.77,1395.0
2026-04-12,Triples Especiales,48 unidades,84000.0,60.22,1395.0
2026-04-12,Triples Especiales,96 unidades,145000.0,103.94,1395.0
2026-04-13,Sandwiches Calientes,"Menditeguy: pechuga de pavita, queso gratinado, salsa holandesa",12500.0,8.96,1395.0
2026-04-13,Sandwiches Calientes,"Enz: pechuga de pavita, tomate, salsa holandesa",12500.0,8.96,1395.0
2026-04-13,Sandwiches Calientes,"Goñi: pechuga de pavita, queso gratinado, lechuga, salsa holandesa",12500.0,8.96,1395.0
2026-04-13,Sandwiches Calientes,"Roncal: pechuga de pavita, queso gratinado, jamón, salsa holandesa",13000.0,9.32,1395.0
2026-04-13,Sandwiches Calientes,"Pavita Graten: pechuga, queso gratinado, salsa portuguesa, pan sandwich",11000.0,7.89,1395.0
2026-04-13,Sandwiches Calientes,"Suprema de Pavita: pechuga de pavita, choclo, salsa portuguesa, rebosado en pan rallado",12500.0,8.96,1395.0
2026-04-13,Sandwiches Calientes,"Hot - Dog: salchicha, salsa holandesa, pebete",6500.0,4.66,1395.0
2026-04-13,Sandwiches Calientes,"Hot - Dog Graten: salchicha, queso gratinado, salsa holandesa",7000.0,5.02,1395.0
2026-04-13,Sandwiches Calientes,"Frankfurt: salchicha envuelta en pan de sandwich, salsa holandesa",6500.0,4.66,1395.0
2026-04-13,Sandwiches Calientes,Frankfurt Graten,7000.0,5.02,1395.0
2026-04-13,Sandwiches Calientes,"Oxford: salchicha, jamón y queso, envuelta en pan de sandwich, salsa holandesa",7500.0,5.38,1395.0
2026-04-13,Sandwiches Calientes,"Burgeois: jamón, queso, salsa holandesa",11000.0,7.89,1395.0
2026-04-13,Sandwiches Calientes,Calamares Graten,17000.0,12.19,1395.0
2026-04-13,Sandwiches Calientes,Mejillones Graten,17000.0,12.19,1395.0
2026-04-13,Sandwiches Calientes,"Lucía: queso, champignon, salsa holandesa",12600.0,9.03,1395.0
2026-04-13,Sandwiches Calientes,"Vegeta: queso, morrones, cebolla, salsa holandesa$12600",12600.0,9.03,1395.0
2026-04-13,Sandwiches Calientes,"Andrés: pechuga de pavita, choclo, salsa portuguesa",11000.0,7.89,1395.0
2026-04-13,Sandwiches Calientes,"Lomo: lomo, salsa holandesa",12500.0,8.96,1395.0
2026-04-13,Sandwiches Calientes,"Pedrito: lomo, queso gratinado, salsa holandesa",13000.0,9.32,1395.0
2026-04-13,Sandwiches Calientes,"Jorge I: lomo, pimientos morrones, salsa holandesa",13000.0,9.32,1395.0
2026-04-13,Sandwiches Calientes,"Hamburger: lomo, cebolla frita, salsa holandesa",13000.0,9.32,1395.0
2026-04-13,Sandwiches Calientes,"Galli: lomo, jamón, queso, salsa holandesa",13500.0,9.68,1395.0
2026-04-13,Sandwiches Calientes,"Lomo Champignon: lomo, champignones, salsa holandesa",13500.0,9.68,1395.0
2026-04-13,Sandwiches Calientes,"Duende: lomo, jamón, tomate, salsa holandesa",13500.0,9.68,1395.0
2026-04-13,Sandwiches Calientes,Lomo 1/2 Caballo,13000.0,9.32,1395.0
2026-04-13,Sandwiches Calientes,"Hamenech: huevo, jamón, salsa holandesa",11000.0,7.89,1395.0
2026-04-13,Sandwiches Calientes,"Fangio: huevo, jamón, cebolla, salsa holandesa",12500.0,8.96,1395.0
2026-04-13,Sandwiches Calientes,"Barton: jamón, queso, cebolla saltada, salsa holandesa",12500.0,8.96,1395.0
2026-04-13,Sandwiches Calientes,"Carlitos: jamón, queso, salsa portuguesa",12500.0,8.96,1395.0
2026-04-13,Sandwiches Calientes,"Jamón Glasé Confitado: jamón, queso gratinado, salsa portuguesa, dulce, pan sandwich",11000.0,7.89,1395.0
2026-04-13,Sandwiches Calientes,"Roselli: pavita picada, jamón, queso, pebete",12500.0,8.96,1395.0
2026-04-13,Triples Especiales,12 unidades,26000.0,18.64,1395.0
2026-04-13,Triples Especiales,24 unidades,48500.0,34.77,1395.0
2026-04-13,Triples Especiales,48 unidades,84000.0,60.22,1395.0
2026-04-13,Triples Especiales,96 unidades,145000.0,103.94,1395.0
2026-04-14,Sandwiches Calientes,"Menditeguy: pechuga de pavita, queso gratinado, salsa holandesa",12500.0,9.09,1375.0
2026-04-14,Sandwiches Calientes,"Enz: pechuga de pavita, tomate, salsa holandesa",12500.0,9.09,1375.0
2026-04-14,Sandwiches Calientes,"Goñi: pechuga de pavita, queso gratinado, lechuga, salsa holandesa",12500.0,9.09,1375.0
2026-04-14,Sandwiches Calientes,"Roncal: pechuga de pavita, queso gratinado, jamón, salsa holandesa",13000.0,9.45,1375.0
2026-04-14,Sandwiches Calientes,"Pavita Graten: pechuga, queso gratinado, salsa portuguesa, pan sandwich",11000.0,8.0,1375.0
2026-04-14,Sandwiches Calientes,"Suprema de Pavita: pechuga de pavita, choclo, salsa portuguesa, rebosado en pan rallado",12500.0,9.09,1375.0
2026-04-14,Sandwiches Calientes,"Hot - Dog: salchicha, salsa holandesa, pebete",6500.0,4.73,1375.0
2026-04-14,Sandwiches Calientes,"Hot - Dog Graten: salchicha, queso gratinado, salsa holandesa",7000.0,5.09,1375.0
2026-04-14,Sandwiches Calientes,"Frankfurt: salchicha envuelta en pan de sandwich, salsa holandesa",6500.0,4.73,1375.0
2026-04-14,Sandwiches Calientes,Frankfurt Graten,7000.0,5.09,1375.0
2026-04-14,Sandwiches Calientes,"Oxford: salchicha, jamón y queso, envuelta en pan de sandwich, salsa holandesa",7500.0,5.45,1375.0
2026-04-14,Sandwiches Calientes,"Burgeois: jamón, queso, salsa holandesa",11000.0,8.0,1375.0
2026-04-14,Sandwiches Calientes,Calamares Graten,17000.0,12.36,1375.0
2026-04-14,Sandwiches Calientes,Mejillones Graten,17000.0,12.36,1375.0
2026-04-14,Sandwiches Calientes,"Lucía: queso, champignon, salsa holandesa",12600.0,9.16,1375.0
2026-04-14,Sandwiches Calientes,"Vegeta: queso, morrones, cebolla, salsa holandesa$12600",12600.0,9.16,1375.0
2026-04-14,Sandwiches Calientes,"Andrés: pechuga de pavita, choclo, salsa portuguesa",11000.0,8.0,1375.0
2026-04-14,Sandwiches Calientes,"Lomo: lomo, salsa holandesa",12500.0,9.09,1375.0
2026-04-14,Sandwiches Calientes,"Pedrito: lomo, queso gratinado, salsa holandesa",13000.0,9.45,1375.0
2026-04-14,Sandwiches Calientes,"Jorge I: lomo, pimientos morrones, salsa holandesa",13000.0,9.45,1375.0
2026-04-14,Sandwiches Calientes,"Hamburger: lomo, cebolla frita, salsa holandesa",13000.0,9.45,1375.0
2026-04-14,Sandwiches Calientes,"Galli: lomo, jamón, queso, salsa holandesa",13500.0,9.82,1375.0
2026-04-14,Sandwiches Calientes,"Lomo Champignon: lomo, champignones, salsa holandesa",13500.0,9.82,1375.0
2026-04-14,Sandwiches Calientes,"Duende: lomo, jamón, tomate, salsa holandesa",13500.0,9.82,1375.0
2026-04-14,Sandwiches Calientes,Lomo 1/2 Caballo,13000.0,9.45,1375.0
2026-04-14,Sandwiches Calientes,"Hamenech: huevo, jamón, salsa holandesa",11000.0,8.0,1375.0
2026-04-14,Sandwiches Calientes,"Fangio: huevo, jamón, cebolla, salsa holandesa",12500.0,9.09,1375.0
2026-04-14,Sandwiches Calientes,"Barton: jamón, queso, cebolla saltada, salsa holandesa",12500.0,9.09,1375.0
2026-04-14,Sandwiches Calientes,"Carlitos: jamón, queso, salsa portuguesa",12500.0,9.09,1375.0
2026-04-14,Sandwiches Calientes,"Jamón Glasé Confitado: jamón, queso gratinado, salsa portuguesa, dulce, pan sandwich",11000.0,8.0,1375.0
2026-04-14,Sandwiches Calientes,"Roselli: pavita picada, jamón, queso, pebete",12500.0,9.09,1375.0
2026-04-14,Triples Especiales,12 unidades,26000.0,18.91,1375.0
2026-04-14,Triples Especiales,24 unidades,48500.0,35.27,1375.0
2026-04-14,Triples Especiales,48 unidades,84000.0,61.09,1375.0
2026-04-14,Triples Especiales,96 unidades,145000.0,105.45,1375.0
2026-04-15,Sandwiches Calientes,"Menditeguy: pechuga de pavita, queso gratinado, salsa holandesa",12500.0,9.03,1385.0
2026-04-15,Sandwiches Calientes,"Enz: pechuga de pavita, tomate, salsa holandesa",12500.0,9.03,1385.0
2026-04-15,Sandwiches Calientes,"Goñi: pechuga de pavita, queso gratinado, lechuga, salsa holandesa",12500.0,9.03,1385.0
2026-04-15,Sandwiches Calientes,"Roncal: pechuga de pavita, queso gratinado, jamón, salsa holandesa",13000.0,9.39,1385.0
2026-04-15,Sandwiches Calientes,"Pavita Graten: pechuga, queso gratinado, salsa portuguesa, pan sandwich",11000.0,7.94,1385.0
2026-04-15,Sandwiches Calientes,"Suprema de Pavita: pechuga de pavita, choclo, salsa portuguesa, rebosado en pan rallado",12500.0,9.03,1385.0
2026-04-15,Sandwiches Calientes,"Hot - Dog: salchicha, salsa holandesa, pebete",6500.0,4.69,1385.0
2026-04-15,Sandwiches Calientes,"Hot - Dog Graten: salchicha, queso gratinado, salsa holandesa",7000.0,5.05,1385.0
2026-04-15,Sandwiches Calientes,"Frankfurt: salchicha envuelta en pan de sandwich, salsa holandesa",6500.0,4.69,1385.0
2026-04-15,Sandwiches Calientes,Frankfurt Graten,7000.0,5.05,1385.0
2026-04-15,Sandwiches Calientes,"Oxford: salchicha, jamón y queso, envuelta en pan de sandwich, salsa holandesa",7500.0,5.42,1385.0
2026-04-15,Sandwiches Calientes,"Burgeois: jamón, queso, salsa holandesa",11000.0,7.94,1385.0
2026-04-15,Sandwiches Calientes,Calamares Graten,17000.0,12.27,1385.0
2026-04-15,Sandwiches Calientes,Mejillones Graten,17000.0,12.27,1385.0
2026-04-15,Sandwiches Calientes,"Lucía: queso, champignon, salsa holandesa",12600.0,9.1,1385.0
2026-04-15,Sandwiches Calientes,"Vegeta: queso, morrones, cebolla, salsa holandesa$12600",12600.0,9.1,1385.0
2026-04-15,Sandwiches Calientes,"Andrés: pechuga de pavita, choclo, salsa portuguesa",11000.0,7.94,1385.0
2026-04-15,Sandwiches Calientes,"Lomo: lomo, salsa holandesa",12500.0,9.03,1385.0
2026-04-15,Sandwiches Calientes,"Pedrito: lomo, queso gratinado, salsa holandesa",13000.0,9.39,1385.0
2026-04-15,Sandwiches Calientes,"Jorge I: lomo, pimientos morrones, salsa holandesa",13000.0,9.39,1385.0
2026-04-15,Sandwiches Calientes,"Hamburger: lomo, cebolla frita, salsa holandesa",13000.0,9.39,1385.0
2026-04-15,Sandwiches Calientes,"Galli: lomo, jamón, queso, salsa holandesa",13500.0,9.75,1385.0
2026-04-15,Sandwiches Calientes,"Lomo Champignon: lomo, champignones, salsa holandesa",13500.0,9.75,1385.0
2026-04-15,Sandwiches Calientes,"Duende: lomo, jamón, tomate, salsa holandesa",13500.0,9.75,1385.0
2026-04-15,Sandwiches Calientes,Lomo 1/2 Caballo,13000.0,9.39,1385.0
2026-04-15,Sandwiches Calientes,"Hamenech: huevo, jamón, salsa holandesa",11000.0,7.94,1385.0
2026-04-15,Sandwiches Calientes,"Fangio: huevo, jamón, cebolla, salsa holandesa",12500.0,9.03,1385.0
2026-04-15,Sandwiches Calientes,"Barton: jamón, queso, cebolla saltada, salsa holandesa",12500.0,9.03,1385.0
2026-04-15,Sandwiches Calientes,"Carlitos: jamón, queso, salsa portuguesa",12500.0,9.03,1385.0
2026-04-15,Sandwiches Calientes,"Jamón Glasé Confitado: jamón, queso gratinado, salsa portuguesa, dulce, pan sandwich",11000.0,7.94,1385.0
2026-04-15,Sandwiches Calientes,"Roselli: pavita picada, jamón, queso, pebete",12500.0,9.03,1385.0
2026-04-15,Triples Especiales,12 unidades,26000.0,18.77,1385.0
2026-04-15,Triples Especiales,24 unidades,48500.0,35.02,1385.0
2026-04-15,Triples Especiales,48 unidades,84000.0,60.65,1385.0
2026-04-15,Triples Especiales,96 unidades,145000.0,104.69,1385.0
2026-04-16,Sandwiches Calientes,"Menditeguy: pechuga de pavita, queso gratinado, salsa holandesa",12500.0,9.06,1380.0
2026-04-16,Sandwiches Calientes,"Enz: pechuga de pavita, tomate, salsa holandesa",12500.0,9.06,1380.0
2026-04-16,Sandwiches Calientes,"Goñi: pechuga de pavita, queso gratinado, lechuga, salsa holandesa",12500.0,9.06,1380.0
2026-04-16,Sandwiches Calientes,"Roncal: pechuga de pavita, queso gratinado, jamón, salsa holandesa",13000.0,9.42,1380.0
2026-04-16,Sandwiches Calientes,"Pavita Graten: pechuga, queso gratinado, salsa portuguesa, pan sandwich",11000.0,7.97,1380.0
2026-04-16,Sandwiches Calientes,"Suprema de Pavita: pechuga de pavita, choclo, salsa portuguesa, rebosado en pan rallado",12500.0,9.06,1380.0
2026-04-16,Sandwiches Calientes,"Hot - Dog: salchicha, salsa holandesa, pebete",6500.0,4.71,1380.0
2026-04-16,Sandwiches Calientes,"Hot - Dog Graten: salchicha, queso gratinado, salsa holandesa",7000.0,5.07,1380.0
2026-04-16,Sandwiches Calientes,"Frankfurt: salchicha envuelta en pan de sandwich, salsa holandesa",6500.0,4.71,1380.0
2026-04-16,Sandwiches Calientes,Frankfurt Graten,7000.0,5.07,1380.0
2026-04-16,Sandwiches Calientes,"Oxford: salchicha, jamón y queso, envuelta en pan de sandwich, salsa holandesa",7500.0,5.43,1380.0
2026-04-16,Sandwiches Calientes,"Burgeois: jamón, queso, salsa holandesa",11000.0,7.97,1380.0
2026-04-16,Sandwiches Calientes,Calamares Graten,17000.0,12.32,1380.0
2026-04-16,Sandwiches Calientes,Mejillones Graten,17000.0,12.32,1380.0
2026-04-16,Sandwiches Calientes,"Lucía: queso, champignon, salsa holandesa",12600.0,9.13,1380.0
2026-04-16,Sandwiches Calientes,"Vegeta: queso, morrones, cebolla, salsa holandesa$12600",12600.0,9.13,1380.0
2026-04-16,Sandwiches Calientes,"Andrés: pechuga de pavita, choclo, salsa portuguesa",11000.0,7.97,1380.0
2026-04-16,Sandwiches Calientes,"Lomo: lomo, salsa holandesa",12500.0,9.06,1380.0
2026-04-16,Sandwiches Calientes,"Pedrito: lomo, queso gratinado, salsa holandesa",13000.0,9.42,1380.0
2026-04-16,Sandwiches Calientes,"Jorge I: lomo, pimientos morrones, salsa holandesa",13000.0,9.42,1380.0
2026-04-16,Sandwiches Calientes,"Hamburger: lomo, cebolla frita, salsa holandesa",13000.0,9.42,1380.0
2026-04-16,Sandwiches Calientes,"Galli: lomo, jamón, queso, salsa holandesa",13500.0,9.78,1380.0
2026-04-16,Sandwiches Calientes,"Lomo Champignon: lomo, champignones, salsa holandesa",13500.0,9.78,1380.0
2026-04-16,Sandwiches Calientes,"Duende: lomo, jamón, tomate, salsa holandesa",13500.0,9.78,1380.0
2026-04-16,Sandwiches Calientes,Lomo 1/2 Caballo,13000.0,9.42,1380.0
2026-04-16,Sandwiches Calientes,"Hamenech: huevo, jamón, salsa holandesa",11000.0,7.97,1380.0
2026-04-16,Sandwiches Calientes,"Fangio: huevo, jamón, cebolla, salsa holandesa",12500.0,9.06,1380.0
2026-04-16,Sandwiches Calientes,"Barton: jamón, queso, cebolla saltada, salsa holandesa",12500.0,9.06,1380.0
2026-04-16,Sandwiches Calientes,"Carlitos: jamón, queso, salsa portuguesa",12500.0,9.06,1380.0
2026-04-16,Sandwiches Calientes,"Jamón Glasé Confitado: jamón, queso gratinado, salsa portuguesa, dulce, pan sandwich",11000.0,7.97,1380.0
2026-04-16,Sandwiches Calientes,"Roselli: pavita picada, jamón, queso, pebete",12500.0,9.06,1380.0
2026-04-16,Triples Especiales,12 unidades,26000.0,18.84,1380.0
2026-04-16,Triples Especiales,24 unidades,48500.0,35.14,1380.0
2026-04-16,Triples Especiales,48 unidades,84000.0,60.87,1380.0
2026-04-16,Triples Especiales,96 unidades,145000.0,105.07,1380.0
2026-04-17,Sandwiches Calientes,"Menditeguy: pechuga de pavita, queso gratinado, salsa holandesa",12500.0,9.06,1380.0
2026-04-17,Sandwiches Calientes,"Enz: pechuga de pavita, tomate, salsa holandesa",12500.0,9.06,1380.0
2026-04-17,Sandwiches Calientes,"Goñi: pechuga de pavita, queso gratinado, lechuga, salsa holandesa",12500.0,9.06,1380.0
2026-04-17,Sandwiches Calientes,"Roncal: pechuga de pavita, queso gratinado, jamón, salsa holandesa",13000.0,9.42,1380.0
2026-04-17,Sandwiches Calientes,"Pavita Graten: pechuga, queso gratinado, salsa portuguesa, pan sandwich",11000.0,7.97,1380.0
2026-04-17,Sandwiches Calientes,"Suprema de Pavita: pechuga de pavita, choclo, salsa portuguesa, rebosado en pan rallado",12500.0,9.06,1380.0
2026-04-17,Sandwiches Calientes,"Hot - Dog: salchicha, salsa holandesa, pebete",6500.0,4.71,1380.0
2026-04-17,Sandwiches Calientes,"Hot - Dog Graten: salchicha, queso gratinado, salsa holandesa",7000.0,5.07,1380.0
2026-04-17,Sandwiches Calientes,"Frankfurt: salchicha envuelta en pan de sandwich, salsa holandesa",6500.0,4.71,1380.0
2026-04-17,Sandwiches Calientes,Frankfurt Graten,7000.0,5.07,1380.0
2026-04-17,Sandwiches Calientes,"Oxford: salchicha, jamón y queso, envuelta en pan de sandwich, salsa holandesa",7500.0,5.43,1380.0
2026-04-17,Sandwiches Calientes,"Burgeois: jamón, queso, salsa holandesa",11000.0,7.97,1380.0
2026-04-17,Sandwiches Calientes,Calamares Graten,17000.0,12.32,1380.0
2026-04-17,Sandwiches Calientes,Mejillones Graten,17000.0,12.32,1380.0
2026-04-17,Sandwiches Calientes,"Lucía: queso, champignon, salsa holandesa",12600.0,9.13,1380.0
2026-04-17,Sandwiches Calientes,"Vegeta: queso, morrones, cebolla, salsa holandesa$12600",12600.0,9.13,1380.0
2026-04-17,Sandwiches Calientes,"Andrés: pechuga de pavita, choclo, salsa portuguesa",11000.0,7.97,1380.0
2026-04-17,Sandwiches Calientes,"Lomo: lomo, salsa holandesa",12500.0,9.06,1380.0
2026-04-17,Sandwiches Calientes,"Pedrito: lomo, queso gratinado, salsa holandesa",13000.0,9.42,1380.0
2026-04-17,Sandwiches Calientes,"Jorge I: lomo, pimientos morrones, salsa holandesa",13000.0,9.42,1380.0
2026-04-17,Sandwiches Calientes,"Hamburger: lomo, cebolla frita, salsa holandesa",13000.0,9.42,1380.0
2026-04-17,Sandwiches Calientes,"Galli: lomo, jamón, queso, salsa holandesa",13500.0,9.78,1380.0
2026-04-17,Sandwiches Calientes,"Lomo Champignon: lomo, champignones, salsa holandesa",13500.0,9.78,1380.0
2026-04-17,Sandwiches Calientes,"Duende: lomo, jamón, tomate, salsa holandesa",13500.0,9.78,1380.0
2026-04-17,Sandwiches Calientes,Lomo 1/2 Caballo,13000.0,9.42,1380.0
2026-04-17,Sandwiches Calientes,"Hamenech: huevo, jamón, salsa holandesa",11000.0,7.97,1380.0
2026-04-17,Sandwiches Calientes,"Fangio: huevo, jamón, cebolla, salsa holandesa",12500.0,9.06,1380.0
2026-04-17,Sandwiches Calientes,"Barton: jamón, queso, cebolla saltada, salsa holandesa",12500.0,9.06,1380.0
2026-04-17,Sandwiches Calientes,"Carlitos: jamón, queso, salsa portuguesa",12500.0,9.06,1380.0
2026-04-17,Sandwiches Calientes,"Jamón Glasé Confitado: jamón, queso gratinado, salsa portuguesa, dulce, pan sandwich",11000.0,7.97,1380.0
2026-04-17,Sandwiches Calientes,"Roselli: pavita picada, jamón, queso, pebete",12500.0,9.06,1380.0
2026-04-17,Triples Especiales,12 unidades,26000.0,18.84,1380.0
2026-04-17,Triples Especiales,24 unidades,48500.0,35.14,1380.0
2026-04-17,Triples Especiales,48 unidades,84000.0,60.87,1380.0
2026-04-17,Triples Especiales,96 unidades,145000.0,105.07,1380.0
2026-04-18,Sandwiches Calientes,"Menditeguy: pechuga de pavita, queso gratinado, salsa holandesa",12500.0,8.99,1390.0
2026-04-18,Sandwiches Calientes,"Enz: pechuga de pavita, tomate, salsa holandesa",12500.0,8.99,1390.0
2026-04-18,Sandwiches Calientes,"Goñi: pechuga de pavita, queso gratinado, lechuga, salsa holandesa",12500.0,8.99,1390.0
2026-04-18,Sandwiches Calientes,"Roncal: pechuga de pavita, queso gratinado, jamón, salsa holandesa",13000.0,9.35,1390.0
2026-04-18,Sandwiches Calientes,"Pavita Graten: pechuga, queso gratinado, salsa portuguesa, pan sandwich",11000.0,7.91,1390.0
2026-04-18,Sandwiches Calientes,"Suprema de Pavita: pechuga de pavita, choclo, salsa portuguesa, rebosado en pan rallado",12500.0,8.99,1390.0
2026-04-18,Sandwiches Calientes,"Hot - Dog: salchicha, salsa holandesa, pebete",6500.0,4.68,1390.0
2026-04-18,Sandwiches Calientes,"Hot - Dog Graten: salchicha, queso gratinado, salsa holandesa",7000.0,5.04,1390.0
2026-04-18,Sandwiches Calientes,"Frankfurt: salchicha envuelta en pan de sandwich, salsa holandesa",6500.0,4.68,1390.0
2026-04-18,Sandwiches Calientes,Frankfurt Graten,7000.0,5.04,1390.0
2026-04-18,Sandwiches Calientes,"Oxford: salchicha, jamón y queso, envuelta en pan de sandwich, salsa holandesa",7500.0,5.4,1390.0
2026-04-18,Sandwiches Calientes,"Burgeois: jamón, queso, salsa holandesa",11000.0,7.91,1390.0
2026-04-18,Sandwiches Calientes,Calamares Graten,17000.0,12.23,1390.0
2026-04-18,Sandwiches Calientes,Mejillones Graten,17000.0,12.23,1390.0
2026-04-18,Sandwiches Calientes,"Lucía: queso, champignon, salsa holandesa",12600.0,9.06,1390.0
2026-04-18,Sandwiches Calientes,"Vegeta: queso, morrones, cebolla, salsa holandesa$12600",12600.0,9.06,1390.0
2026-04-18,Sandwiches Calientes,"Andrés: pechuga de pavita, choclo, salsa portuguesa",11000.0,7.91,1390.0
2026-04-18,Sandwiches Calientes,"Lomo: lomo, salsa holandesa",12500.0,8.99,1390.0
2026-04-18,Sandwiches Calientes,"Pedrito: lomo, queso gratinado, salsa holandesa",13000.0,9.35,1390.0
2026-04-18,Sandwiches Calientes,"Jorge I: lomo, pimientos morrones, salsa holandesa",13000.0,9.35,1390.0
2026-04-18,Sandwiches Calientes,"Hamburger: lomo, cebolla frita, salsa holandesa",13000.0,9.35,1390.0
2026-04-18,Sandwiches Calientes,"Galli: lomo, jamón, queso, salsa holandesa",13500.0,9.71,1390.0
2026-04-18,Sandwiches Calientes,"Lomo Champignon: lomo, champignones, salsa holandesa",13500.0,9.71,1390.0
2026-04-18,Sandwiches Calientes,"Duende: lomo, jamón, tomate, salsa holandesa",13500.0,9.71,1390.0
2026-04-18,Sandwiches Calientes,Lomo 1/2 Caballo,13000.0,9.35,1390.0
2026-04-18,Sandwiches Calientes,"Hamenech: huevo, jamón, salsa holandesa",11000.0,7.91,1390.0
2026-04-18,Sandwiches Calientes,"Fangio: huevo, jamón, cebolla, salsa holandesa",12500.0,8.99,1390.0
2026-04-18,Sandwiches Calientes,"Barton: jamón, queso, cebolla saltada, salsa holandesa",12500.0,8.99,1390.0
2026-04-18,Sandwiches Calientes,"Carlitos: jamón, queso, salsa portuguesa",12500.0,8.99,1390.0
2026-04-18,Sandwiches Calientes,"Jamón Glasé Confitado: jamón, queso gratinado, salsa portuguesa, dulce, pan sandwich",11000.0,7.91,1390.0
2026-04-18,Sandwiches Calientes,"Roselli: pavita picada, jamón, queso, pebete",12500.0,8.99,1390.0
2026-04-18,Triples Especiales,12 unidades,26000.0,18.71,1390.0
2026-04-18,Triples Especiales,24 unidades,48500.0,34.89,1390.0
2026-04-18,Triples Especiales,48 unidades,84000.0,60.43,1390.0
2026-04-18,Triples Especiales,96 unidades,145000.0,104.32,1390.0
2026-04-19,Sandwiches Calientes,"Menditeguy: pechuga de pavita, queso gratinado, salsa holandesa",12500.0,8.99,1390.0
2026-04-19,Sandwiches Calientes,"Enz: pechuga de pavita, tomate, salsa holandesa",12500.0,8.99,1390.0
2026-04-19,Sandwiches Calientes,"Goñi: pechuga de pavita, queso gratinado, lechuga, salsa holandesa",12500.0,8.99,1390.0
2026-04-19,Sandwiches Calientes,"Roncal: pechuga de pavita, queso gratinado, jamón, salsa holandesa",13000.0,9.35,1390.0
2026-04-19,Sandwiches Calientes,"Pavita Graten: pechuga, queso gratinado, salsa portuguesa, pan sandwich",11000.0,7.91,1390.0
2026-04-19,Sandwiches Calientes,"Suprema de Pavita: pechuga de pavita, choclo, salsa portuguesa, rebosado en pan rallado",12500.0,8.99,1390.0
2026-04-19,Sandwiches Calientes,"Hot - Dog: salchicha, salsa holandesa, pebete",6500.0,4.68,1390.0
2026-04-19,Sandwiches Calientes,"Hot - Dog Graten: salchicha, queso gratinado, salsa holandesa",7000.0,5.04,1390.0
2026-04-19,Sandwiches Calientes,"Frankfurt: salchicha envuelta en pan de sandwich, salsa holandesa",6500.0,4.68,1390.0
2026-04-19,Sandwiches Calientes,Frankfurt Graten,7000.0,5.04,1390.0
2026-04-19,Sandwiches Calientes,"Oxford: salchicha, jamón y queso, envuelta en pan de sandwich, salsa holandesa",7500.0,5.4,1390.0
2026-04-19,Sandwiches Calientes,"Burgeois: jamón, queso, salsa holandesa",11000.0,7.91,1390.0
2026-04-19,Sandwiches Calientes,Calamares Graten,17000.0,12.23,1390.0
2026-04-19,Sandwiches Calientes,Mejillones Graten,17000.0,12.23,1390.0
2026-04-19,Sandwiches Calientes,"Lucía: queso, champignon, salsa holandesa",12600.0,9.06,1390.0
2026-04-19,Sandwiches Calientes,"Vegeta: queso, morrones, cebolla, salsa holandesa$12600",12600.0,9.06,1390.0
2026-04-19,Sandwiches Calientes,"Andrés: pechuga de pavita, choclo, salsa portuguesa",11000.0,7.91,1390.0
2026-04-19,Sandwiches Calientes,"Lomo: lomo, salsa holandesa",12500.0,8.99,1390.0
2026-04-19,Sandwiches Calientes,"Pedrito: lomo, queso gratinado, salsa holandesa",13000.0,9.35,1390.0
2026-04-19,Sandwiches Calientes,"Jorge I: lomo, pimientos morrones, salsa holandesa",13000.0,9.35,1390.0
2026-04-19,Sandwiches Calientes,"Hamburger: lomo, cebolla frita, salsa holandesa",13000.0,9.35,1390.0
2026-04-19,Sandwiches Calientes,"Galli: lomo, jamón, queso, salsa holandesa",13500.0,9.71,1390.0
2026-04-19,Sandwiches Calientes,"Lomo Champignon: lomo, champignones, salsa holandesa",13500.0,9.71,1390.0
2026-04-19,Sandwiches Calientes,"Duende: lomo, jamón, tomate, salsa holandesa",13500.0,9.71,1390.0
2026-04-19,Sandwiches Calientes,Lomo 1/2 Caballo,13000.0,9.35,1390.0
2026-04-19,Sandwiches Calientes,"Hamenech: huevo, jamón, salsa holandesa",11000.0,7.91,1390.0
2026-04-19,Sandwiches Calientes,"Fangio: huevo, jamón, cebolla, salsa holandesa",12500.0,8.99,1390.0
2026-04-19,Sandwiches Calientes,"Barton: jamón, queso, cebolla saltada, salsa holandesa",12500.0,8.99,1390.0
2026-04-19,Sandwiches Calientes,"Carlitos: jamón, queso, salsa portuguesa",12500.0,8.99,1390.0
2026-04-19,Sandwiches Calientes,"Jamón Glasé Confitado: jamón, queso gratinado, salsa portuguesa, dulce, pan sandwich",11000.0,7.91,1390.0
2026-04-19,Sandwiches Calientes,"Roselli: pavita picada, jamón, queso, pebete",12500.0,8.99,1390.0
2026-04-19,Triples Especiales,12 unidades,26000.0,18.71,1390.0
2026-04-19,Triples Especiales,24 unidades,48500.0,34.89,1390.0
2026-04-19,Triples Especiales,48 unidades,84000.0,60.43,1390.0
2026-04-19,Triples Especiales,96 unidades,145000.0,104.32,1390.0
2026-04-20,Sandwiches Calientes,"Menditeguy: pechuga de pavita, queso gratinado, salsa holandesa",12500.0,8.96,1395.0
2026-04-20,Sandwiches Calientes,"Enz: pechuga de pavita, tomate, salsa holandesa",12500.0,8.96,1395.0
2026-04-20,Sandwiches Calientes,"Goñi: pechuga de pavita, queso gratinado, lechuga, salsa holandesa",12500.0,8.96,1395.0
2026-04-20,Sandwiches Calientes,"Roncal: pechuga de pavita, queso gratinado, jamón, salsa holandesa",13000.0,9.32,1395.0
2026-04-20,Sandwiches Calientes,"Pavita Graten: pechuga, queso gratinado, salsa portuguesa, pan sandwich",11000.0,7.89,1395.0
2026-04-20,Sandwiches Calientes,"Suprema de Pavita: pechuga de pavita, choclo, salsa portuguesa, rebosado en pan rallado",12500.0,8.96,1395.0
2026-04-20,Sandwiches Calientes,"Hot - Dog: salchicha, salsa holandesa, pebete",6500.0,4.66,1395.0
2026-04-20,Sandwiches Calientes,"Hot - Dog Graten: salchicha, queso gratinado, salsa holandesa",7000.0,5.02,1395.0
2026-04-20,Sandwiches Calientes,"Frankfurt: salchicha envuelta en pan de sandwich, salsa holandesa",6500.0,4.66,1395.0
2026-04-20,Sandwiches Calientes,Frankfurt Graten,7000.0,5.02,1395.0
2026-04-20,Sandwiches Calientes,"Oxford: salchicha, jamón y queso, envuelta en pan de sandwich, salsa holandesa",7500.0,5.38,1395.0
2026-04-20,Sandwiches Calientes,"Burgeois: jamón, queso, salsa holandesa",11000.0,7.89,1395.0
2026-04-20,Sandwiches Calientes,Calamares Graten,17000.0,12.19,1395.0
2026-04-20,Sandwiches Calientes,Mejillones Graten,17000.0,12.19,1395.0
2026-04-20,Sandwiches Calientes,"Lucía: queso, champignon, salsa holandesa",12600.0,9.03,1395.0
2026-04-20,Sandwiches Calientes,"Vegeta: queso, morrones, cebolla, salsa holandesa$12600",12600.0,9.03,1395.0
2026-04-20,Sandwiches Calientes,"Andrés: pechuga de pavita, choclo, salsa portuguesa",11000.0,7.89,1395.0
2026-04-20,Sandwiches Calientes,"Lomo: lomo, salsa holandesa",12500.0,8.96,1395.0
2026-04-20,Sandwiches Calientes,"Pedrito: lomo, queso gratinado, salsa holandesa",13000.0,9.32,1395.0
2026-04-20,Sandwiches Calientes,"Jorge I: lomo, pimientos morrones, salsa holandesa",13000.0,9.32,1395.0
2026-04-20,Sandwiches Calientes,"Hamburger: lomo, cebolla frita, salsa holandesa",13000.0,9.32,1395.0
2026-04-20,Sandwiches Calientes,"Galli: lomo, jamón, queso, salsa holandesa",13500.0,9.68,1395.0
2026-04-20,Sandwiches Calientes,"Lomo Champignon: lomo, champignones, salsa holandesa",13500.0,9.68,1395.0
2026-04-20,Sandwiches Calientes,"Duende: lomo, jamón, tomate, salsa holandesa",13500.0,9.68,1395.0
2026-04-20,Sandwiches Calientes,Lomo 1/2 Caballo,13000.0,9.32,1395.0
2026-04-20,Sandwiches Calientes,"Hamenech: huevo, jamón, salsa holandesa",11000.0,7.89,1395.0
2026-04-20,Sandwiches Calientes,"Fangio: huevo, jamón, cebolla, salsa holandesa",12500.0,8.96,1395.0
2026-04-20,Sandwiches Calientes,"Barton: jamón, queso, cebolla saltada, salsa holandesa",12500.0,8.96,1395.0
2026-04-20,Sandwiches Calientes,"Carlitos: jamón, queso, salsa portuguesa",12500.0,8.96,1395.0
2026-04-20,Sandwiches Calientes,"Jamón Glasé Confitado: jamón, queso gratinado, salsa portuguesa, dulce, pan sandwich",11000.0,7.89,1395.0
2026-04-20,Sandwiches Calientes,"Roselli: pavita picada, jamón, queso, pebete",12500.0,8.96,1395.0
2026-04-20,Triples Especiales,12 unidades,26000.0,18.64,1395.0
2026-04-20,Triples Especiales,24 unidades,48500.0,34.77,1395.0
2026-04-20,Triples Especiales,48 unidades,84000.0,60.22,1395.0
2026-04-20,Triples Especiales,96 unidades,145000.0,103.94,1395.0
2026-04-21,Sandwiches Calientes,"Menditeguy: pechuga de pavita, queso gratinado, salsa holandesa",12500.0,8.93,1400.0
2026-04-21,Sandwiches Calientes,"Enz: pechuga de pavita, tomate, salsa holandesa",12500.0,8.93,1400.0
2026-04-21,Sandwiches Calientes,"Goñi: pechuga de pavita, queso gratinado, lechuga, salsa holandesa",12500.0,8.93,1400.0
2026-04-21,Sandwiches Calientes,"Roncal: pechuga de pavita, queso gratinado, jamón, salsa holandesa",13000.0,9.29,1400.0
2026-04-21,Sandwiches Calientes,"Pavita Graten: pechuga, queso gratinado, salsa portuguesa, pan sandwich",11000.0,7.86,1400.0
2026-04-21,Sandwiches Calientes,"Suprema de Pavita: pechuga de pavita, choclo, salsa portuguesa, rebosado en pan rallado",12500.0,8.93,1400.0
2026-04-21,Sandwiches Calientes,"Hot - Dog: salchicha, salsa holandesa, pebete",6500.0,4.64,1400.0
2026-04-21,Sandwiches Calientes,"Hot - Dog Graten: salchicha, queso gratinado, salsa holandesa",7000.0,5.0,1400.0
2026-04-21,Sandwiches Calientes,"Frankfurt: salchicha envuelta en pan de sandwich, salsa holandesa",6500.0,4.64,1400.0
2026-04-21,Sandwiches Calientes,Frankfurt Graten,7000.0,5.0,1400.0
2026-04-21,Sandwiches Calientes,"Oxford: salchicha, jamón y queso, envuelta en pan de sandwich, salsa holandesa",7500.0,5.36,1400.0
2026-04-21,Sandwiches Calientes,"Burgeois: jamón, queso, salsa holandesa",11000.0,7.86,1400.0
2026-04-21,Sandwiches Calientes,Calamares Graten,17000.0,12.14,1400.0
2026-04-21,Sandwiches Calientes,Mejillones Graten,17000.0,12.14,1400.0
2026-04-21,Sandwiches Calientes,"Lucía: queso, champignon, salsa holandesa",12600.0,9.0,1400.0
2026-04-21,Sandwiches Calientes,"Vegeta: queso, morrones, cebolla, salsa holandesa$12600",12600.0,9.0,1400.0
2026-04-21,Sandwiches Calientes,"Andrés: pechuga de pavita, choclo, salsa portuguesa",11000.0,7.86,1400.0
2026-04-21,Sandwiches Calientes,"Lomo: lomo, salsa holandesa",12500.0,8.93,1400.0
2026-04-21,Sandwiches Calientes,"Pedrito: lomo, queso gratinado, salsa holandesa",13000.0,9.29,1400.0
2026-04-21,Sandwiches Calientes,"Jorge I: lomo, pimientos morrones, salsa holandesa",13000.0,9.29,1400.0
2026-04-21,Sandwiches Calientes,"Hamburger: lomo, cebolla frita, salsa holandesa",13000.0,9.29,1400.0
2026-04-21,Sandwiches Calientes,"Galli: lomo, jamón, queso, salsa holandesa",13500.0,9.64,1400.0
2026-04-21,Sandwiches Calientes,"Lomo Champignon: lomo, champignones, salsa holandesa",13500.0,9.64,1400.0
2026-04-21,Sandwiches Calientes,"Duende: lomo, jamón, tomate, salsa holandesa",13500.0,9.64,1400.0
2026-04-21,Sandwiches Calientes,Lomo 1/2 Caballo,13000.0,9.29,1400.0
2026-04-21,Sandwiches Calientes,"Hamenech: huevo, jamón, salsa holandesa",11000.0,7.86,1400.0
2026-04-21,Sandwiches Calientes,"Fangio: huevo, jamón, cebolla, salsa holandesa",12500.0,8.93,1400.0
2026-04-21,Sandwiches Calientes,"Barton: jamón, queso, cebolla saltada, salsa holandesa",12500.0,8.93,1400.0
2026-04-21,Sandwiches Calientes,"Carlitos: jamón, queso, salsa portuguesa",12500.0,8.93,1400.0
2026-04-21,Sandwiches Calientes,"Jamón Glasé Confitado: jamón, queso gratinado, salsa portuguesa, dulce, pan sandwich",11000.0,7.86,1400.0
2026-04-21,Sandwiches Calientes,"Roselli: pavita picada, jamón, queso, pebete",12500.0,8.93,1400.0
2026-04-21,Triples Especiales,12 unidades,26000.0,18.57,1400.0
2026-04-21,Triples Especiales,24 unidades,48500.0,34.64,1400.0
2026-04-21,Triples Especiales,48 unidades,84000.0,60.0,1400.0
2026-04-21,Triples Especiales,96 unidades,145000.0,103.57,1400.0
2026-04-22,Sandwiches Calientes,"Menditeguy: pechuga de pavita, queso gratinado, salsa holandesa",12500.0,8.93,1400.0
2026-04-22,Sandwiches Calientes,"Enz: pechuga de pavita, tomate, salsa holandesa",12500.0,8.93,1400.0
2026-04-22,Sandwiches Calientes,"Goñi: pechuga de pavita, queso gratinado, lechuga, salsa holandesa",12500.0,8.93,1400.0
2026-04-22,Sandwiches Calientes,"Roncal: pechuga de pavita, queso gratinado, jamón, salsa holandesa",13000.0,9.29,1400.0
2026-04-22,Sandwiches Calientes,"Pavita Graten: pechuga, queso gratinado, salsa portuguesa, pan sandwich",11000.0,7.86,1400.0
2026-04-22,Sandwiches Calientes,"Suprema de Pavita: pechuga de pavita, choclo, salsa portuguesa, rebosado en pan rallado",12500.0,8.93,1400.0
2026-04-22,Sandwiches Calientes,"Hot - Dog: salchicha, salsa holandesa, pebete",6500.0,4.64,1400.0
2026-04-22,Sandwiches Calientes,"Hot - Dog Graten: salchicha, queso gratinado, salsa holandesa",7000.0,5.0,1400.0
2026-04-22,Sandwiches Calientes,"Frankfurt: salchicha envuelta en pan de sandwich, salsa holandesa",6500.0,4.64,1400.0
2026-04-22,Sandwiches Calientes,Frankfurt Graten,7000.0,5.0,1400.0
2026-04-22,Sandwiches Calientes,"Oxford: salchicha, jamón y queso, envuelta en pan de sandwich, salsa holandesa",7500.0,5.36,1400.0
2026-04-22,Sandwiches Calientes,"Burgeois: jamón, queso, salsa holandesa",11000.0,7.86,1400.0
2026-04-22,Sandwiches Calientes,Calamares Graten,17000.0,12.14,1400.0
2026-04-22,Sandwiches Calientes,Mejillones Graten,17000.0,12.14,1400.0
2026-04-22,Sandwiches Calientes,"Lucía: queso, champignon, salsa holandesa",12600.0,9.0,1400.0
2026-04-22,Sandwiches Calientes,"Vegeta: queso, morrones, cebolla, salsa holandesa$12600",12600.0,9.0,1400.0
2026-04-22,Sandwiches Calientes,"Andrés: pechuga de pavita, choclo, salsa portuguesa",11000.0,7.86,1400.0
2026-04-22,Sandwiches Calientes,"Lomo: lomo, salsa holandesa",12500.0,8.93,1400.0
2026-04-22,Sandwiches Calientes,"Pedrito: lomo, queso gratinado, salsa holandesa",13000.0,9.29,1400.0
2026-04-22,Sandwiches Calientes,"Jorge I: lomo, pimientos morrones, salsa holandesa",13000.0,9.29,1400.0
2026-04-22,Sandwiches Calientes,"Hamburger: lomo, cebolla frita, salsa holandesa",13000.0,9.29,1400.0
2026-04-22,Sandwiches Calientes,"Galli: lomo, jamón, queso, salsa holandesa",13500.0,9.64,1400.0
2026-04-22,Sandwiches Calientes,"Lomo Champignon: lomo, champignones, salsa holandesa",13500.0,9.64,1400.0
2026-04-22,Sandwiches Calientes,"Duende: lomo, jamón, tomate, salsa holandesa",13500.0,9.64,1400.0
2026-04-22,Sandwiches Calientes,Lomo 1/2 Caballo,13000.0,9.29,1400.0
2026-04-22,Sandwiches Calientes,"Hamenech: huevo, jamón, salsa holandesa",11000.0,7.86,1400.0
2026-04-22,Sandwiches Calientes,"Fangio: huevo, jamón, cebolla, salsa holandesa",12500.0,8.93,1400.0
2026-04-22,Sandwiches Calientes,"Barton: jamón, queso, cebolla saltada, salsa holandesa",12500.0,8.93,1400.0
2026-04-22,Sandwiches Calientes,"Carlitos: jamón, queso, salsa portuguesa",12500.0,8.93,1400.0
2026-04-22,Sandwiches Calientes,"Jamón Glasé Confitado: jamón, queso gratinado, salsa portuguesa, dulce, pan sandwich",11000.0,7.86,1400.0
2026-04-22,Sandwiches Calientes,"Roselli: pavita picada, jamón, queso, pebete",12500.0,8.93,1400.0
2026-04-22,Triples Especiales,12 unidades,26000.0,18.57,1400.0
2026-04-22,Triples Especiales,24 unidades,48500.0,34.64,1400.0
2026-04-22,Triples Especiales,48 unidades,84000.0,60.0,1400.0
2026-04-22,Triples Especiales,96 unidades,145000.0,103.57,1400.0
2026-04-23,Sandwiches Calientes,"Menditeguy: pechuga de pavita, queso gratinado, salsa holandesa",12500.0,8.9,1405.0
2026-04-23,Sandwiches Calientes,"Enz: pechuga de pavita, tomate, salsa holandesa",12500.0,8.9,1405.0
2026-04-23,Sandwiches Calientes,"Goñi: pechuga de pavita, queso gratinado, lechuga, salsa holandesa",12500.0,8.9,1405.0
2026-04-23,Sandwiches Calientes,"Roncal: pechuga de pavita, queso gratinado, jamón, salsa holandesa",13000.0,9.25,1405.0
2026-04-23,Sandwiches Calientes,"Pavita Graten: pechuga, queso gratinado, salsa portuguesa, pan sandwich",11000.0,7.83,1405.0
2026-04-23,Sandwiches Calientes,"Suprema de Pavita: pechuga de pavita, choclo, salsa portuguesa, rebosado en pan rallado",12500.0,8.9,1405.0
2026-04-23,Sandwiches Calientes,"Hot - Dog: salchicha, salsa holandesa, pebete",6500.0,4.63,1405.0
2026-04-23,Sandwiches Calientes,"Hot - Dog Graten: salchicha, queso gratinado, salsa holandesa",7000.0,4.98,1405.0
2026-04-23,Sandwiches Calientes,"Frankfurt: salchicha envuelta en pan de sandwich, salsa holandesa",6500.0,4.63,1405.0
2026-04-23,Sandwiches Calientes,Frankfurt Graten,7000.0,4.98,1405.0
2026-04-23,Sandwiches Calientes,"Oxford: salchicha, jamón y queso, envuelta en pan de sandwich, salsa holandesa",7500.0,5.34,1405.0
2026-04-23,Sandwiches Calientes,"Burgeois: jamón, queso, salsa holandesa",11000.0,7.83,1405.0
2026-04-23,Sandwiches Calientes,Calamares Graten,17000.0,12.1,1405.0
2026-04-23,Sandwiches Calientes,Mejillones Graten,17000.0,12.1,1405.0
2026-04-23,Sandwiches Calientes,"Lucía: queso, champignon, salsa holandesa",12600.0,8.97,1405.0
2026-04-23,Sandwiches Calientes,"Vegeta: queso, morrones, cebolla, salsa holandesa$12600",12600.0,8.97,1405.0
2026-04-23,Sandwiches Calientes,"Andrés: pechuga de pavita, choclo, salsa portuguesa",11000.0,7.83,1405.0
2026-04-23,Sandwiches Calientes,"Lomo: lomo, salsa holandesa",12500.0,8.9,1405.0
2026-04-23,Sandwiches Calientes,"Pedrito: lomo, queso gratinado, salsa holandesa",13000.0,9.25,1405.0
2026-04-23,Sandwiches Calientes,"Jorge I: lomo, pimientos morrones, salsa holandesa",13000.0,9.25,1405.0
2026-04-23,Sandwiches Calientes,"Hamburger: lomo, cebolla frita, salsa holandesa",13000.0,9.25,1405.0
2026-04-23,Sandwiches Calientes,"Galli: lomo, jamón, queso, salsa holandesa",13500.0,9.61,1405.0
2026-04-23,Sandwiches Calientes,"Lomo Champignon: lomo, champignones, salsa holandesa",13500.0,9.61,1405.0
2026-04-23,Sandwiches Calientes,"Duende: lomo, jamón, tomate, salsa holandesa",13500.0,9.61,1405.0
2026-04-23,Sandwiches Calientes,Lomo 1/2 Caballo,13000.0,9.25,1405.0
2026-04-23,Sandwiches Calientes,"Hamenech: huevo, jamón, salsa holandesa",11000.0,7.83,1405.0
2026-04-23,Sandwiches Calientes,"Fangio: huevo, jamón, cebolla, salsa holandesa",12500.0,8.9,1405.0
2026-04-23,Sandwiches Calientes,"Barton: jamón, queso, cebolla saltada, salsa holandesa",12500.0,8.9,1405.0
2026-04-23,Sandwiches Calientes,"Carlitos: jamón, queso, salsa portuguesa",12500.0,8.9,1405.0
2026-04-23,Sandwiches Calientes,"Jamón Glasé Confitado: jamón, queso gratinado, salsa portuguesa, dulce, pan sandwich",11000.0,7.83,1405.0
2026-04-23,Sandwiches Calientes,"Roselli: pavita picada, jamón, queso, pebete",12500.0,8.9,1405.0
2026-04-23,Triples Especiales,12 unidades,26000.0,18.51,1405.0
2026-04-23,Triples Especiales,24 unidades,48500.0,34.52,1405.0
2026-04-23,Triples Especiales,48 unidades,84000.0,59.79,1405.0
2026-04-23,Triples Especiales,96 unidades,145000.0,103.2,1405.0
2026-04-24,Sandwiches Calientes,"Menditeguy: pechuga de pavita, queso gratinado, salsa holandesa",12500.0,8.8,1420.0
2026-04-24,Sandwiches Calientes,"Enz: pechuga de pavita, tomate, salsa holandesa",12500.0,8.8,1420.0
2026-04-24,Sandwiches Calientes,"Goñi: pechuga de pavita, queso gratinado, lechuga, salsa holandesa",12500.0,8.8,1420.0
2026-04-24,Sandwiches Calientes,"Roncal: pechuga de pavita, queso gratinado, jamón, salsa holandesa",13000.0,9.15,1420.0
2026-04-24,Sandwiches Calientes,"Pavita Graten: pechuga, queso gratinado, salsa portuguesa, pan sandwich",11000.0,7.75,1420.0
2026-04-24,Sandwiches Calientes,"Suprema de Pavita: pechuga de pavita, choclo, salsa portuguesa, rebosado en pan rallado",12500.0,8.8,1420.0
2026-04-24,Sandwiches Calientes,"Hot - Dog: salchicha, salsa holandesa, pebete",6500.0,4.58,1420.0
2026-04-24,Sandwiches Calientes,"Hot - Dog Graten: salchicha, queso gratinado, salsa holandesa",7000.0,4.93,1420.0
2026-04-24,Sandwiches Calientes,"Frankfurt: salchicha envuelta en pan de sandwich, salsa holandesa",6500.0,4.58,1420.0
2026-04-24,Sandwiches Calientes,Frankfurt Graten,7000.0,4.93,1420.0
2026-04-24,Sandwiches Calientes,"Oxford: salchicha, jamón y queso, envuelta en pan de sandwich, salsa holandesa",7500.0,5.28,1420.0
2026-04-24,Sandwiches Calientes,"Burgeois: jamón, queso, salsa holandesa",11000.0,7.75,1420.0
2026-04-24,Sandwiches Calientes,Calamares Graten,17000.0,11.97,1420.0
2026-04-24,Sandwiches Calientes,Mejillones Graten,17000.0,11.97,1420.0
2026-04-24,Sandwiches Calientes,"Lucía: queso, champignon, salsa holandesa",12600.0,8.87,1420.0
2026-04-24,Sandwiches Calientes,"Vegeta: queso, morrones, cebolla, salsa holandesa$12600",12600.0,8.87,1420.0
2026-04-24,Sandwiches Calientes,"Andrés: pechuga de pavita, choclo, salsa portuguesa",11000.0,7.75,1420.0
2026-04-24,Sandwiches Calientes,"Lomo: lomo, salsa holandesa",12500.0,8.8,1420.0
2026-04-24,Sandwiches Calientes,"Pedrito: lomo, queso gratinado, salsa holandesa",13000.0,9.15,1420.0
2026-04-24,Sandwiches Calientes,"Jorge I: lomo, pimientos morrones, salsa holandesa",13000.0,9.15,1420.0
2026-04-24,Sandwiches Calientes,"Hamburger: lomo, cebolla frita, salsa holandesa",13000.0,9.15,1420.0
2026-04-24,Sandwiches Calientes,"Galli: lomo, jamón, queso, salsa holandesa",13500.0,9.51,1420.0
2026-04-24,Sandwiches Calientes,"Lomo Champignon: lomo, champignones, salsa holandesa",13500.0,9.51,1420.0
2026-04-24,Sandwiches Calientes,"Duende: lomo, jamón, tomate, salsa holandesa",13500.0,9.51,1420.0
2026-04-24,Sandwiches Calientes,Lomo 1/2 Caballo,13000.0,9.15,1420.0
2026-04-24,Sandwiches Calientes,"Hamenech: huevo, jamón, salsa holandesa",11000.0,7.75,1420.0
2026-04-24,Sandwiches Calientes,"Fangio: huevo, jamón, cebolla, salsa holandesa",12500.0,8.8,1420.0
2026-04-24,Sandwiches Calientes,"Barton: jamón, queso, cebolla saltada, salsa holandesa",12500.0,8.8,1420.0
2026-04-24,Sandwiches Calientes,"Carlitos: jamón, queso, salsa portuguesa",12500.0,8.8,1420.0
2026-04-24,Sandwiches Calientes,"Jamón Glasé Confitado: jamón, queso gratinado, salsa portuguesa, dulce, pan sandwich",11000.0,7.75,1420.0
2026-04-24,Sandwiches Calientes,"Roselli: pavita picada, jamón, queso, pebete",12500.0,8.8,1420.0
2026-04-24,Triples Especiales,12 unidades,26000.0,18.31,1420.0
2026-04-24,Triples Especiales,24 unidades,48500.0,34.15,1420.0
2026-04-24,Triples Especiales,48 unidades,84000.0,59.15,1420.0
2026-04-24,Triples Especiales,96 unidades,145000.0,102.11,1420.0
2026-04-25,Sandwiches Calientes,"Menditeguy: pechuga de pavita, queso gratinado, salsa holandesa",12500.0,8.8,1420.0
2026-04-25,Sandwiches Calientes,"Enz: pechuga de pavita, tomate, salsa holandesa",12500.0,8.8,1420.0
2026-04-25,Sandwiches Calientes,"Goñi: pechuga de pavita, queso gratinado, lechuga, salsa holandesa",12500.0,8.8,1420.0
2026-04-25,Sandwiches Calientes,"Roncal: pechuga de pavita, queso gratinado, jamón, salsa holandesa",13000.0,9.15,1420.0
2026-04-25,Sandwiches Calientes,"Pavita Graten: pechuga, queso gratinado, salsa portuguesa, pan sandwich",11000.0,7.75,1420.0
2026-04-25,Sandwiches Calientes,"Suprema de Pavita: pechuga de pavita, choclo, salsa portuguesa, rebosado en pan rallado",12500.0,8.8,1420.0
2026-04-25,Sandwiches Calientes,"Hot - Dog: salchicha, salsa holandesa, pebete",6500.0,4.58,1420.0
2026-04-25,Sandwiches Calientes,"Hot - Dog Graten: salchicha, queso gratinado, salsa holandesa",7000.0,4.93,1420.0
2026-04-25,Sandwiches Calientes,"Frankfurt: salchicha envuelta en pan de sandwich, salsa holandesa",6500.0,4.58,1420.0
2026-04-25,Sandwiches Calientes,Frankfurt Graten,7000.0,4.93,1420.0
2026-04-25,Sandwiches Calientes,"Oxford: salchicha, jamón y queso, envuelta en pan de sandwich, salsa holandesa",7500.0,5.28,1420.0
2026-04-25,Sandwiches Calientes,"Burgeois: jamón, queso, salsa holandesa",11000.0,7.75,1420.0
2026-04-25,Sandwiches Calientes,Calamares Graten,17000.0,11.97,1420.0
2026-04-25,Sandwiches Calientes,Mejillones Graten,17000.0,11.97,1420.0
2026-04-25,Sandwiches Calientes,"Lucía: queso, champignon, salsa holandesa",12600.0,8.87,1420.0
2026-04-25,Sandwiches Calientes,"Vegeta: queso, morrones, cebolla, salsa holandesa$12600",12600.0,8.87,1420.0
2026-04-25,Sandwiches Calientes,"Andrés: pechuga de pavita, choclo, salsa portuguesa",11000.0,7.75,1420.0
2026-04-25,Sandwiches Calientes,"Lomo: lomo, salsa holandesa",12500.0,8.8,1420.0
2026-04-25,Sandwiches Calientes,"Pedrito: lomo, queso gratinado, salsa holandesa",13000.0,9.15,1420.0
2026-04-25,Sandwiches Calientes,"Jorge I: lomo, pimientos morrones, salsa holandesa",13000.0,9.15,1420.0
2026-04-25,Sandwiches Calientes,"Hamburger: lomo, cebolla frita, salsa holandesa",13000.0,9.15,1420.0
2026-04-25,Sandwiches Calientes,"Galli: lomo, jamón, queso, salsa holandesa",13500.0,9.51,1420.0
2026-04-25,Sandwiches Calientes,"Lomo Champignon: lomo, champignones, salsa holandesa",13500.0,9.51,1420.0
2026-04-25,Sandwiches Calientes,"Duende: lomo, jamón, tomate, salsa holandesa",13500.0,9.51,1420.0
2026-04-25,Sandwiches Calientes,Lomo 1/2 Caballo,13000.0,9.15,1420.0
2026-04-25,Sandwiches Calientes,"Hamenech: huevo, jamón, salsa holandesa",11000.0,7.75,1420.0
2026-04-25,Sandwiches Calientes,"Fangio: huevo, jamón, cebolla, salsa holandesa",12500.0,8.8,1420.0
2026-04-25,Sandwiches Calientes,"Barton: jamón, queso, cebolla saltada, salsa holandesa",12500.0,8.8,1420.0
2026-04-25,Sandwiches Calientes,"Carlitos: jamón, queso, salsa portuguesa",12500.0,8.8,1420.0
2026-04-25,Sandwiches Calientes,"Jamón Glasé Confitado: jamón, queso gratinado, salsa portuguesa, dulce, pan sandwich",11000.0,7.75,1420.0
2026-04-25,Sandwiches Calientes,"Roselli: pavita picada, jamón, queso, pebete",12500.0,8.8,1420.0
2026-04-25,Triples Especiales,12 unidades,26000.0,18.31,1420.0
2026-04-25,Triples Especiales,24 unidades,48500.0,34.15,1420.0
2026-04-25,Triples Especiales,48 unidades,84000.0,59.15,1420.0
2026-04-25,Triples Especiales,96 unidades,145000.0,102.11,1420.0
2026-04-26,Sandwiches Calientes,"Menditeguy: pechuga de pavita, queso gratinado, salsa holandesa",12500.0,8.8,1420.0
2026-04-26,Sandwiches Calientes,"Enz: pechuga de pavita, tomate, salsa holandesa",12500.0,8.8,1420.0
2026-04-26,Sandwiches Calientes,"Goñi: pechuga de pavita, queso gratinado, lechuga, salsa holandesa",12500.0,8.8,1420.0
2026-04-26,Sandwiches Calientes,"Roncal: pechuga de pavita, queso gratinado, jamón, salsa holandesa",13000.0,9.15,1420.0
2026-04-26,Sandwiches Calientes,"Pavita Graten: pechuga, queso gratinado, salsa portuguesa, pan sandwich",11000.0,7.75,1420.0
2026-04-26,Sandwiches Calientes,"Suprema de Pavita: pechuga de pavita, choclo, salsa portuguesa, rebosado en pan rallado",12500.0,8.8,1420.0
2026-04-26,Sandwiches Calientes,"Hot - Dog: salchicha, salsa holandesa, pebete",6500.0,4.58,1420.0
2026-04-26,Sandwiches Calientes,"Hot - Dog Graten: salchicha, queso gratinado, salsa holandesa",7000.0,4.93,1420.0
2026-04-26,Sandwiches Calientes,"Frankfurt: salchicha envuelta en pan de sandwich, salsa holandesa",6500.0,4.58,1420.0
2026-04-26,Sandwiches Calientes,Frankfurt Graten,7000.0,4.93,1420.0
2026-04-26,Sandwiches Calientes,"Oxford: salchicha, jamón y queso, envuelta en pan de sandwich, salsa holandesa",7500.0,5.28,1420.0
2026-04-26,Sandwiches Calientes,"Burgeois: jamón, queso, salsa holandesa",11000.0,7.75,1420.0
2026-04-26,Sandwiches Calientes,Calamares Graten,17000.0,11.97,1420.0
2026-04-26,Sandwiches Calientes,Mejillones Graten,17000.0,11.97,1420.0
2026-04-26,Sandwiches Calientes,"Lucía: queso, champignon, salsa holandesa",12600.0,8.87,1420.0
2026-04-26,Sandwiches Calientes,"Vegeta: queso, morrones, cebolla, salsa holandesa$12600",12600.0,8.87,1420.0
2026-04-26,Sandwiches Calientes,"Andrés: pechuga de pavita, choclo, salsa portuguesa",11000.0,7.75,1420.0
2026-04-26,Sandwiches Calientes,"Lomo: lomo, salsa holandesa",12500.0,8.8,1420.0
2026-04-26,Sandwiches Calientes,"Pedrito: lomo, queso gratinado, salsa holandesa",13000.0,9.15,1420.0
2026-04-26,Sandwiches Calientes,"Jorge I: lomo, pimientos morrones, salsa holandesa",13000.0,9.15,1420.0
2026-04-26,Sandwiches Calientes,"Hamburger: lomo, cebolla frita, salsa holandesa",13000.0,9.15,1420.0
2026-04-26,Sandwiches Calientes,"Galli: lomo, jamón, queso, salsa holandesa",13500.0,9.51,1420.0
2026-04-26,Sandwiches Calientes,"Lomo Champignon: lomo, champignones, salsa holandesa",13500.0,9.51,1420.0
2026-04-26,Sandwiches Calientes,"Duende: lomo, jamón, tomate, salsa holandesa",13500.0,9.51,1420.0
2026-04-26,Sandwiches Calientes,Lomo 1/2 Caballo,13000.0,9.15,1420.0
2026-04-26,Sandwiches Calientes,"Hamenech: huevo, jamón, salsa holandesa",11000.0,7.75,1420.0
2026-04-26,Sandwiches Calientes,"Fangio: huevo, jamón, cebolla, salsa holandesa",12500.0,8.8,1420.0
2026-04-26,Sandwiches Calientes,"Barton: jamón, queso, cebolla saltada, salsa holandesa",12500.0,8.8,1420.0
2026-04-26,Sandwiches Calientes,"Carlitos: jamón, queso, salsa portuguesa",12500.0,8.8,1420.0
2026-04-26,Sandwiches Calientes,"Jamón Glasé Confitado: jamón, queso gratinado, salsa portuguesa, dulce, pan sandwich",11000.0,7.75,1420.0
2026-04-26,Sandwiches Calientes,"Roselli: pavita picada, jamón, queso, pebete",12500.0,8.8,1420.0
2026-04-26,Triples Especiales,12 unidades,26000.0,18.31,1420.0
2026-04-26,Triples Especiales,24 unidades,48500.0,34.15,1420.0
2026-04-26,Triples Especiales,48 unidades,84000.0,59.15,1420.0
2026-04-26,Triples Especiales,96 unidades,145000.0,102.11,1420.0
2026-04-27,Sandwiches Calientes,"Menditeguy: pechuga de pavita, queso gratinado, salsa holandesa",12500.0,8.71,1435.0
2026-04-27,Sandwiches Calientes,"Enz: pechuga de pavita, tomate, salsa holandesa",12500.0,8.71,1435.0
2026-04-27,Sandwiches Calientes,"Goñi: pechuga de pavita, queso gratinado, lechuga, salsa holandesa",12500.0,8.71,1435.0
2026-04-27,Sandwiches Calientes,"Roncal: pechuga de pavita, queso gratinado, jamón, salsa holandesa",13000.0,9.06,1435.0
2026-04-27,Sandwiches Calientes,"Pavita Graten: pechuga, queso gratinado, salsa portuguesa, pan sandwich",11000.0,7.67,1435.0
2026-04-27,Sandwiches Calientes,"Suprema de Pavita: pechuga de pavita, choclo, salsa portuguesa, rebosado en pan rallado",12500.0,8.71,1435.0
2026-04-27,Sandwiches Calientes,"Hot - Dog: salchicha, salsa holandesa, pebete",6500.0,4.53,1435.0
2026-04-27,Sandwiches Calientes,"Hot - Dog Graten: salchicha, queso gratinado, salsa holandesa",7000.0,4.88,1435.0
2026-04-27,Sandwiches Calientes,"Frankfurt: salchicha envuelta en pan de sandwich, salsa holandesa",6500.0,4.53,1435.0
2026-04-27,Sandwiches Calientes,Frankfurt Graten,7000.0,4.88,1435.0
2026-04-27,Sandwiches Calientes,"Oxford: salchicha, jamón y queso, envuelta en pan de sandwich, salsa holandesa",7500.0,5.23,1435.0
2026-04-27,Sandwiches Calientes,"Burgeois: jamón, queso, salsa holandesa",11000.0,7.67,1435.0
2026-04-27,Sandwiches Calientes,Calamares Graten,17000.0,11.85,1435.0
2026-04-27,Sandwiches Calientes,Mejillones Graten,17000.0,11.85,1435.0
2026-04-27,Sandwiches Calientes,"Lucía: queso, champignon, salsa holandesa",12600.0,8.78,1435.0
2026-04-27,Sandwiches Calientes,"Vegeta: queso, morrones, cebolla, salsa holandesa$12600",12600.0,8.78,1435.0
2026-04-27,Sandwiches Calientes,"Andrés: pechuga de pavita, choclo, salsa portuguesa",11000.0,7.67,1435.0
2026-04-27,Sandwiches Calientes,"Lomo: lomo, salsa holandesa",12500.0,8.71,1435.0
2026-04-27,Sandwiches Calientes,"Pedrito: lomo, queso gratinado, salsa holandesa",13000.0,9.06,1435.0
2026-04-27,Sandwiches Calientes,"Jorge I: lomo, pimientos morrones, salsa holandesa",13000.0,9.06,1435.0
2026-04-27,Sandwiches Calientes,"Hamburger: lomo, cebolla frita, salsa holandesa",13000.0,9.06,1435.0
2026-04-27,Sandwiches Calientes,"Galli: lomo, jamón, queso, salsa holandesa",13500.0,9.41,1435.0
2026-04-27,Sandwiches Calientes,"Lomo Champignon: lomo, champignones, salsa holandesa",13500.0,9.41,1435.0
2026-04-27,Sandwiches Calientes,"Duende: lomo, jamón, tomate, salsa holandesa",13500.0,9.41,1435.0
2026-04-27,Sandwiches Calientes,Lomo 1/2 Caballo,13000.0,9.06,1435.0
2026-04-27,Sandwiches Calientes,"Hamenech: huevo, jamón, salsa holandesa",11000.0,7.67,1435.0
2026-04-27,Sandwiches Calientes,"Fangio: huevo, jamón, cebolla, salsa holandesa",12500.0,8.71,1435.0
2026-04-27,Sandwiches Calientes,"Barton: jamón, queso, cebolla saltada, salsa holandesa",12500.0,8.71,1435.0
2026-04-27,Sandwiches Calientes,"Carlitos: jamón, queso, salsa portuguesa",12500.0,8.71,1435.0
2026-04-27,Sandwiches Calientes,"Jamón Glasé Confitado: jamón, queso gratinado, salsa portuguesa, dulce, pan sandwich",11000.0,7.67,1435.0
2026-04-27,Sandwiches Calientes,"Roselli: pavita picada, jamón, queso, pebete",12500.0,8.71,1435.0
2026-04-27,Triples Especiales,12 unidades,26000.0,18.12,1435.0
2026-04-27,Triples Especiales,24 unidades,48500.0,33.8,1435.0
2026-04-27,Triples Especiales,48 unidades,84000.0,58.54,1435.0
2026-04-27,Triples Especiales,96 unidades,145000.0,101.05,1435.0
2026-04-28,Sandwiches Calientes,"Menditeguy: pechuga de pavita, queso gratinado, salsa holandesa",12500.0,8.74,1430.0
2026-04-28,Sandwiches Calientes,"Enz: pechuga de pavita, tomate, salsa holandesa",12500.0,8.74,1430.0
2026-04-28,Sandwiches Calientes,"Goñi: pechuga de pavita, queso gratinado, lechuga, salsa holandesa",12500.0,8.74,1430.0
2026-04-28,Sandwiches Calientes,"Roncal: pechuga de pavita, queso gratinado, jamón, salsa holandesa",13000.0,9.09,1430.0
2026-04-28,Sandwiches Calientes,"Pavita Graten: pechuga, queso gratinado, salsa portuguesa, pan sandwich",11000.0,7.69,1430.0
2026-04-28,Sandwiches Calientes,"Suprema de Pavita: pechuga de pavita, choclo, salsa portuguesa, rebosado en pan rallado",12500.0,8.74,1430.0
2026-04-28,Sandwiches Calientes,"Hot - Dog: salchicha, salsa holandesa, pebete",6500.0,4.55,1430.0
2026-04-28,Sandwiches Calientes,"Hot - Dog Graten: salchicha, queso gratinado, salsa holandesa",7000.0,4.9,1430.0
2026-04-28,Sandwiches Calientes,"Frankfurt: salchicha envuelta en pan de sandwich, salsa holandesa",6500.0,4.55,1430.0
2026-04-28,Sandwiches Calientes,Frankfurt Graten,7000.0,4.9,1430.0
2026-04-28,Sandwiches Calientes,"Oxford: salchicha, jamón y queso, envuelta en pan de sandwich, salsa holandesa",7500.0,5.24,1430.0
2026-04-28,Sandwiches Calientes,"Burgeois: jamón, queso, salsa holandesa",11000.0,7.69,1430.0
2026-04-28,Sandwiches Calientes,Calamares Graten,17000.0,11.89,1430.0
2026-04-28,Sandwiches Calientes,Mejillones Graten,17000.0,11.89,1430.0
2026-04-28,Sandwiches Calientes,"Lucía: queso, champignon, salsa holandesa",12600.0,8.81,1430.0
2026-04-28,Sandwiches Calientes,"Vegeta: queso, morrones, cebolla, salsa holandesa$12600",12600.0,8.81,1430.0
2026-04-28,Sandwiches Calientes,"Andrés: pechuga de pavita, choclo, salsa portuguesa",11000.0,7.69,1430.0
2026-04-28,Sandwiches Calientes,"Lomo: lomo, salsa holandesa",12500.0,8.74,1430.0
2026-04-28,Sandwiches Calientes,"Pedrito: lomo, queso gratinado, salsa holandesa",13000.0,9.09,1430.0
2026-04-28,Sandwiches Calientes,"Jorge I: lomo, pimientos morrones, salsa holandesa",13000.0,9.09,1430.0
2026-04-28,Sandwiches Calientes,"Hamburger: lomo, cebolla frita, salsa holandesa",13000.0,9.09,1430.0
2026-04-28,Sandwiches Calientes,"Galli: lomo, jamón, queso, salsa holandesa",13500.0,9.44,1430.0
2026-04-28,Sandwiches Calientes,"Lomo Champignon: lomo, champignones, salsa holandesa",13500.0,9.44,1430.0
2026-04-28,Sandwiches Calientes,"Duende: lomo, jamón, tomate, salsa holandesa",13500.0,9.44,1430.0
2026-04-28,Sandwiches Calientes,Lomo 1/2 Caballo,13000.0,9.09,1430.0
2026-04-28,Sandwiches Calientes,"Hamenech: huevo, jamón, salsa holandesa",11000.0,7.69,1430.0
2026-04-28,Sandwiches Calientes,"Fangio: huevo, jamón, cebolla, salsa holandesa",12500.0,8.74,1430.0
2026-04-28,Sandwiches Calientes,"Barton: jamón, queso, cebolla saltada, salsa holandesa",12500.0,8.74,1430.0
2026-04-28,Sandwiches Calientes,"Carlitos: jamón, queso, salsa portuguesa",12500.0,8.74,1430.0
2026-04-28,Sandwiches Calientes,"Jamón Glasé Confitado: jamón, queso gratinado, salsa portuguesa, dulce, pan sandwich",11000.0,7.69,1430.0
2026-04-28,Sandwiches Calientes,"Roselli: pavita picada, jamón, queso, pebete",12500.0,8.74,1430.0
2026-04-28,Triples Especiales,12 unidades,26000.0,18.18,1430.0
2026-04-28,Triples Especiales,24 unidades,48500.0,33.92,1430.0
2026-04-28,Triples Especiales,48 unidades,84000.0,58.74,1430.0
2026-04-28,Triples Especiales,96 unidades,145000.0,101.4,1430.0
2026-04-29,Sandwiches Calientes,"Menditeguy: pechuga de pavita, queso gratinado, salsa holandesa",12500.0,8.8,1420.0
2026-04-29,Sandwiches Calientes,"Enz: pechuga de pavita, tomate, salsa holandesa",12500.0,8.8,1420.0
2026-04-29,Sandwiches Calientes,"Goñi: pechuga de pavita, queso gratinado, lechuga, salsa holandesa",12500.0,8.8,1420.0
2026-04-29,Sandwiches Calientes,"Roncal: pechuga de pavita, queso gratinado, jamón, salsa holandesa",13000.0,9.15,1420.0
2026-04-29,Sandwiches Calientes,"Pavita Graten: pechuga, queso gratinado, salsa portuguesa, pan sandwich",11000.0,7.75,1420.0
2026-04-29,Sandwiches Calientes,"Suprema de Pavita: pechuga de pavita, choclo, salsa portuguesa, rebosado en pan rallado",12500.0,8.8,1420.0
2026-04-29,Sandwiches Calientes,"Hot - Dog: salchicha, salsa holandesa, pebete",6500.0,4.58,1420.0
2026-04-29,Sandwiches Calientes,"Hot - Dog Graten: salchicha, queso gratinado, salsa holandesa",7000.0,4.93,1420.0
2026-04-29,Sandwiches Calientes,"Frankfurt: salchicha envuelta en pan de sandwich, salsa holandesa",6500.0,4.58,1420.0
2026-04-29,Sandwiches Calientes,Frankfurt Graten,7000.0,4.93,1420.0
2026-04-29,Sandwiches Calientes,"Oxford: salchicha, jamón y queso, envuelta en pan de sandwich, salsa holandesa",7500.0,5.28,1420.0
2026-04-29,Sandwiches Calientes,"Burgeois: jamón, queso, salsa holandesa",11000.0,7.75,1420.0
2026-04-29,Sandwiches Calientes,Calamares Graten,17000.0,11.97,1420.0
2026-04-29,Sandwiches Calientes,Mejillones Graten,17000.0,11.97,1420.0
2026-04-29,Sandwiches Calientes,"Lucía: queso, champignon, salsa holandesa",12600.0,8.87,1420.0
2026-04-29,Sandwiches Calientes,"Vegeta: queso, morrones, cebolla, salsa holandesa$12600",12600.0,8.87,1420.0
2026-04-29,Sandwiches Calientes,"Andrés: pechuga de pavita, choclo, salsa portuguesa",11000.0,7.75,1420.0
2026-04-29,Sandwiches Calientes,"Lomo: lomo, salsa holandesa",12500.0,8.8,1420.0
2026-04-29,Sandwiches Calientes,"Pedrito: lomo, queso gratinado, salsa holandesa",13000.0,9.15,1420.0
2026-04-29,Sandwiches Calientes,"Jorge I: lomo, pimientos morrones, salsa holandesa",13000.0,9.15,1420.0
2026-04-29,Sandwiches Calientes,"Hamburger: lomo, cebolla frita, salsa holandesa",13000.0,9.15,1420.0
2026-04-29,Sandwiches Calientes,"Galli: lomo, jamón, queso, salsa holandesa",13500.0,9.51,1420.0
2026-04-29,Sandwiches Calientes,"Lomo Champignon: lomo, champignones, salsa holandesa",13500.0,9.51,1420.0
2026-04-29,Sandwiches Calientes,"Duende: lomo, jamón, tomate, salsa holandesa",13500.0,9.51,1420.0
2026-04-29,Sandwiches Calientes,Lomo 1/2 Caballo,13000.0,9.15,1420.0
2026-04-29,Sandwiches Calientes,"Hamenech: huevo, jamón, salsa holandesa",11000.0,7.75,1420.0
2026-04-29,Sandwiches Calientes,"Fangio: huevo, jamón, cebolla, salsa holandesa",12500.0,8.8,1420.0
2026-04-29,Sandwiches Calientes,"Barton: jamón, queso, cebolla saltada, salsa holandesa",12500.0,8.8,1420.0
2026-04-29,Sandwiches Calientes,"Carlitos: jamón, queso, salsa portuguesa",12500.0,8.8,1420.0
2026-04-29,Sandwiches Calientes,"Jamón Glasé Confitado: jamón, queso gratinado, salsa portuguesa, dulce, pan sandwich",11000.0,7.75,1420.0
2026-04-29,Sandwiches Calientes,"Roselli: pavita picada, jamón, queso, pebete",12500.0,8.8,1420.0
2026-04-29,Triples Especiales,12 unidades,26000.0,18.31,1420.0
2026-04-29,Triples Especiales,24 unidades,48500.0,34.15,1420.0
2026-04-29,Triples Especiales,48 unidades,84000.0,59.15,1420.0
2026-04-29,Triples Especiales,96 unidades,145000.0,102.11,1420.0
2026-04-30,Sandwiches Calientes,"Menditeguy: pechuga de pavita, queso gratinado, salsa holandesa",12500.0,8.9,1405.0
2026-04-30,Sandwiches Calientes,"Enz: pechuga de pavita, tomate, salsa holandesa",12500.0,8.9,1405.0
2026-04-30,Sandwiches Calientes,"Goñi: pechuga de pavita, queso gratinado, lechuga, salsa holandesa",12500.0,8.9,1405.0
2026-04-30,Sandwiches Calientes,"Roncal: pechuga de pavita, queso gratinado, jamón, salsa holandesa",13000.0,9.25,1405.0
2026-04-30,Sandwiches Calientes,"Pavita Graten: pechuga, queso gratinado, salsa portuguesa, pan sandwich",11000.0,7.83,1405.0
2026-04-30,Sandwiches Calientes,"Suprema de Pavita: pechuga de pavita, choclo, salsa portuguesa, rebosado en pan rallado",12500.0,8.9,1405.0
2026-04-30,Sandwiches Calientes,"Hot - Dog: salchicha, salsa holandesa, pebete",6500.0,4.63,1405.0
2026-04-30,Sandwiches Calientes,"Hot - Dog Graten: salchicha, queso gratinado, salsa holandesa",7000.0,4.98,1405.0
2026-04-30,Sandwiches Calientes,"Frankfurt: salchicha envuelta en pan de sandwich, salsa holandesa",6500.0,4.63,1405.0
2026-04-30,Sandwiches Calientes,Frankfurt Graten,7000.0,4.98,1405.0
2026-04-30,Sandwiches Calientes,"Oxford: salchicha, jamón y queso, envuelta en pan de sandwich, salsa holandesa",7500.0,5.34,1405.0
2026-04-30,Sandwiches Calientes,"Burgeois: jamón, queso, salsa holandesa",11000.0,7.83,1405.0
2026-04-30,Sandwiches Calientes,Calamares Graten,17000.0,12.1,1405.0
2026-04-30,Sandwiches Calientes,Mejillones Graten,17000.0,12.1,1405.0
2026-04-30,Sandwiches Calientes,"Lucía: queso, champignon, salsa holandesa",12600.0,8.97,1405.0
2026-04-30,Sandwiches Calientes,"Vegeta: queso, morrones, cebolla, salsa holandesa$12600",12600.0,8.97,1405.0
2026-04-30,Sandwiches Calientes,"Andrés: pechuga de pavita, choclo, salsa portuguesa",11000.0,7.83,1405.0
2026-04-30,Sandwiches Calientes,"Lomo: lomo, salsa holandesa",12500.0,8.9,1405.0
2026-04-30,Sandwiches Calientes,"Pedrito: lomo, queso gratinado, salsa holandesa",13000.0,9.25,1405.0
2026-04-30,Sandwiches Calientes,"Jorge I: lomo, pimientos morrones, salsa holandesa",13000.0,9.25,1405.0
2026-04-30,Sandwiches Calientes,"Hamburger: lomo, cebolla frita, salsa holandesa",13000.0,9.25,1405.0
2026-04-30,Sandwiches Calientes,"Galli: lomo, jamón, queso, salsa holandesa",13500.0,9.61,1405.0
2026-04-30,Sandwiches Calientes,"Lomo Champignon: lomo, champignones, salsa holandesa",13500.0,9.61,1405.0
2026-04-30,Sandwiches Calientes,"Duende: lomo, jamón, tomate, salsa holandesa",13500.0,9.61,1405.0
2026-04-30,Sandwiches Calientes,Lomo 1/2 Caballo,13000.0,9.25,1405.0
2026-04-30,Sandwiches Calientes,"Hamenech: huevo, jamón, salsa holandesa",11000.0,7.83,1405.0
2026-04-30,Sandwiches Calientes,"Fangio: huevo, jamón, cebolla, salsa holandesa",12500.0,8.9,1405.0
2026-04-30,Sandwiches Calientes,"Barton: jamón, queso, cebolla saltada, salsa holandesa",12500.0,8.9,1405.0
2026-04-30,Sandwiches Calientes,"Carlitos: jamón, queso, salsa portuguesa",12500.0,8.9,1405.0
2026-04-30,Sandwiches Calientes,"Jamón Glasé Confitado: jamón, queso gratinado, salsa portuguesa, dulce, pan sandwich",11000.0,7.83,1405.0
2026-04-30,Sandwiches Calientes,"Roselli: pavita picada, jamón, queso, pebete",12500.0,8.9,1405.0
2026-04-30,Triples Especiales,12 unidades,26000.0,18.51,1405.0
2026-04-30,Triples Especiales,24 unidades,48500.0,34.52,1405.0
2026-04-30,Triples Especiales,48 unidades,84000.0,59.79,1405.0
2026-04-30,Triples Especiales,96 unidades,145000.0,103.2,1405.0
2026-05-02,Sandwiches Calientes,"Menditeguy: pechuga de pavita, queso gratinado, salsa holandesa",12500.0,8.83,1415.0
2026-05-02,Sandwiches Calientes,"Enz: pechuga de pavita, tomate, salsa holandesa",12500.0,8.83,1415.0
2026-05-02,Sandwiches Calientes,"Goñi: pechuga de pavita, queso gratinado, lechuga, salsa holandesa",12500.0,8.83,1415.0
2026-05-02,Sandwiches Calientes,"Roncal: pechuga de pavita, queso gratinado, jamón, salsa holandesa",13000.0,9.19,1415.0
2026-05-02,Sandwiches Calientes,"Pavita Graten: pechuga, queso gratinado, salsa portuguesa, pan sandwich",11000.0,7.77,1415.0
2026-05-02,Sandwiches Calientes,"Suprema de Pavita: pechuga de pavita, choclo, salsa portuguesa, rebosado en pan rallado",12500.0,8.83,1415.0
2026-05-02,Sandwiches Calientes,"Hot - Dog: salchicha, salsa holandesa, pebete",6500.0,4.59,1415.0
2026-05-02,Sandwiches Calientes,"Hot - Dog Graten: salchicha, queso gratinado, salsa holandesa",7000.0,4.95,1415.0
2026-05-02,Sandwiches Calientes,"Frankfurt: salchicha envuelta en pan de sandwich, salsa holandesa",6500.0,4.59,1415.0
2026-05-02,Sandwiches Calientes,Frankfurt Graten,7000.0,4.95,1415.0
2026-05-02,Sandwiches Calientes,"Oxford: salchicha, jamón y queso, envuelta en pan de sandwich, salsa holandesa",7500.0,5.3,1415.0
2026-05-02,Sandwiches Calientes,"Burgeois: jamón, queso, salsa holandesa",11000.0,7.77,1415.0
2026-05-02,Sandwiches Calientes,Calamares Graten,17000.0,12.01,1415.0
2026-05-02,Sandwiches Calientes,Mejillones Graten,17000.0,12.01,1415.0
2026-05-02,Sandwiches Calientes,"Lucía: queso, champignon, salsa holandesa",12600.0,8.9,1415.0
2026-05-02,Sandwiches Calientes,"Vegeta: queso, morrones, cebolla, salsa holandesa$12600",12600.0,8.9,1415.0
2026-05-02,Sandwiches Calientes,"Andrés: pechuga de pavita, choclo, salsa portuguesa",11000.0,7.77,1415.0
2026-05-02,Sandwiches Calientes,"Lomo: lomo, salsa holandesa",12500.0,8.83,1415.0
2026-05-02,Sandwiches Calientes,"Pedrito: lomo, queso gratinado, salsa holandesa",13000.0,9.19,1415.0
2026-05-02,Sandwiches Calientes,"Jorge I: lomo, pimientos morrones, salsa holandesa",13000.0,9.19,1415.0
2026-05-02,Sandwiches Calientes,"Hamburger: lomo, cebolla frita, salsa holandesa",13000.0,9.19,1415.0
2026-05-02,Sandwiches Calientes,"Galli: lomo, jamón, queso, salsa holandesa",13500.0,9.54,1415.0
2026-05-02,Sandwiches Calientes,"Lomo Champignon: lomo, champignones, salsa holandesa",13500.0,9.54,1415.0
2026-05-02,Sandwiches Calientes,"Duende: lomo, jamón, tomate, salsa holandesa",13500.0,9.54,1415.0
2026-05-02,Sandwiches Calientes,Lomo 1/2 Caballo,13000.0,9.19,1415.0
2026-05-02,Sandwiches Calientes,"Hamenech: huevo, jamón, salsa holandesa",11000.0,7.77,1415.0
2026-05-02,Sandwiches Calientes,"Fangio: huevo, jamón, cebolla, salsa holandesa",12500.0,8.83,1415.0
2026-05-02,Sandwiches Calientes,"Barton: jamón, queso, cebolla saltada, salsa holandesa",12500.0,8.83,1415.0
2026-05-02,Sandwiches Calientes,"Carlitos: jamón, queso, salsa portuguesa",12500.0,8.83,1415.0
2026-05-02,Sandwiches Calientes,"Jamón Glasé Confitado: jamón, queso gratinado, salsa portuguesa, dulce, pan sandwich",11000.0,7.77,1415.0
2026-05-02,Sandwiches Calientes,"Roselli: pavita picada, jamón, queso, pebete",12500.0,8.83,1415.0
2026-05-02,Triples Especiales,12 unidades,26000.0,18.37,1415.0
2026-05-02,Triples Especiales,24 unidades,48500.0,34.28,1415.0
2026-05-02,Triples Especiales,48 unidades,84000.0,59.36,1415.0
2026-05-02,Triples Especiales,96 unidades,145000.0,102.47,1415.0
2026-05-03,Sandwiches Calientes,"Menditeguy: pechuga de pavita, queso gratinado, salsa holandesa",12500.0,8.83,1415.0
2026-05-03,Sandwiches Calientes,"Enz: pechuga de pavita, tomate, salsa holandesa",12500.0,8.83,1415.0
2026-05-03,Sandwiches Calientes,"Goñi: pechuga de pavita, queso gratinado, lechuga, salsa holandesa",12500.0,8.83,1415.0
2026-05-03,Sandwiches Calientes,"Roncal: pechuga de pavita, queso gratinado, jamón, salsa holandesa",13000.0,9.19,1415.0
2026-05-03,Sandwiches Calientes,"Pavita Graten: pechuga, queso gratinado, salsa portuguesa, pan sandwich",11000.0,7.77,1415.0
2026-05-03,Sandwiches Calientes,"Suprema de Pavita: pechuga de pavita, choclo, salsa portuguesa, rebosado en pan rallado",12500.0,8.83,1415.0
2026-05-03,Sandwiches Calientes,"Hot - Dog: salchicha, salsa holandesa, pebete",6500.0,4.59,1415.0
2026-05-03,Sandwiches Calientes,"Hot - Dog Graten: salchicha, queso gratinado, salsa holandesa",7000.0,4.95,1415.0
2026-05-03,Sandwiches Calientes,"Frankfurt: salchicha envuelta en pan de sandwich, salsa holandesa",6500.0,4.59,1415.0
2026-05-03,Sandwiches Calientes,Frankfurt Graten,7000.0,4.95,1415.0
2026-05-03,Sandwiches Calientes,"Oxford: salchicha, jamón y queso, envuelta en pan de sandwich, salsa holandesa",7500.0,5.3,1415.0
2026-05-03,Sandwiches Calientes,"Burgeois: jamón, queso, salsa holandesa",11000.0,7.77,1415.0
2026-05-03,Sandwiches Calientes,Calamares Graten,17000.0,12.01,1415.0
2026-05-03,Sandwiches Calientes,Mejillones Graten,17000.0,12.01,1415.0
2026-05-03,Sandwiches Calientes,"Lucía: queso, champignon, salsa holandesa",12600.0,8.9,1415.0
2026-05-03,Sandwiches Calientes,"Vegeta: queso, morrones, cebolla, salsa holandesa$12600",12600.0,8.9,1415.0
2026-05-03,Sandwiches Calientes,"Andrés: pechuga de pavita, choclo, salsa portuguesa",11000.0,7.77,1415.0
2026-05-03,Sandwiches Calientes,"Lomo: lomo, salsa holandesa",12500.0,8.83,1415.0
2026-05-03,Sandwiches Calientes,"Pedrito: lomo, queso gratinado, salsa holandesa",13000.0,9.19,1415.0
2026-05-03,Sandwiches Calientes,"Jorge I: lomo, pimientos morrones, salsa holandesa",13000.0,9.19,1415.0
2026-05-03,Sandwiches Calientes,"Hamburger: lomo, cebolla frita, salsa holandesa",13000.0,9.19,1415.0
2026-05-03,Sandwiches Calientes,"Galli: lomo, jamón, queso, salsa holandesa",13500.0,9.54,1415.0
2026-05-03,Sandwiches Calientes,"Lomo Champignon: lomo, champignones, salsa holandesa",13500.0,9.54,1415.0
2026-05-03,Sandwiches Calientes,"Duende: lomo, jamón, tomate, salsa holandesa",13500.0,9.54,1415.0
2026-05-03,Sandwiches Calientes,Lomo 1/2 Caballo,13000.0,9.19,1415.0
2026-05-03,Sandwiches Calientes,"Hamenech: huevo, jamón, salsa holandesa",11000.0,7.77,1415.0
2026-05-03,Sandwiches Calientes,"Fangio: huevo, jamón, cebolla, salsa holandesa",12500.0,8.83,1415.0
2026-05-03,Sandwiches Calientes,"Barton: jamón, queso, cebolla saltada, salsa holandesa",12500.0,8.83,1415.0
2026-05-03,Sandwiches Calientes,"Carlitos: jamón, queso, salsa portuguesa",12500.0,8.83,1415.0
2026-05-03,Sandwiches Calientes,"Jamón Glasé Confitado: jamón, queso gratinado, salsa portuguesa, dulce, pan sandwich",11000.0,7.77,1415.0
2026-05-03,Sandwiches Calientes,"Roselli: pavita picada, jamón, queso, pebete",12500.0,8.83,1415.0
2026-05-03,Triples Especiales,12 unidades,26000.0,18.37,1415.0
2026-05-03,Triples Especiales,24 unidades,48500.0,34.28,1415.0
2026-05-03,Triples Especiales,48 unidades,84000.0,59.36,1415.0
2026-05-03,Triples Especiales,96 unidades,145000.0,102.47,1415.0
2026-05-04,Sandwiches Calientes,"Menditeguy: pechuga de pavita, queso gratinado, salsa holandesa",12500.0,8.8,1420.0
2026-05-04,Sandwiches Calientes,"Enz: pechuga de pavita, tomate, salsa holandesa",12500.0,8.8,1420.0
2026-05-04,Sandwiches Calientes,"Goñi: pechuga de pavita, queso gratinado, lechuga, salsa holandesa",12500.0,8.8,1420.0
2026-05-04,Sandwiches Calientes,"Roncal: pechuga de pavita, queso gratinado, jamón, salsa holandesa",13000.0,9.15,1420.0
2026-05-04,Sandwiches Calientes,"Pavita Graten: pechuga, queso gratinado, salsa portuguesa, pan sandwich",11000.0,7.75,1420.0
2026-05-04,Sandwiches Calientes,"Suprema de Pavita: pechuga de pavita, choclo, salsa portuguesa, rebosado en pan rallado",12500.0,8.8,1420.0
2026-05-04,Sandwiches Calientes,"Hot - Dog: salchicha, salsa holandesa, pebete",6500.0,4.58,1420.0
2026-05-04,Sandwiches Calientes,"Hot - Dog Graten: salchicha, queso gratinado, salsa holandesa",7000.0,4.93,1420.0
2026-05-04,Sandwiches Calientes,"Frankfurt: salchicha envuelta en pan de sandwich, salsa holandesa",6500.0,4.58,1420.0
2026-05-04,Sandwiches Calientes,Frankfurt Graten,7000.0,4.93,1420.0
2026-05-04,Sandwiches Calientes,"Oxford: salchicha, jamón y queso, envuelta en pan de sandwich, salsa holandesa",7500.0,5.28,1420.0
2026-05-04,Sandwiches Calientes,"Burgeois: jamón, queso, salsa holandesa",11000.0,7.75,1420.0
2026-05-04,Sandwiches Calientes,Calamares Graten,17000.0,11.97,1420.0
2026-05-04,Sandwiches Calientes,Mejillones Graten,17000.0,11.97,1420.0
2026-05-04,Sandwiches Calientes,"Lucía: queso, champignon, salsa holandesa",12600.0,8.87,1420.0
2026-05-04,Sandwiches Calientes,"Vegeta: queso, morrones, cebolla, salsa holandesa$12600",12600.0,8.87,1420.0
2026-05-04,Sandwiches Calientes,"Andrés: pechuga de pavita, choclo, salsa portuguesa",11000.0,7.75,1420.0
2026-05-04,Sandwiches Calientes,"Lomo: lomo, salsa holandesa",12500.0,8.8,1420.0
2026-05-04,Sandwiches Calientes,"Pedrito: lomo, queso gratinado, salsa holandesa",13000.0,9.15,1420.0
2026-05-04,Sandwiches Calientes,"Jorge I: lomo, pimientos morrones, salsa holandesa",13000.0,9.15,1420.0
2026-05-04,Sandwiches Calientes,"Hamburger: lomo, cebolla frita, salsa holandesa",13000.0,9.15,1420.0
2026-05-04,Sandwiches Calientes,"Galli: lomo, jamón, queso, salsa holandesa",13500.0,9.51,1420.0
2026-05-04,Sandwiches Calientes,"Lomo Champignon: lomo, champignones, salsa holandesa",13500.0,9.51,1420.0
2026-05-04,Sandwiches Calientes,"Duende: lomo, jamón, tomate, salsa holandesa",13500.0,9.51,1420.0
2026-05-04,Sandwiches Calientes,Lomo 1/2 Caballo,13000.0,9.15,1420.0
2026-05-04,Sandwiches Calientes,"Hamenech: huevo, jamón, salsa holandesa",11000.0,7.75,1420.0
2026-05-04,Sandwiches Calientes,"Fangio: huevo, jamón, cebolla, salsa holandesa",12500.0,8.8,1420.0
2026-05-04,Sandwiches Calientes,"Barton: jamón, queso, cebolla saltada, salsa holandesa",12500.0,8.8,1420.0
2026-05-04,Sandwiches Calientes,"Carlitos: jamón, queso, salsa portuguesa",12500.0,8.8,1420.0
2026-05-04,Sandwiches Calientes,"Jamón Glasé Confitado: jamón, queso gratinado, salsa portuguesa, dulce, pan sandwich",11000.0,7.75,1420.0
2026-05-04,Sandwiches Calientes,"Roselli: pavita picada, jamón, queso, pebete",12500.0,8.8,1420.0
2026-05-04,Triples Especiales,12 unidades,26000.0,18.31,1420.0
2026-05-04,Triples Especiales,24 unidades,48500.0,34.15,1420.0
2026-05-04,Triples Especiales,48 unidades,84000.0,59.15,1420.0
2026-05-04,Triples Especiales,96 unidades,145000.0,102.11,1420.0
2026-05-05,Sandwiches Calientes,"Menditeguy: pechuga de pavita, queso gratinado, salsa holandesa",12500.0,8.8,1420.0
2026-05-05,Sandwiches Calientes,"Enz: pechuga de pavita, tomate, salsa holandesa",12500.0,8.8,1420.0
2026-05-05,Sandwiches Calientes,"Goñi: pechuga de pavita, queso gratinado, lechuga, salsa holandesa",12500.0,8.8,1420.0
2026-05-05,Sandwiches Calientes,"Roncal: pechuga de pavita, queso gratinado, jamón, salsa holandesa",13000.0,9.15,1420.0
2026-05-05,Sandwiches Calientes,"Pavita Graten: pechuga, queso gratinado, salsa portuguesa, pan sandwich",11000.0,7.75,1420.0
2026-05-05,Sandwiches Calientes,"Suprema de Pavita: pechuga de pavita, choclo, salsa portuguesa, rebosado en pan rallado",12500.0,8.8,1420.0
2026-05-05,Sandwiches Calientes,"Hot - Dog: salchicha, salsa holandesa, pebete",6500.0,4.58,1420.0
2026-05-05,Sandwiches Calientes,"Hot - Dog Graten: salchicha, queso gratinado, salsa holandesa",7000.0,4.93,1420.0
2026-05-05,Sandwiches Calientes,"Frankfurt: salchicha envuelta en pan de sandwich, salsa holandesa",6500.0,4.58,1420.0
2026-05-05,Sandwiches Calientes,Frankfurt Graten,7000.0,4.93,1420.0
2026-05-05,Sandwiches Calientes,"Oxford: salchicha, jamón y queso, envuelta en pan de sandwich, salsa holandesa",7500.0,5.28,1420.0
2026-05-05,Sandwiches Calientes,"Burgeois: jamón, queso, salsa holandesa",11000.0,7.75,1420.0
2026-05-05,Sandwiches Calientes,Calamares Graten,17000.0,11.97,1420.0
2026-05-05,Sandwiches Calientes,Mejillones Graten,17000.0,11.97,1420.0
2026-05-05,Sandwiches Calientes,"Lucía: queso, champignon, salsa holandesa",12600.0,8.87,1420.0
2026-05-05,Sandwiches Calientes,"Vegeta: queso, morrones, cebolla, salsa holandesa$12600",12600.0,8.87,1420.0
2026-05-05,Sandwiches Calientes,"Andrés: pechuga de pavita, choclo, salsa portuguesa",11000.0,7.75,1420.0
2026-05-05,Sandwiches Calientes,"Lomo: lomo, salsa holandesa",12500.0,8.8,1420.0
2026-05-05,Sandwiches Calientes,"Pedrito: lomo, queso gratinado, salsa holandesa",13000.0,9.15,1420.0
2026-05-05,Sandwiches Calientes,"Jorge I: lomo, pimientos morrones, salsa holandesa",13000.0,9.15,1420.0
2026-05-05,Sandwiches Calientes,"Hamburger: lomo, cebolla frita, salsa holandesa",13000.0,9.15,1420.0
2026-05-05,Sandwiches Calientes,"Galli: lomo, jamón, queso, salsa holandesa",13500.0,9.51,1420.0
2026-05-05,Sandwiches Calientes,"Lomo Champignon: lomo, champignones, salsa holandesa",13500.0,9.51,1420.0
2026-05-05,Sandwiches Calientes,"Duende: lomo, jamón, tomate, salsa holandesa",13500.0,9.51,1420.0
2026-05-05,Sandwiches Calientes,Lomo 1/2 Caballo,13000.0,9.15,1420.0
2026-05-05,Sandwiches Calientes,"Hamenech: huevo, jamón, salsa holandesa",11000.0,7.75,1420.0
2026-05-05,Sandwiches Calientes,"Fangio: huevo, jamón, cebolla, salsa holandesa",12500.0,8.8,1420.0
2026-05-05,Sandwiches Calientes,"Barton: jamón, queso, cebolla saltada, salsa holandesa",12500.0,8.8,1420.0
2026-05-05,Sandwiches Calientes,"Carlitos: jamón, queso, salsa portuguesa",12500.0,8.8,1420.0
2026-05-05,Sandwiches Calientes,"Jamón Glasé Confitado: jamón, queso gratinado, salsa portuguesa, dulce, pan sandwich",11000.0,7.75,1420.0
2026-05-05,Sandwiches Calientes,"Roselli: pavita picada, jamón, queso, pebete",12500.0,8.8,1420.0
2026-05-05,Triples Especiales,12 unidades,26000.0,18.31,1420.0
2026-05-05,Triples Especiales,24 unidades,48500.0,34.15,1420.0
2026-05-05,Triples Especiales,48 unidades,84000.0,59.15,1420.0
2026-05-05,Triples Especiales,96 unidades,145000.0,102.11,1420.0
2026-05-06,Sandwiches Calientes,"Menditeguy: pechuga de pavita, queso gratinado, salsa holandesa",12500.0,8.87,1410.0
2026-05-06,Sandwiches Calientes,"Enz: pechuga de pavita, tomate, salsa holandesa",12500.0,8.87,1410.0
2026-05-06,Sandwiches Calientes,"Goñi: pechuga de pavita, queso gratinado, lechuga, salsa holandesa",12500.0,8.87,1410.0
2026-05-06,Sandwiches Calientes,"Roncal: pechuga de pavita, queso gratinado, jamón, salsa holandesa",13000.0,9.22,1410.0
2026-05-06,Sandwiches Calientes,"Pavita Graten: pechuga, queso gratinado, salsa portuguesa, pan sandwich",11000.0,7.8,1410.0
2026-05-06,Sandwiches Calientes,"Suprema de Pavita: pechuga de pavita, choclo, salsa portuguesa, rebosado en pan rallado",12500.0,8.87,1410.0
2026-05-06,Sandwiches Calientes,"Hot - Dog: salchicha, salsa holandesa, pebete",6500.0,4.61,1410.0
2026-05-06,Sandwiches Calientes,"Hot - Dog Graten: salchicha, queso gratinado, salsa holandesa",7000.0,4.96,1410.0
2026-05-06,Sandwiches Calientes,"Frankfurt: salchicha envuelta en pan de sandwich, salsa holandesa",6500.0,4.61,1410.0
2026-05-06,Sandwiches Calientes,Frankfurt Graten,7000.0,4.96,1410.0
2026-05-06,Sandwiches Calientes,"Oxford: salchicha, jamón y queso, envuelta en pan de sandwich, salsa holandesa",7500.0,5.32,1410.0
2026-05-06,Sandwiches Calientes,"Burgeois: jamón, queso, salsa holandesa",11000.0,7.8,1410.0
2026-05-06,Sandwiches Calientes,Calamares Graten,17000.0,12.06,1410.0
2026-05-06,Sandwiches Calientes,Mejillones Graten,17000.0,12.06,1410.0
2026-05-06,Sandwiches Calientes,"Lucía: queso, champignon, salsa holandesa",12600.0,8.94,1410.0
2026-05-06,Sandwiches Calientes,"Vegeta: queso, morrones, cebolla, salsa holandesa$12600",12600.0,8.94,1410.0
2026-05-06,Sandwiches Calientes,"Andrés: pechuga de pavita, choclo, salsa portuguesa",11000.0,7.8,1410.0
2026-05-06,Sandwiches Calientes,"Lomo: lomo, salsa holandesa",12500.0,8.87,1410.0
2026-05-06,Sandwiches Calientes,"Pedrito: lomo, queso gratinado, salsa holandesa",13000.0,9.22,1410.0
2026-05-06,Sandwiches Calientes,"Jorge I: lomo, pimientos morrones, salsa holandesa",13000.0,9.22,1410.0
2026-05-06,Sandwiches Calientes,"Hamburger: lomo, cebolla frita, salsa holandesa",13000.0,9.22,1410.0
2026-05-06,Sandwiches Calientes,"Galli: lomo, jamón, queso, salsa holandesa",13500.0,9.57,1410.0
2026-05-06,Sandwiches Calientes,"Lomo Champignon: lomo, champignones, salsa holandesa",13500.0,9.57,1410.0
2026-05-06,Sandwiches Calientes,"Duende: lomo, jamón, tomate, salsa holandesa",13500.0,9.57,1410.0
2026-05-06,Sandwiches Calientes,Lomo 1/2 Caballo,13000.0,9.22,1410.0
2026-05-06,Sandwiches Calientes,"Hamenech: huevo, jamón, salsa holandesa",11000.0,7.8,1410.0
2026-05-06,Sandwiches Calientes,"Fangio: huevo, jamón, cebolla, salsa holandesa",12500.0,8.87,1410.0
2026-05-06,Sandwiches Calientes,"Barton: jamón, queso, cebolla saltada, salsa holandesa",12500.0,8.87,1410.0
2026-05-06,Sandwiches Calientes,"Carlitos: jamón, queso, salsa portuguesa",12500.0,8.87,1410.0
2026-05-06,Sandwiches Calientes,"Jamón Glasé Confitado: jamón, queso gratinado, salsa portuguesa, dulce, pan sandwich",11000.0,7.8,1410.0
2026-05-06,Sandwiches Calientes,"Roselli: pavita picada, jamón, queso, pebete",12500.0,8.87,1410.0
2026-05-06,Triples Especiales,12 unidades,26000.0,18.44,1410.0
2026-05-06,Triples Especiales,24 unidades,48500.0,34.4,1410.0
2026-05-06,Triples Especiales,48 unidades,84000.0,59.57,1410.0
2026-05-06,Triples Especiales,96 unidades,145000.0,102.84,1410.0
2026-05-07,Sandwiches Calientes,"Menditeguy: pechuga de pavita, queso gratinado, salsa holandesa",12500.0,8.83,1415.0
2026-05-07,Sandwiches Calientes,"Enz: pechuga de pavita, tomate, salsa holandesa",12500.0,8.83,1415.0
2026-05-07,Sandwiches Calientes,"Goñi: pechuga de pavita, queso gratinado, lechuga, salsa holandesa",12500.0,8.83,1415.0
2026-05-07,Sandwiches Calientes,"Roncal: pechuga de pavita, queso gratinado, jamón, salsa holandesa",13000.0,9.19,1415.0
2026-05-07,Sandwiches Calientes,"Pavita Graten: pechuga, queso gratinado, salsa portuguesa, pan sandwich",11000.0,7.77,1415.0
2026-05-07,Sandwiches Calientes,"Suprema de Pavita: pechuga de pavita, choclo, salsa portuguesa, rebosado en pan rallado",12500.0,8.83,1415.0
2026-05-07,Sandwiches Calientes,"Hot - Dog: salchicha, salsa holandesa, pebete",6500.0,4.59,1415.0
2026-05-07,Sandwiches Calientes,"Hot - Dog Graten: salchicha, queso gratinado, salsa holandesa",7000.0,4.95,1415.0
2026-05-07,Sandwiches Calientes,"Frankfurt: salchicha envuelta en pan de sandwich, salsa holandesa",6500.0,4.59,1415.0
2026-05-07,Sandwiches Calientes,Frankfurt Graten,7000.0,4.95,1415.0
2026-05-07,Sandwiches Calientes,"Oxford: salchicha, jamón y queso, envuelta en pan de sandwich, salsa holandesa",7500.0,5.3,1415.0
2026-05-07,Sandwiches Calientes,"Burgeois: jamón, queso, salsa holandesa",11000.0,7.77,1415.0
2026-05-07,Sandwiches Calientes,Calamares Graten,17000.0,12.01,1415.0
2026-05-07,Sandwiches Calientes,Mejillones Graten,17000.0,12.01,1415.0
2026-05-07,Sandwiches Calientes,"Lucía: queso, champignon, salsa holandesa",12600.0,8.9,1415.0
2026-05-07,Sandwiches Calientes,"Vegeta: queso, morrones, cebolla, salsa holandesa$12600",12600.0,8.9,1415.0
2026-05-07,Sandwiches Calientes,"Andrés: pechuga de pavita, choclo, salsa portuguesa",11000.0,7.77,1415.0
2026-05-07,Sandwiches Calientes,"Lomo: lomo, salsa holandesa",12500.0,8.83,1415.0
2026-05-07,Sandwiches Calientes,"Pedrito: lomo, queso gratinado, salsa holandesa",13000.0,9.19,1415.0
2026-05-07,Sandwiches Calientes,"Jorge I: lomo, pimientos morrones, salsa holandesa",13000.0,9.19,1415.0
2026-05-07,Sandwiches Calientes,"Hamburger: lomo, cebolla frita, salsa holandesa",13000.0,9.19,1415.0
2026-05-07,Sandwiches Calientes,"Galli: lomo, jamón, queso, salsa holandesa",13500.0,9.54,1415.0
2026-05-07,Sandwiches Calientes,"Lomo Champignon: lomo, champignones, salsa holandesa",13500.0,9.54,1415.0
2026-05-07,Sandwiches Calientes,"Duende: lomo, jamón, tomate, salsa holandesa",13500.0,9.54,1415.0
2026-05-07,Sandwiches Calientes,Lomo 1/2 Caballo,13000.0,9.19,1415.0
2026-05-07,Sandwiches Calientes,"Hamenech: huevo, jamón, salsa holandesa",11000.0,7.77,1415.0
2026-05-07,Sandwiches Calientes,"Fangio: huevo, jamón, cebolla, salsa holandesa",12500.0,8.83,1415.0
2026-05-07,Sandwiches Calientes,"Barton: jamón, queso, cebolla saltada, salsa holandesa",12500.0,8.83,1415.0
2026-05-07,Sandwiches Calientes,"Carlitos: jamón, queso, salsa portuguesa",12500.0,8.83,1415.0
2026-05-07,Sandwiches Calientes,"Jamón Glasé Confitado: jamón, queso gratinado, salsa portuguesa, dulce, pan sandwich",11000.0,7.77,1415.0
2026-05-07,Sandwiches Calientes,"Roselli: pavita picada, jamón, queso, pebete",12500.0,8.83,1415.0
2026-05-07,Triples Especiales,12 unidades,26000.0,18.37,1415.0
2026-05-07,Triples Especiales,24 unidades,48500.0,34.28,1415.0
2026-05-07,Triples Especiales,48 unidades,84000.0,59.36,1415.0
2026-05-07,Triples Especiales,96 unidades,145000.0,102.47,1415.0
2026-05-08,Sandwiches Calientes,"Menditeguy: pechuga de pavita, queso gratinado, salsa holandesa",12500.0,8.83,1415.0
2026-05-08,Sandwiches Calientes,"Enz: pechuga de pavita, tomate, salsa holandesa",12500.0,8.83,1415.0
2026-05-08,Sandwiches Calientes,"Goñi: pechuga de pavita, queso gratinado, lechuga, salsa holandesa",12500.0,8.83,1415.0
2026-05-08,Sandwiches Calientes,"Roncal: pechuga de pavita, queso gratinado, jamón, salsa holandesa",13000.0,9.19,1415.0
2026-05-08,Sandwiches Calientes,"Pavita Graten: pechuga, queso gratinado, salsa portuguesa, pan sandwich",11000.0,7.77,1415.0
2026-05-08,Sandwiches Calientes,"Suprema de Pavita: pechuga de pavita, choclo, salsa portuguesa, rebosado en pan rallado",12500.0,8.83,1415.0
2026-05-08,Sandwiches Calientes,"Hot - Dog: salchicha, salsa holandesa, pebete",6500.0,4.59,1415.0
2026-05-08,Sandwiches Calientes,"Hot - Dog Graten: salchicha, queso gratinado, salsa holandesa",7000.0,4.95,1415.0
2026-05-08,Sandwiches Calientes,"Frankfurt: salchicha envuelta en pan de sandwich, salsa holandesa",6500.0,4.59,1415.0
2026-05-08,Sandwiches Calientes,Frankfurt Graten,7000.0,4.95,1415.0
2026-05-08,Sandwiches Calientes,"Oxford: salchicha, jamón y queso, envuelta en pan de sandwich, salsa holandesa",7500.0,5.3,1415.0
2026-05-08,Sandwiches Calientes,"Burgeois: jamón, queso, salsa holandesa",11000.0,7.77,1415.0
2026-05-08,Sandwiches Calientes,Calamares Graten,17000.0,12.01,1415.0
2026-05-08,Sandwiches Calientes,Mejillones Graten,17000.0,12.01,1415.0
2026-05-08,Sandwiches Calientes,"Lucía: queso, champignon, salsa holandesa",12600.0,8.9,1415.0
2026-05-08,Sandwiches Calientes,"Vegeta: queso, morrones, cebolla, salsa holandesa$12600",12600.0,8.9,1415.0
2026-05-08,Sandwiches Calientes,"Andrés: pechuga de pavita, choclo, salsa portuguesa",11000.0,7.77,1415.0
2026-05-08,Sandwiches Calientes,"Lomo: lomo, salsa holandesa",12500.0,8.83,1415.0
2026-05-08,Sandwiches Calientes,"Pedrito: lomo, queso gratinado, salsa holandesa",13000.0,9.19,1415.0
2026-05-08,Sandwiches Calientes,"Jorge I: lomo, pimientos morrones, salsa holandesa",13000.0,9.19,1415.0
2026-05-08,Sandwiches Calientes,"Hamburger: lomo, cebolla frita, salsa holandesa",13000.0,9.19,1415.0
2026-05-08,Sandwiches Calientes,"Galli: lomo, jamón, queso, salsa holandesa",13500.0,9.54,1415.0
2026-05-08,Sandwiches Calientes,"Lomo Champignon: lomo, champignones, salsa holandesa",13500.0,9.54,1415.0
2026-05-08,Sandwiches Calientes,"Duende: lomo, jamón, tomate, salsa holandesa",13500.0,9.54,1415.0
2026-05-08,Sandwiches Calientes,Lomo 1/2 Caballo,13000.0,9.19,1415.0
2026-05-08,Sandwiches Calientes,"Hamenech: huevo, jamón, salsa holandesa",11000.0,7.77,1415.0
2026-05-08,Sandwiches Calientes,"Fangio: huevo, jamón, cebolla, salsa holandesa",12500.0,8.83,1415.0
2026-05-08,Sandwiches Calientes,"Barton: jamón, queso, cebolla saltada, salsa holandesa",12500.0,8.83,1415.0
2026-05-08,Sandwiches Calientes,"Carlitos: jamón, queso, salsa portuguesa",12500.0,8.83,1415.0
2026-05-08,Sandwiches Calientes,"Jamón Glasé Confitado: jamón, queso gratinado, salsa portuguesa, dulce, pan sandwich",11000.0,7.77,1415.0
2026-05-08,Sandwiches Calientes,"Roselli: pavita picada, jamón, queso, pebete",12500.0,8.83,1415.0
2026-05-08,Triples Especiales,12 unidades,26000.0,18.37,1415.0
2026-05-08,Triples Especiales,24 unidades,48500.0,34.28,1415.0
2026-05-08,Triples Especiales,48 unidades,84000.0,59.36,1415.0
2026-05-08,Triples Especiales,96 unidades,145000.0,102.47,1415.0
2026-05-09,Sandwiches Calientes,"Menditeguy: pechuga de pavita, queso gratinado, salsa holandesa",12500.0,8.8,1420.0
2026-05-09,Sandwiches Calientes,"Enz: pechuga de pavita, tomate, salsa holandesa",12500.0,8.8,1420.0
2026-05-09,Sandwiches Calientes,"Goñi: pechuga de pavita, queso gratinado, lechuga, salsa holandesa",12500.0,8.8,1420.0
2026-05-09,Sandwiches Calientes,"Roncal: pechuga de pavita, queso gratinado, jamón, salsa holandesa",13000.0,9.15,1420.0
2026-05-09,Sandwiches Calientes,"Pavita Graten: pechuga, queso gratinado, salsa portuguesa, pan sandwich",11000.0,7.75,1420.0
2026-05-09,Sandwiches Calientes,"Suprema de Pavita: pechuga de pavita, choclo, salsa portuguesa, rebosado en pan rallado",12500.0,8.8,1420.0
2026-05-09,Sandwiches Calientes,"Hot - Dog: salchicha, salsa holandesa, pebete",6500.0,4.58,1420.0
2026-05-09,Sandwiches Calientes,"Hot - Dog Graten: salchicha, queso gratinado, salsa holandesa",7000.0,4.93,1420.0
2026-05-09,Sandwiches Calientes,"Frankfurt: salchicha envuelta en pan de sandwich, salsa holandesa",6500.0,4.58,1420.0
2026-05-09,Sandwiches Calientes,Frankfurt Graten,7000.0,4.93,1420.0
2026-05-09,Sandwiches Calientes,"Oxford: salchicha, jamón y queso, envuelta en pan de sandwich, salsa holandesa",7500.0,5.28,1420.0
2026-05-09,Sandwiches Calientes,"Burgeois: jamón, queso, salsa holandesa",11000.0,7.75,1420.0
2026-05-09,Sandwiches Calientes,Calamares Graten,17000.0,11.97,1420.0
2026-05-09,Sandwiches Calientes,Mejillones Graten,17000.0,11.97,1420.0
2026-05-09,Sandwiches Calientes,"Lucía: queso, champignon, salsa holandesa",12600.0,8.87,1420.0
2026-05-09,Sandwiches Calientes,"Vegeta: queso, morrones, cebolla, salsa holandesa$12600",12600.0,8.87,1420.0
2026-05-09,Sandwiches Calientes,"Andrés: pechuga de pavita, choclo, salsa portuguesa",11000.0,7.75,1420.0
2026-05-09,Sandwiches Calientes,"Lomo: lomo, salsa holandesa",12500.0,8.8,1420.0
2026-05-09,Sandwiches Calientes,"Pedrito: lomo, queso gratinado, salsa holandesa",13000.0,9.15,1420.0
2026-05-09,Sandwiches Calientes,"Jorge I: lomo, pimientos morrones, salsa holandesa",13000.0,9.15,1420.0
2026-05-09,Sandwiches Calientes,"Hamburger: lomo, cebolla frita, salsa holandesa",13000.0,9.15,1420.0
2026-05-09,Sandwiches Calientes,"Galli: lomo, jamón, queso, salsa holandesa",13500.0,9.51,1420.0
2026-05-09,Sandwiches Calientes,"Lomo Champignon: lomo, champignones, salsa holandesa",13500.0,9.51,1420.0
2026-05-09,Sandwiches Calientes,"Duende: lomo, jamón, tomate, salsa holandesa",13500.0,9.51,1420.0
2026-05-09,Sandwiches Calientes,Lomo 1/2 Caballo,13000.0,9.15,1420.0
2026-05-09,Sandwiches Calientes,"Hamenech: huevo, jamón, salsa holandesa",11000.0,7.75,1420.0
2026-05-09,Sandwiches Calientes,"Fangio: huevo, jamón, cebolla, salsa holandesa",12500.0,8.8,1420.0
2026-05-09,Sandwiches Calientes,"Barton: jamón, queso, cebolla saltada, salsa holandesa",12500.0,8.8,1420.0
2026-05-09,Sandwiches Calientes,"Carlitos: jamón, queso, salsa portuguesa",12500.0,8.8,1420.0
2026-05-09,Sandwiches Calientes,"Jamón Glasé Confitado: jamón, queso gratinado, salsa portuguesa, dulce, pan sandwich",11000.0,7.75,1420.0
2026-05-09,Sandwiches Calientes,"Roselli: pavita picada, jamón, queso, pebete",12500.0,8.8,1420.0
2026-05-09,Triples Especiales,12 unidades,26000.0,18.31,1420.0
2026-05-09,Triples Especiales,24 unidades,48500.0,34.15,1420.0
2026-05-09,Triples Especiales,48 unidades,84000.0,59.15,1420.0
2026-05-09,Triples Especiales,96 unidades,145000.0,102.11,1420.0
2026-05-10,Sandwiches Calientes,"Menditeguy: pechuga de pavita, queso gratinado, salsa holandesa",12500.0,8.8,1420.0
2026-05-10,Sandwiches Calientes,"Enz: pechuga de pavita, tomate, salsa holandesa",12500.0,8.8,1420.0
2026-05-10,Sandwiches Calientes,"Goñi: pechuga de pavita, queso gratinado, lechuga, salsa holandesa",12500.0,8.8,1420.0
2026-05-10,Sandwiches Calientes,"Roncal: pechuga de pavita, queso gratinado, jamón, salsa holandesa",13000.0,9.15,1420.0
2026-05-10,Sandwiches Calientes,"Pavita Graten: pechuga, queso gratinado, salsa portuguesa, pan sandwich",11000.0,7.75,1420.0
2026-05-10,Sandwiches Calientes,"Suprema de Pavita: pechuga de pavita, choclo, salsa portuguesa, rebosado en pan rallado",12500.0,8.8,1420.0
2026-05-10,Sandwiches Calientes,"Hot - Dog: salchicha, salsa holandesa, pebete",6500.0,4.58,1420.0
2026-05-10,Sandwiches Calientes,"Hot - Dog Graten: salchicha, queso gratinado, salsa holandesa",7000.0,4.93,1420.0
2026-05-10,Sandwiches Calientes,"Frankfurt: salchicha envuelta en pan de sandwich, salsa holandesa",6500.0,4.58,1420.0
2026-05-10,Sandwiches Calientes,Frankfurt Graten,7000.0,4.93,1420.0
2026-05-10,Sandwiches Calientes,"Oxford: salchicha, jamón y queso, envuelta en pan de sandwich, salsa holandesa",7500.0,5.28,1420.0
2026-05-10,Sandwiches Calientes,"Burgeois: jamón, queso, salsa holandesa",11000.0,7.75,1420.0
2026-05-10,Sandwiches Calientes,Calamares Graten,17000.0,11.97,1420.0
2026-05-10,Sandwiches Calientes,Mejillones Graten,17000.0,11.97,1420.0
2026-05-10,Sandwiches Calientes,"Lucía: queso, champignon, salsa holandesa",12600.0,8.87,1420.0
2026-05-10,Sandwiches Calientes,"Vegeta: queso, morrones, cebolla, salsa holandesa$12600",12600.0,8.87,1420.0
2026-05-10,Sandwiches Calientes,"Andrés: pechuga de pavita, choclo, salsa portuguesa",11000.0,7.75,1420.0
2026-05-10,Sandwiches Calientes,"Lomo: lomo, salsa holandesa",12500.0,8.8,1420.0
2026-05-10,Sandwiches Calientes,"Pedrito: lomo, queso gratinado, salsa holandesa",13000.0,9.15,1420.0
2026-05-10,Sandwiches Calientes,"Jorge I: lomo, pimientos morrones, salsa holandesa",13000.0,9.15,1420.0
2026-05-10,Sandwiches Calientes,"Hamburger: lomo, cebolla frita, salsa holandesa",13000.0,9.15,1420.0
2026-05-10,Sandwiches Calientes,"Galli: lomo, jamón, queso, salsa holandesa",13500.0,9.51,1420.0
2026-05-10,Sandwiches Calientes,"Lomo Champignon: lomo, champignones, salsa holandesa",13500.0,9.51,1420.0
2026-05-10,Sandwiches Calientes,"Duende: lomo, jamón, tomate, salsa holandesa",13500.0,9.51,1420.0
2026-05-10,Sandwiches Calientes,Lomo 1/2 Caballo,13000.0,9.15,1420.0
2026-05-10,Sandwiches Calientes,"Hamenech: huevo, jamón, salsa holandesa",11000.0,7.75,1420.0
2026-05-10,Sandwiches Calientes,"Fangio: huevo, jamón, cebolla, salsa holandesa",12500.0,8.8,1420.0
2026-05-10,Sandwiches Calientes,"Barton: jamón, queso, cebolla saltada, salsa holandesa",12500.0,8.8,1420.0
2026-05-10,Sandwiches Calientes,"Carlitos: jamón, queso, salsa portuguesa",12500.0,8.8,1420.0
2026-05-10,Sandwiches Calientes,"Jamón Glasé Confitado: jamón, queso gratinado, salsa portuguesa, dulce, pan sandwich",11000.0,7.75,1420.0
2026-05-10,Sandwiches Calientes,"Roselli: pavita picada, jamón, queso, pebete",12500.0,8.8,1420.0
2026-05-10,Triples Especiales,12 unidades,26000.0,18.31,1420.0
2026-05-10,Triples Especiales,24 unidades,48500.0,34.15,1420.0
2026-05-10,Triples Especiales,48 unidades,84000.0,59.15,1420.0
2026-05-10,Triples Especiales,96 unidades,145000.0,102.11,1420.0
2026-05-11,Sandwiches Calientes,"Menditeguy: pechuga de pavita, queso gratinado, salsa holandesa",12500.0,8.8,1420.0
2026-05-11,Sandwiches Calientes,"Enz: pechuga de pavita, tomate, salsa holandesa",12500.0,8.8,1420.0
2026-05-11,Sandwiches Calientes,"Goñi: pechuga de pavita, queso gratinado, lechuga, salsa holandesa",12500.0,8.8,1420.0
2026-05-11,Sandwiches Calientes,"Roncal: pechuga de pavita, queso gratinado, jamón, salsa holandesa",13000.0,9.15,1420.0
2026-05-11,Sandwiches Calientes,"Pavita Graten: pechuga, queso gratinado, salsa portuguesa, pan sandwich",11000.0,7.75,1420.0
2026-05-11,Sandwiches Calientes,"Suprema de Pavita: pechuga de pavita, choclo, salsa portuguesa, rebosado en pan rallado",12500.0,8.8,1420.0
2026-05-11,Sandwiches Calientes,"Hot - Dog: salchicha, salsa holandesa, pebete",6500.0,4.58,1420.0
2026-05-11,Sandwiches Calientes,"Hot - Dog Graten: salchicha, queso gratinado, salsa holandesa",7000.0,4.93,1420.0
2026-05-11,Sandwiches Calientes,"Frankfurt: salchicha envuelta en pan de sandwich, salsa holandesa",6500.0,4.58,1420.0
2026-05-11,Sandwiches Calientes,Frankfurt Graten,7000.0,4.93,1420.0
2026-05-11,Sandwiches Calientes,"Oxford: salchicha, jamón y queso, envuelta en pan de sandwich, salsa holandesa",7500.0,5.28,1420.0
2026-05-11,Sandwiches Calientes,"Burgeois: jamón, queso, salsa holandesa",11000.0,7.75,1420.0
2026-05-11,Sandwiches Calientes,Calamares Graten,17000.0,11.97,1420.0
2026-05-11,Sandwiches Calientes,Mejillones Graten,17000.0,11.97,1420.0
2026-05-11,Sandwiches Calientes,"Lucía: queso, champignon, salsa holandesa",12600.0,8.87,1420.0
2026-05-11,Sandwiches Calientes,"Vegeta: queso, morrones, cebolla, salsa holandesa$12600",12600.0,8.87,1420.0
2026-05-11,Sandwiches Calientes,"Andrés: pechuga de pavita, choclo, salsa portuguesa",11000.0,7.75,1420.0
2026-05-11,Sandwiches Calientes,"Lomo: lomo, salsa holandesa",12500.0,8.8,1420.0
2026-05-11,Sandwiches Calientes,"Pedrito: lomo, queso gratinado, salsa holandesa",13000.0,9.15,1420.0
2026-05-11,Sandwiches Calientes,"Jorge I: lomo, pimientos morrones, salsa holandesa",13000.0,9.15,1420.0
2026-05-11,Sandwiches Calientes,"Hamburger: lomo, cebolla frita, salsa holandesa",13000.0,9.15,1420.0
2026-05-11,Sandwiches Calientes,"Galli: lomo, jamón, queso, salsa holandesa",13500.0,9.51,1420.0
2026-05-11,Sandwiches Calientes,"Lomo Champignon: lomo, champignones, salsa holandesa",13500.0,9.51,1420.0
2026-05-11,Sandwiches Calientes,"Duende: lomo, jamón, tomate, salsa holandesa",13500.0,9.51,1420.0
2026-05-11,Sandwiches Calientes,Lomo 1/2 Caballo,13000.0,9.15,1420.0
2026-05-11,Sandwiches Calientes,"Hamenech: huevo, jamón, salsa holandesa",11000.0,7.75,1420.0
2026-05-11,Sandwiches Calientes,"Fangio: huevo, jamón, cebolla, salsa holandesa",12500.0,8.8,1420.0
2026-05-11,Sandwiches Calientes,"Barton: jamón, queso, cebolla saltada, salsa holandesa",12500.0,8.8,1420.0
2026-05-11,Sandwiches Calientes,"Carlitos: jamón, queso, salsa portuguesa",12500.0,8.8,1420.0
2026-05-11,Sandwiches Calientes,"Jamón Glasé Confitado: jamón, queso gratinado, salsa portuguesa, dulce, pan sandwich",11000.0,7.75,1420.0
2026-05-11,Sandwiches Calientes,"Roselli: pavita picada, jamón, queso, pebete",12500.0,8.8,1420.0
2026-05-11,Triples Especiales,12 unidades,26000.0,18.31,1420.0
2026-05-11,Triples Especiales,24 unidades,48500.0,34.15,1420.0
2026-05-11,Triples Especiales,48 unidades,84000.0,59.15,1420.0
2026-05-11,Triples Especiales,96 unidades,145000.0,102.11,1420.0
2026-05-12,Sandwiches Calientes,"Menditeguy: pechuga de pavita, queso gratinado, salsa holandesa",12500.0,8.87,1410.0
2026-05-12,Sandwiches Calientes,"Enz: pechuga de pavita, tomate, salsa holandesa",12500.0,8.87,1410.0
2026-05-12,Sandwiches Calientes,"Goñi: pechuga de pavita, queso gratinado, lechuga, salsa holandesa",12500.0,8.87,1410.0
2026-05-12,Sandwiches Calientes,"Roncal: pechuga de pavita, queso gratinado, jamón, salsa holandesa",13000.0,9.22,1410.0
2026-05-12,Sandwiches Calientes,"Pavita Graten: pechuga, queso gratinado, salsa portuguesa, pan sandwich",11000.0,7.8,1410.0
2026-05-12,Sandwiches Calientes,"Suprema de Pavita: pechuga de pavita, choclo, salsa portuguesa, rebosado en pan rallado",12500.0,8.87,1410.0
2026-05-12,Sandwiches Calientes,"Hot - Dog: salchicha, salsa holandesa, pebete",6500.0,4.61,1410.0
2026-05-12,Sandwiches Calientes,"Hot - Dog Graten: salchicha, queso gratinado, salsa holandesa",7000.0,4.96,1410.0
2026-05-12,Sandwiches Calientes,"Frankfurt: salchicha envuelta en pan de sandwich, salsa holandesa",6500.0,4.61,1410.0
2026-05-12,Sandwiches Calientes,Frankfurt Graten,7000.0,4.96,1410.0
2026-05-12,Sandwiches Calientes,"Oxford: salchicha, jamón y queso, envuelta en pan de sandwich, salsa holandesa",7500.0,5.32,1410.0
2026-05-12,Sandwiches Calientes,"Burgeois: jamón, queso, salsa holandesa",11000.0,7.8,1410.0
2026-05-12,Sandwiches Calientes,Calamares Graten,17000.0,12.06,1410.0
2026-05-12,Sandwiches Calientes,Mejillones Graten,17000.0,12.06,1410.0
2026-05-12,Sandwiches Calientes,"Lucía: queso, champignon, salsa holandesa",12600.0,8.94,1410.0
2026-05-12,Sandwiches Calientes,"Vegeta: queso, morrones, cebolla, salsa holandesa$12600",12600.0,8.94,1410.0
2026-05-12,Sandwiches Calientes,"Andrés: pechuga de pavita, choclo, salsa portuguesa",11000.0,7.8,1410.0
2026-05-12,Sandwiches Calientes,"Lomo: lomo, salsa holandesa",12500.0,8.87,1410.0
2026-05-12,Sandwiches Calientes,"Pedrito: lomo, queso gratinado, salsa holandesa",13000.0,9.22,1410.0
2026-05-12,Sandwiches Calientes,"Jorge I: lomo, pimientos morrones, salsa holandesa",13000.0,9.22,1410.0
2026-05-12,Sandwiches Calientes,"Hamburger: lomo, cebolla frita, salsa holandesa",13000.0,9.22,1410.0
2026-05-12,Sandwiches Calientes,"Galli: lomo, jamón, queso, salsa holandesa",13500.0,9.57,1410.0
2026-05-12,Sandwiches Calientes,"Lomo Champignon: lomo, champignones, salsa holandesa",13500.0,9.57,1410.0
2026-05-12,Sandwiches Calientes,"Duende: lomo, jamón, tomate, salsa holandesa",13500.0,9.57,1410.0
2026-05-12,Sandwiches Calientes,Lomo 1/2 Caballo,13000.0,9.22,1410.0
2026-05-12,Sandwiches Calientes,"Hamenech: huevo, jamón, salsa holandesa",11000.0,7.8,1410.0
2026-05-12,Sandwiches Calientes,"Fangio: huevo, jamón, cebolla, salsa holandesa",12500.0,8.87,1410.0
2026-05-12,Sandwiches Calientes,"Barton: jamón, queso, cebolla saltada, salsa holandesa",12500.0,8.87,1410.0
2026-05-12,Sandwiches Calientes,"Carlitos: jamón, queso, salsa portuguesa",12500.0,8.87,1410.0
2026-05-12,Sandwiches Calientes,"Jamón Glasé Confitado: jamón, queso gratinado, salsa portuguesa, dulce, pan sandwich",11000.0,7.8,1410.0
2026-05-12,Sandwiches Calientes,"Roselli: pavita picada, jamón, queso, pebete",12500.0,8.87,1410.0
2026-05-12,Triples Especiales,12 unidades,26000.0,18.44,1410.0
2026-05-12,Triples Especiales,24 unidades,48500.0,34.4,1410.0
2026-05-12,Triples Especiales,48 unidades,84000.0,59.57,1410.0
2026-05-12,Triples Especiales,96 unidades,145000.0,102.84,1410.0
2026-05-13,Sandwiches Calientes,"Menditeguy: pechuga de pavita, queso gratinado, salsa holandesa",12500.0,8.83,1415.0
2026-05-13,Sandwiches Calientes,"Enz: pechuga de pavita, tomate, salsa holandesa",12500.0,8.83,1415.0
2026-05-13,Sandwiches Calientes,"Goñi: pechuga de pavita, queso gratinado, lechuga, salsa holandesa",12500.0,8.83,1415.0
2026-05-13,Sandwiches Calientes,"Roncal: pechuga de pavita, queso gratinado, jamón, salsa holandesa",13000.0,9.19,1415.0
2026-05-13,Sandwiches Calientes,"Pavita Graten: pechuga, queso gratinado, salsa portuguesa, pan sandwich",11000.0,7.77,1415.0
2026-05-13,Sandwiches Calientes,"Suprema de Pavita: pechuga de pavita, choclo, salsa portuguesa, rebosado en pan rallado",12500.0,8.83,1415.0
2026-05-13,Sandwiches Calientes,"Hot - Dog: salchicha, salsa holandesa, pebete",6500.0,4.59,1415.0
2026-05-13,Sandwiches Calientes,"Hot - Dog Graten: salchicha, queso gratinado, salsa holandesa",7000.0,4.95,1415.0
2026-05-13,Sandwiches Calientes,"Frankfurt: salchicha envuelta en pan de sandwich, salsa holandesa",6500.0,4.59,1415.0
2026-05-13,Sandwiches Calientes,Frankfurt Graten,7000.0,4.95,1415.0
2026-05-13,Sandwiches Calientes,"Oxford: salchicha, jamón y queso, envuelta en pan de sandwich, salsa holandesa",7500.0,5.3,1415.0
2026-05-13,Sandwiches Calientes,"Burgeois: jamón, queso, salsa holandesa",11000.0,7.77,1415.0
2026-05-13,Sandwiches Calientes,Calamares Graten,17000.0,12.01,1415.0
2026-05-13,Sandwiches Calientes,Mejillones Graten,17000.0,12.01,1415.0
2026-05-13,Sandwiches Calientes,"Lucía: queso, champignon, salsa holandesa",12600.0,8.9,1415.0
2026-05-13,Sandwiches Calientes,"Vegeta: queso, morrones, cebolla, salsa holandesa$12600",12600.0,8.9,1415.0
2026-05-13,Sandwiches Calientes,"Andrés: pechuga de pavita, choclo, salsa portuguesa",11000.0,7.77,1415.0
2026-05-13,Sandwiches Calientes,"Lomo: lomo, salsa holandesa",12500.0,8.83,1415.0
2026-05-13,Sandwiches Calientes,"Pedrito: lomo, queso gratinado, salsa holandesa",13000.0,9.19,1415.0
2026-05-13,Sandwiches Calientes,"Jorge I: lomo, pimientos morrones, salsa holandesa",13000.0,9.19,1415.0
2026-05-13,Sandwiches Calientes,"Hamburger: lomo, cebolla frita, salsa holandesa",13000.0,9.19,1415.0
2026-05-13,Sandwiches Calientes,"Galli: lomo, jamón, queso, salsa holandesa",13500.0,9.54,1415.0
2026-05-13,Sandwiches Calientes,"Lomo Champignon: lomo, champignones, salsa holandesa",13500.0,9.54,1415.0
2026-05-13,Sandwiches Calientes,"Duende: lomo, jamón, tomate, salsa holandesa",13500.0,9.54,1415.0
2026-05-13,Sandwiches Calientes,Lomo 1/2 Caballo,13000.0,9.19,1415.0
2026-05-13,Sandwiches Calientes,"Hamenech: huevo, jamón, salsa holandesa",11000.0,7.77,1415.0
2026-05-13,Sandwiches Calientes,"Fangio: huevo, jamón, cebolla, salsa holandesa",12500.0,8.83,1415.0
2026-05-13,Sandwiches Calientes,"Barton: jamón, queso, cebolla saltada, salsa holandesa",12500.0,8.83,1415.0
2026-05-13,Sandwiches Calientes,"Carlitos: jamón, queso, salsa portuguesa",12500.0,8.83,1415.0
2026-05-13,Sandwiches Calientes,"Jamón Glasé Confitado: jamón, queso gratinado, salsa portuguesa, dulce, pan sandwich",11000.0,7.77,1415.0
2026-05-13,Sandwiches Calientes,"Roselli: pavita picada, jamón, queso, pebete",12500.0,8.83,1415.0
2026-05-13,Triples Especiales,12 unidades,26000.0,18.37,1415.0
2026-05-13,Triples Especiales,24 unidades,48500.0,34.28,1415.0
2026-05-13,Triples Especiales,48 unidades,84000.0,59.36,1415.0
2026-05-13,Triples Especiales,96 unidades,145000.0,102.47,1415.0
2026-05-14,Sandwiches Calientes,"Menditeguy: pechuga de pavita, queso gratinado, salsa holandesa",12500.0,8.8,1420.0
2026-05-14,Sandwiches Calientes,"Enz: pechuga de pavita, tomate, salsa holandesa",12500.0,8.8,1420.0
2026-05-14,Sandwiches Calientes,"Goñi: pechuga de pavita, queso gratinado, lechuga, salsa holandesa",12500.0,8.8,1420.0
2026-05-14,Sandwiches Calientes,"Roncal: pechuga de pavita, queso gratinado, jamón, salsa holandesa",13000.0,9.15,1420.0
2026-05-14,Sandwiches Calientes,"Pavita Graten: pechuga, queso gratinado, salsa portuguesa, pan sandwich",11000.0,7.75,1420.0
2026-05-14,Sandwiches Calientes,"Suprema de Pavita: pechuga de pavita, choclo, salsa portuguesa, rebosado en pan rallado",12500.0,8.8,1420.0
2026-05-14,Sandwiches Calientes,"Hot - Dog: salchicha, salsa holandesa, pebete",6500.0,4.58,1420.0
2026-05-14,Sandwiches Calientes,"Hot - Dog Graten: salchicha, queso gratinado, salsa holandesa",7000.0,4.93,1420.0
2026-05-14,Sandwiches Calientes,"Frankfurt: salchicha envuelta en pan de sandwich, salsa holandesa",6500.0,4.58,1420.0
2026-05-14,Sandwiches Calientes,Frankfurt Graten,7000.0,4.93,1420.0
2026-05-14,Sandwiches Calientes,"Oxford: salchicha, jamón y queso, envuelta en pan de sandwich, salsa holandesa",7500.0,5.28,1420.0
2026-05-14,Sandwiches Calientes,"Burgeois: jamón, queso, salsa holandesa",11000.0,7.75,1420.0
2026-05-14,Sandwiches Calientes,Calamares Graten,17000.0,11.97,1420.0
2026-05-14,Sandwiches Calientes,Mejillones Graten,17000.0,11.97,1420.0
2026-05-14,Sandwiches Calientes,"Lucía: queso, champignon, salsa holandesa",12600.0,8.87,1420.0
2026-05-14,Sandwiches Calientes,"Vegeta: queso, morrones, cebolla, salsa holandesa$12600",12600.0,8.87,1420.0
2026-05-14,Sandwiches Calientes,"Andrés: pechuga de pavita, choclo, salsa portuguesa",11000.0,7.75,1420.0
2026-05-14,Sandwiches Calientes,"Lomo: lomo, salsa holandesa",12500.0,8.8,1420.0
2026-05-14,Sandwiches Calientes,"Pedrito: lomo, queso gratinado, salsa holandesa",13000.0,9.15,1420.0
2026-05-14,Sandwiches Calientes,"Jorge I: lomo, pimientos morrones, salsa holandesa",13000.0,9.15,1420.0
2026-05-14,Sandwiches Calientes,"Hamburger: lomo, cebolla frita, salsa holandesa",13000.0,9.15,1420.0
2026-05-14,Sandwiches Calientes,"Galli: lomo, jamón, queso, salsa holandesa",13500.0,9.51,1420.0
2026-05-14,Sandwiches Calientes,"Lomo Champignon: lomo, champignones, salsa holandesa",13500.0,9.51,1420.0
2026-05-14,Sandwiches Calientes,"Duende: lomo, jamón, tomate, salsa holandesa",13500.0,9.51,1420.0
2026-05-14,Sandwiches Calientes,Lomo 1/2 Caballo,13000.0,9.15,1420.0
2026-05-14,Sandwiches Calientes,"Hamenech: huevo, jamón, salsa holandesa",11000.0,7.75,1420.0
2026-05-14,Sandwiches Calientes,"Fangio: huevo, jamón, cebolla, salsa holandesa",12500.0,8.8,1420.0
2026-05-14,Sandwiches Calientes,"Barton: jamón, queso, cebolla saltada, salsa holandesa",12500.0,8.8,1420.0
2026-05-14,Sandwiches Calientes,"Carlitos: jamón, queso, salsa portuguesa",12500.0,8.8,1420.0
2026-05-14,Sandwiches Calientes,"Jamón Glasé Confitado: jamón, queso gratinado, salsa portuguesa, dulce, pan sandwich",11000.0,7.75,1420.0
2026-05-14,Sandwiches Calientes,"Roselli: pavita picada, jamón, queso, pebete",12500.0,8.8,1420.0
2026-05-14,Triples Especiales,12 unidades,26000.0,18.31,1420.0
2026-05-14,Triples Especiales,24 unidades,48500.0,34.15,1420.0
2026-05-14,Triples Especiales,48 unidades,84000.0,59.15,1420.0
2026-05-14,Triples Especiales,96 unidades,145000.0,102.11,1420.0
2026-05-15,Sandwiches Calientes,"Menditeguy: pechuga de pavita, queso gratinado, salsa holandesa",12500.0,8.8,1420.0
2026-05-15,Sandwiches Calientes,"Enz: pechuga de pavita, tomate, salsa holandesa",12500.0,8.8,1420.0
2026-05-15,Sandwiches Calientes,"Goñi: pechuga de pavita, queso gratinado, lechuga, salsa holandesa",12500.0,8.8,1420.0
2026-05-15,Sandwiches Calientes,"Roncal: pechuga de pavita, queso gratinado, jamón, salsa holandesa",13000.0,9.15,1420.0
2026-05-15,Sandwiches Calientes,"Pavita Graten: pechuga, queso gratinado, salsa portuguesa, pan sandwich",11000.0,7.75,1420.0
2026-05-15,Sandwiches Calientes,"Suprema de Pavita: pechuga de pavita, choclo, salsa portuguesa, rebosado en pan rallado",12500.0,8.8,1420.0
2026-05-15,Sandwiches Calientes,"Hot - Dog: salchicha, salsa holandesa, pebete",6500.0,4.58,1420.0
2026-05-15,Sandwiches Calientes,"Hot - Dog Graten: salchicha, queso gratinado, salsa holandesa",7000.0,4.93,1420.0
2026-05-15,Sandwiches Calientes,"Frankfurt: salchicha envuelta en pan de sandwich, salsa holandesa",6500.0,4.58,1420.0
2026-05-15,Sandwiches Calientes,Frankfurt Graten,7000.0,4.93,1420.0
2026-05-15,Sandwiches Calientes,"Oxford: salchicha, jamón y queso, envuelta en pan de sandwich, salsa holandesa",7500.0,5.28,1420.0
2026-05-15,Sandwiches Calientes,"Burgeois: jamón, queso, salsa holandesa",11000.0,7.75,1420.0
2026-05-15,Sandwiches Calientes,Calamares Graten,17000.0,11.97,1420.0
2026-05-15,Sandwiches Calientes,Mejillones Graten,17000.0,11.97,1420.0
2026-05-15,Sandwiches Calientes,"Lucía: queso, champignon, salsa holandesa",12600.0,8.87,1420.0
2026-05-15,Sandwiches Calientes,"Vegeta: queso, morrones, cebolla, salsa holandesa$12600",12600.0,8.87,1420.0
2026-05-15,Sandwiches Calientes,"Andrés: pechuga de pavita, choclo, salsa portuguesa",11000.0,7.75,1420.0
2026-05-15,Sandwiches Calientes,"Lomo: lomo, salsa holandesa",12500.0,8.8,1420.0
2026-05-15,Sandwiches Calientes,"Pedrito: lomo, queso gratinado, salsa holandesa",13000.0,9.15,1420.0
2026-05-15,Sandwiches Calientes,"Jorge I: lomo, pimientos morrones, salsa holandesa",13000.0,9.15,1420.0
2026-05-15,Sandwiches Calientes,"Hamburger: lomo, cebolla frita, salsa holandesa",13000.0,9.15,1420.0
2026-05-15,Sandwiches Calientes,"Galli: lomo, jamón, queso, salsa holandesa",13500.0,9.51,1420.0
2026-05-15,Sandwiches Calientes,"Lomo Champignon: lomo, champignones, salsa holandesa",13500.0,9.51,1420.0
2026-05-15,Sandwiches Calientes,"Duende: lomo, jamón, tomate, salsa holandesa",13500.0,9.51,1420.0
2026-05-15,Sandwiches Calientes,Lomo 1/2 Caballo,13000.0,9.15,1420.0
2026-05-15,Sandwiches Calientes,"Hamenech: huevo, jamón, salsa holandesa",11000.0,7.75,1420.0
2026-05-15,Sandwiches Calientes,"Fangio: huevo, jamón, cebolla, salsa holandesa",12500.0,8.8,1420.0
2026-05-15,Sandwiches Calientes,"Barton: jamón, queso, cebolla saltada, salsa holandesa",12500.0,8.8,1420.0
2026-05-15,Sandwiches Calientes,"Carlitos: jamón, queso, salsa portuguesa",12500.0,8.8,1420.0
2026-05-15,Sandwiches Calientes,"Jamón Glasé Confitado: jamón, queso gratinado, salsa portuguesa, dulce, pan sandwich",11000.0,7.75,1420.0
2026-05-15,Sandwiches Calientes,"Roselli: pavita picada, jamón, queso, pebete",12500.0,8.8,1420.0
2026-05-15,Triples Especiales,12 unidades,26000.0,18.31,1420.0
2026-05-15,Triples Especiales,24 unidades,48500.0,34.15,1420.0
2026-05-15,Triples Especiales,48 unidades,84000.0,59.15,1420.0
2026-05-15,Triples Especiales,96 unidades,145000.0,102.11,1420.0
2026-05-16,Sandwiches Calientes,"Menditeguy: pechuga de pavita, queso gratinado, salsa holandesa",12500.0,8.8,1420.0
2026-05-16,Sandwiches Calientes,"Enz: pechuga de pavita, tomate, salsa holandesa",12500.0,8.8,1420.0
2026-05-16,Sandwiches Calientes,"Goñi: pechuga de pavita, queso gratinado, lechuga, salsa holandesa",12500.0,8.8,1420.0
2026-05-16,Sandwiches Calientes,"Roncal: pechuga de pavita, queso gratinado, jamón, salsa holandesa",13000.0,9.15,1420.0
2026-05-16,Sandwiches Calientes,"Pavita Graten: pechuga, queso gratinado, salsa portuguesa, pan sandwich",11000.0,7.75,1420.0
2026-05-16,Sandwiches Calientes,"Suprema de Pavita: pechuga de pavita, choclo, salsa portuguesa, rebosado en pan rallado",12500.0,8.8,1420.0
2026-05-16,Sandwiches Calientes,"Hot - Dog: salchicha, salsa holandesa, pebete",6500.0,4.58,1420.0
2026-05-16,Sandwiches Calientes,"Hot - Dog Graten: salchicha, queso gratinado, salsa holandesa",7000.0,4.93,1420.0
2026-05-16,Sandwiches Calientes,"Frankfurt: salchicha envuelta en pan de sandwich, salsa holandesa",6500.0,4.58,1420.0
2026-05-16,Sandwiches Calientes,Frankfurt Graten,7000.0,4.93,1420.0
2026-05-16,Sandwiches Calientes,"Oxford: salchicha, jamón y queso, envuelta en pan de sandwich, salsa holandesa",7500.0,5.28,1420.0
2026-05-16,Sandwiches Calientes,"Burgeois: jamón, queso, salsa holandesa",11000.0,7.75,1420.0
2026-05-16,Sandwiches Calientes,Calamares Graten,17000.0,11.97,1420.0
2026-05-16,Sandwiches Calientes,Mejillones Graten,17000.0,11.97,1420.0
2026-05-16,Sandwiches Calientes,"Lucía: queso, champignon, salsa holandesa",12600.0,8.87,1420.0
2026-05-16,Sandwiches Calientes,"Vegeta: queso, morrones, cebolla, salsa holandesa$12600",12600.0,8.87,1420.0
2026-05-16,Sandwiches Calientes,"Andrés: pechuga de pavita, choclo, salsa portuguesa",11000.0,7.75,1420.0
2026-05-16,Sandwiches Calientes,"Lomo: lomo, salsa holandesa",12500.0,8.8,1420.0
2026-05-16,Sandwiches Calientes,"Pedrito: lomo, queso gratinado, salsa holandesa",13000.0,9.15,1420.0
2026-05-16,Sandwiches Calientes,"Jorge I: lomo, pimientos morrones, salsa holandesa",13000.0,9.15,1420.0
2026-05-16,Sandwiches Calientes,"Hamburger: lomo, cebolla frita, salsa holandesa",13000.0,9.15,1420.0
2026-05-16,Sandwiches Calientes,"Galli: lomo, jamón, queso, salsa holandesa",13500.0,9.51,1420.0
2026-05-16,Sandwiches Calientes,"Lomo Champignon: lomo, champignones, salsa holandesa",13500.0,9.51,1420.0
2026-05-16,Sandwiches Calientes,"Duende: lomo, jamón, tomate, salsa holandesa",13500.0,9.51,1420.0
2026-05-16,Sandwiches Calientes,Lomo 1/2 Caballo,13000.0,9.15,1420.0
2026-05-16,Sandwiches Calientes,"Hamenech: huevo, jamón, salsa holandesa",11000.0,7.75,1420.0
2026-05-16,Sandwiches Calientes,"Fangio: huevo, jamón, cebolla, salsa holandesa",12500.0,8.8,1420.0
2026-05-16,Sandwiches Calientes,"Barton: jamón, queso, cebolla saltada, salsa holandesa",12500.0,8.8,1420.0
2026-05-16,Sandwiches Calientes,"Carlitos: jamón, queso, salsa portuguesa",12500.0,8.8,1420.0
2026-05-16,Sandwiches Calientes,"Jamón Glasé Confitado: jamón, queso gratinado, salsa portuguesa, dulce, pan sandwich",11000.0,7.75,1420.0
2026-05-16,Sandwiches Calientes,"Roselli: pavita picada, jamón, queso, pebete",12500.0,8.8,1420.0
2026-05-16,Triples Especiales,12 unidades,26000.0,18.31,1420.0
2026-05-16,Triples Especiales,24 unidades,48500.0,34.15,1420.0
2026-05-16,Triples Especiales,48 unidades,84000.0,59.15,1420.0
2026-05-16,Triples Especiales,96 unidades,145000.0,102.11,1420.0
2026-05-18,Sandwiches Calientes,"Menditeguy: pechuga de pavita, queso gratinado, salsa holandesa",12500.0,8.8,1420.0
2026-05-18,Sandwiches Calientes,"Enz: pechuga de pavita, tomate, salsa holandesa",12500.0,8.8,1420.0
2026-05-18,Sandwiches Calientes,"Goñi: pechuga de pavita, queso gratinado, lechuga, salsa holandesa",12500.0,8.8,1420.0
2026-05-18,Sandwiches Calientes,"Roncal: pechuga de pavita, queso gratinado, jamón, salsa holandesa",13000.0,9.15,1420.0
2026-05-18,Sandwiches Calientes,"Pavita Graten: pechuga, queso gratinado, salsa portuguesa, pan sandwich",11000.0,7.75,1420.0
2026-05-18,Sandwiches Calientes,"Suprema de Pavita: pechuga de pavita, choclo, salsa portuguesa, rebosado en pan rallado",12500.0,8.8,1420.0
2026-05-18,Sandwiches Calientes,"Hot - Dog: salchicha, salsa holandesa, pebete",6500.0,4.58,1420.0
2026-05-18,Sandwiches Calientes,"Hot - Dog Graten: salchicha, queso gratinado, salsa holandesa",7000.0,4.93,1420.0
2026-05-18,Sandwiches Calientes,"Frankfurt: salchicha envuelta en pan de sandwich, salsa holandesa",6500.0,4.58,1420.0
2026-05-18,Sandwiches Calientes,Frankfurt Graten,7000.0,4.93,1420.0
2026-05-18,Sandwiches Calientes,"Oxford: salchicha, jamón y queso, envuelta en pan de sandwich, salsa holandesa",7500.0,5.28,1420.0
2026-05-18,Sandwiches Calientes,"Burgeois: jamón, queso, salsa holandesa",11000.0,7.75,1420.0
2026-05-18,Sandwiches Calientes,Calamares Graten,17000.0,11.97,1420.0
2026-05-18,Sandwiches Calientes,Mejillones Graten,17000.0,11.97,1420.0
2026-05-18,Sandwiches Calientes,"Lucía: queso, champignon, salsa holandesa",12600.0,8.87,1420.0
2026-05-18,Sandwiches Calientes,"Vegeta: queso, morrones, cebolla, salsa holandesa$12600",12600.0,8.87,1420.0
2026-05-18,Sandwiches Calientes,"Andrés: pechuga de pavita, choclo, salsa portuguesa",11000.0,7.75,1420.0
2026-05-18,Sandwiches Calientes,"Lomo: lomo, salsa holandesa",12500.0,8.8,1420.0
2026-05-18,Sandwiches Calientes,"Pedrito: lomo, queso gratinado, salsa holandesa",13000.0,9.15,1420.0
2026-05-18,Sandwiches Calientes,"Jorge I: lomo, pimientos morrones, salsa holandesa",13000.0,9.15,1420.0
2026-05-18,Sandwiches Calientes,"Hamburger: lomo, cebolla frita, salsa holandesa",13000.0,9.15,1420.0
2026-05-18,Sandwiches Calientes,"Galli: lomo, jamón, queso, salsa holandesa",13500.0,9.51,1420.0
2026-05-18,Sandwiches Calientes,"Lomo Champignon: lomo, champignones, salsa holandesa",13500.0,9.51,1420.0
2026-05-18,Sandwiches Calientes,"Duende: lomo, jamón, tomate, salsa holandesa",13500.0,9.51,1420.0
2026-05-18,Sandwiches Calientes,Lomo 1/2 Caballo,13000.0,9.15,1420.0
2026-05-18,Sandwiches Calientes,"Hamenech: huevo, jamón, salsa holandesa",11000.0,7.75,1420.0
2026-05-18,Sandwiches Calientes,"Fangio: huevo, jamón, cebolla, salsa holandesa",12500.0,8.8,1420.0
2026-05-18,Sandwiches Calientes,"Barton: jamón, queso, cebolla saltada, salsa holandesa",12500.0,8.8,1420.0
2026-05-18,Sandwiches Calientes,"Carlitos: jamón, queso, salsa portuguesa",12500.0,8.8,1420.0
2026-05-18,Sandwiches Calientes,"Jamón Glasé Confitado: jamón, queso gratinado, salsa portuguesa, dulce, pan sandwich",11000.0,7.75,1420.0
2026-05-18,Sandwiches Calientes,"Roselli: pavita picada, jamón, queso, pebete",12500.0,8.8,1420.0
2026-05-18,Triples Especiales,12 unidades,26000.0,18.31,1420.0
2026-05-18,Triples Especiales,24 unidades,48500.0,34.15,1420.0
2026-05-18,Triples Especiales,48 unidades,84000.0,59.15,1420.0
2026-05-18,Triples Especiales,96 unidades,145000.0,102.11,1420.0
2026-05-19,Sandwiches Calientes,"Menditeguy: pechuga de pavita, queso gratinado, salsa holandesa",12500.0,8.8,1420.0
2026-05-19,Sandwiches Calientes,"Enz: pechuga de pavita, tomate, salsa holandesa",12500.0,8.8,1420.0
2026-05-19,Sandwiches Calientes,"Goñi: pechuga de pavita, queso gratinado, lechuga, salsa holandesa",12500.0,8.8,1420.0
2026-05-19,Sandwiches Calientes,"Roncal: pechuga de pavita, queso gratinado, jamón, salsa holandesa",13000.0,9.15,1420.0
2026-05-19,Sandwiches Calientes,"Pavita Graten: pechuga, queso gratinado, salsa portuguesa, pan sandwich",11000.0,7.75,1420.0
2026-05-19,Sandwiches Calientes,"Suprema de Pavita: pechuga de pavita, choclo, salsa portuguesa, rebosado en pan rallado",12500.0,8.8,1420.0
2026-05-19,Sandwiches Calientes,"Hot - Dog: salchicha, salsa holandesa, pebete",6500.0,4.58,1420.0
2026-05-19,Sandwiches Calientes,"Hot - Dog Graten: salchicha, queso gratinado, salsa holandesa",7000.0,4.93,1420.0
2026-05-19,Sandwiches Calientes,"Frankfurt: salchicha envuelta en pan de sandwich, salsa holandesa",6500.0,4.58,1420.0
2026-05-19,Sandwiches Calientes,Frankfurt Graten,7000.0,4.93,1420.0
2026-05-19,Sandwiches Calientes,"Oxford: salchicha, jamón y queso, envuelta en pan de sandwich, salsa holandesa",7500.0,5.28,1420.0
2026-05-19,Sandwiches Calientes,"Burgeois: jamón, queso, salsa holandesa",11000.0,7.75,1420.0
2026-05-19,Sandwiches Calientes,Calamares Graten,17000.0,11.97,1420.0
2026-05-19,Sandwiches Calientes,Mejillones Graten,17000.0,11.97,1420.0
2026-05-19,Sandwiches Calientes,"Lucía: queso, champignon, salsa holandesa",12600.0,8.87,1420.0
2026-05-19,Sandwiches Calientes,"Vegeta: queso, morrones, cebolla, salsa holandesa$12600",12600.0,8.87,1420.0
2026-05-19,Sandwiches Calientes,"Andrés: pechuga de pavita, choclo, salsa portuguesa",11000.0,7.75,1420.0
2026-05-19,Sandwiches Calientes,"Lomo: lomo, salsa holandesa",12500.0,8.8,1420.0
2026-05-19,Sandwiches Calientes,"Pedrito: lomo, queso gratinado, salsa holandesa",13000.0,9.15,1420.0
2026-05-19,Sandwiches Calientes,"Jorge I: lomo, pimientos morrones, salsa holandesa",13000.0,9.15,1420.0
2026-05-19,Sandwiches Calientes,"Hamburger: lomo, cebolla frita, salsa holandesa",13000.0,9.15,1420.0
2026-05-19,Sandwiches Calientes,"Galli: lomo, jamón, queso, salsa holandesa",13500.0,9.51,1420.0
2026-05-19,Sandwiches Calientes,"Lomo Champignon: lomo, champignones, salsa holandesa",13500.0,9.51,1420.0
2026-05-19,Sandwiches Calientes,"Duende: lomo, jamón, tomate, salsa holandesa",13500.0,9.51,1420.0
2026-05-19,Sandwiches Calientes,Lomo 1/2 Caballo,13000.0,9.15,1420.0
2026-05-19,Sandwiches Calientes,"Hamenech: huevo, jamón, salsa holandesa",11000.0,7.75,1420.0
2026-05-19,Sandwiches Calientes,"Fangio: huevo, jamón, cebolla, salsa holandesa",12500.0,8.8,1420.0
2026-05-19,Sandwiches Calientes,"Barton: jamón, queso, cebolla saltada, salsa holandesa",12500.0,8.8,1420.0
2026-05-19,Sandwiches Calientes,"Carlitos: jamón, queso, salsa portuguesa",12500.0,8.8,1420.0
2026-05-19,Sandwiches Calientes,"Jamón Glasé Confitado: jamón, queso gratinado, salsa portuguesa, dulce, pan sandwich",11000.0,7.75,1420.0
2026-05-19,Sandwiches Calientes,"Roselli: pavita picada, jamón, queso, pebete",12500.0,8.8,1420.0
2026-05-19,Triples Especiales,12 unidades,26000.0,18.31,1420.0
2026-05-19,Triples Especiales,24 unidades,48500.0,34.15,1420.0
2026-05-19,Triples Especiales,48 unidades,84000.0,59.15,1420.0
2026-05-19,Triples Especiales,96 unidades,145000.0,102.11,1420.0
2026-05-21,Sandwiches Calientes,"Menditeguy: pechuga de pavita, queso gratinado, salsa holandesa",12500.0,8.83,1415.0
2026-05-21,Sandwiches Calientes,"Enz: pechuga de pavita, tomate, salsa holandesa",12500.0,8.83,1415.0
2026-05-21,Sandwiches Calientes,"Goñi: pechuga de pavita, queso gratinado, lechuga, salsa holandesa",12500.0,8.83,1415.0
2026-05-21,Sandwiches Calientes,"Roncal: pechuga de pavita, queso gratinado, jamón, salsa holandesa",13000.0,9.19,1415.0
2026-05-21,Sandwiches Calientes,"Pavita Graten: pechuga, queso gratinado, salsa portuguesa, pan sandwich",11000.0,7.77,1415.0
2026-05-21,Sandwiches Calientes,"Suprema de Pavita: pechuga de pavita, choclo, salsa portuguesa, rebosado en pan rallado",12500.0,8.83,1415.0
2026-05-21,Sandwiches Calientes,"Hot - Dog: salchicha, salsa holandesa, pebete",6500.0,4.59,1415.0
2026-05-21,Sandwiches Calientes,"Hot - Dog Graten: salchicha, queso gratinado, salsa holandesa",7000.0,4.95,1415.0
2026-05-21,Sandwiches Calientes,"Frankfurt: salchicha envuelta en pan de sandwich, salsa holandesa",6500.0,4.59,1415.0
2026-05-21,Sandwiches Calientes,Frankfurt Graten,7000.0,4.95,1415.0
2026-05-21,Sandwiches Calientes,"Oxford: salchicha, jamón y queso, envuelta en pan de sandwich, salsa holandesa",7500.0,5.3,1415.0
2026-05-21,Sandwiches Calientes,"Burgeois: jamón, queso, salsa holandesa",11000.0,7.77,1415.0
2026-05-21,Sandwiches Calientes,Calamares Graten,17000.0,12.01,1415.0
2026-05-21,Sandwiches Calientes,Mejillones Graten,17000.0,12.01,1415.0
2026-05-21,Sandwiches Calientes,"Lucía: queso, champignon, salsa holandesa",12600.0,8.9,1415.0
2026-05-21,Sandwiches Calientes,"Vegeta: queso, morrones, cebolla, salsa holandesa$12600",12600.0,8.9,1415.0
2026-05-21,Sandwiches Calientes,"Andrés: pechuga de pavita, choclo, salsa portuguesa",11000.0,7.77,1415.0
2026-05-21,Sandwiches Calientes,"Lomo: lomo, salsa holandesa",12500.0,8.83,1415.0
2026-05-21,Sandwiches Calientes,"Pedrito: lomo, queso gratinado, salsa holandesa",13000.0,9.19,1415.0
2026-05-21,Sandwiches Calientes,"Jorge I: lomo, pimientos morrones, salsa holandesa",13000.0,9.19,1415.0
2026-05-21,Sandwiches Calientes,"Hamburger: lomo, cebolla frita, salsa holandesa",13000.0,9.19,1415.0
2026-05-21,Sandwiches Calientes,"Galli: lomo, jamón, queso, salsa holandesa",13500.0,9.54,1415.0
2026-05-21,Sandwiches Calientes,"Lomo Champignon: lomo, champignones, salsa holandesa",13500.0,9.54,1415.0
2026-05-21,Sandwiches Calientes,"Duende: lomo, jamón, tomate, salsa holandesa",13500.0,9.54,1415.0
2026-05-21,Sandwiches Calientes,Lomo 1/2 Caballo,13000.0,9.19,1415.0
2026-05-21,Sandwiches Calientes,"Hamenech: huevo, jamón, salsa holandesa",11000.0,7.77,1415.0
2026-05-21,Sandwiches Calientes,"Fangio: huevo, jamón, cebolla, salsa holandesa",12500.0,8.83,1415.0
2026-05-21,Sandwiches Calientes,"Barton: jamón, queso, cebolla saltada, salsa holandesa",12500.0,8.83,1415.0
2026-05-21,Sandwiches Calientes,"Carlitos: jamón, queso, salsa portuguesa",12500.0,8.83,1415.0
2026-05-21,Sandwiches Calientes,"Jamón Glasé Confitado: jamón, queso gratinado, salsa portuguesa, dulce, pan sandwich",11000.0,7.77,1415.0
2026-05-21,Sandwiches Calientes,"Roselli: pavita picada, jamón, queso, pebete",12500.0,8.83,1415.0
2026-05-21,Triples Especiales,12 unidades,26000.0,18.37,1415.0
2026-05-21,Triples Especiales,24 unidades,48500.0,34.28,1415.0
2026-05-21,Triples Especiales,48 unidades,84000.0,59.36,1415.0
2026-05-21,Triples Especiales,96 unidades,145000.0,102.47,1415.0
2026-05-22,Sandwiches Calientes,"Menditeguy: pechuga de pavita, queso gratinado, salsa holandesa",12500.0,8.83,1415.0
2026-05-22,Sandwiches Calientes,"Enz: pechuga de pavita, tomate, salsa holandesa",12500.0,8.83,1415.0
2026-05-22,Sandwiches Calientes,"Goñi: pechuga de pavita, queso gratinado, lechuga, salsa holandesa",12500.0,8.83,1415.0
2026-05-22,Sandwiches Calientes,"Roncal: pechuga de pavita, queso gratinado, jamón, salsa holandesa",13000.0,9.19,1415.0
2026-05-22,Sandwiches Calientes,"Pavita Graten: pechuga, queso gratinado, salsa portuguesa, pan sandwich",11000.0,7.77,1415.0
2026-05-22,Sandwiches Calientes,"Suprema de Pavita: pechuga de pavita, choclo, salsa portuguesa, rebosado en pan rallado",12500.0,8.83,1415.0
2026-05-22,Sandwiches Calientes,"Hot - Dog: salchicha, salsa holandesa, pebete",6500.0,4.59,1415.0
2026-05-22,Sandwiches Calientes,"Hot - Dog Graten: salchicha, queso gratinado, salsa holandesa",7000.0,4.95,1415.0
2026-05-22,Sandwiches Calientes,"Frankfurt: salchicha envuelta en pan de sandwich, salsa holandesa",6500.0,4.59,1415.0
2026-05-22,Sandwiches Calientes,Frankfurt Graten,7000.0,4.95,1415.0
2026-05-22,Sandwiches Calientes,"Oxford: salchicha, jamón y queso, envuelta en pan de sandwich, salsa holandesa",7500.0,5.3,1415.0
2026-05-22,Sandwiches Calientes,"Burgeois: jamón, queso, salsa holandesa",11000.0,7.77,1415.0
2026-05-22,Sandwiches Calientes,Calamares Graten,17000.0,12.01,1415.0
2026-05-22,Sandwiches Calientes,Mejillones Graten,17000.0,12.01,1415.0
2026-05-22,Sandwiches Calientes,"Lucía: queso, champignon, salsa holandesa",12600.0,8.9,1415.0
2026-05-22,Sandwiches Calientes,"Vegeta: queso, morrones, cebolla, salsa holandesa$12600",12600.0,8.9,1415.0
2026-05-22,Sandwiches Calientes,"Andrés: pechuga de pavita, choclo, salsa portuguesa",11000.0,7.77,1415.0
2026-05-22,Sandwiches Calientes,"Lomo: lomo, salsa holandesa",12500.0,8.83,1415.0
2026-05-22,Sandwiches Calientes,"Pedrito: lomo, queso gratinado, salsa holandesa",13000.0,9.19,1415.0
2026-05-22,Sandwiches Calientes,"Jorge I: lomo, pimientos morrones, salsa holandesa",13000.0,9.19,1415.0
2026-05-22,Sandwiches Calientes,"Hamburger: lomo, cebolla frita, salsa holandesa",13000.0,9.19,1415.0
2026-05-22,Sandwiches Calientes,"Galli: lomo, jamón, queso, salsa holandesa",13500.0,9.54,1415.0
2026-05-22,Sandwiches Calientes,"Lomo Champignon: lomo, champignones, salsa holandesa",13500.0,9.54,1415.0
2026-05-22,Sandwiches Calientes,"Duende: lomo, jamón, tomate, salsa holandesa",13500.0,9.54,1415.0
2026-05-22,Sandwiches Calientes,Lomo 1/2 Caballo,13000.0,9.19,1415.0
2026-05-22,Sandwiches Calientes,"Hamenech: huevo, jamón, salsa holandesa",11000.0,7.77,1415.0
2026-05-22,Sandwiches Calientes,"Fangio: huevo, jamón, cebolla, salsa holandesa",12500.0,8.83,1415.0
2026-05-22,Sandwiches Calientes,"Barton: jamón, queso, cebolla saltada, salsa holandesa",12500.0,8.83,1415.0
2026-05-22,Sandwiches Calientes,"Carlitos: jamón, queso, salsa portuguesa",12500.0,8.83,1415.0
2026-05-22,Sandwiches Calientes,"Jamón Glasé Confitado: jamón, queso gratinado, salsa portuguesa, dulce, pan sandwich",11000.0,7.77,1415.0
2026-05-22,Sandwiches Calientes,"Roselli: pavita picada, jamón, queso, pebete",12500.0,8.83,1415.0
2026-05-22,Triples Especiales,12 unidades,26000.0,18.37,1415.0
2026-05-22,Triples Especiales,24 unidades,48500.0,34.28,1415.0
2026-05-22,Triples Especiales,48 unidades,84000.0,59.36,1415.0
2026-05-22,Triples Especiales,96 unidades,145000.0,102.47,1415.0
2026-05-23,Sandwiches Calientes,"Menditeguy: pechuga de pavita, queso gratinado, salsa holandesa",12500.0,8.77,1425.0
2026-05-23,Sandwiches Calientes,"Enz: pechuga de pavita, tomate, salsa holandesa",12500.0,8.77,1425.0
2026-05-23,Sandwiches Calientes,"Goñi: pechuga de pavita, queso gratinado, lechuga, salsa holandesa",12500.0,8.77,1425.0
2026-05-23,Sandwiches Calientes,"Roncal: pechuga de pavita, queso gratinado, jamón, salsa holandesa",13000.0,9.12,1425.0
2026-05-23,Sandwiches Calientes,"Pavita Graten: pechuga, queso gratinado, salsa portuguesa, pan sandwich",11000.0,7.72,1425.0
2026-05-23,Sandwiches Calientes,"Suprema de Pavita: pechuga de pavita, choclo, salsa portuguesa, rebosado en pan rallado",12500.0,8.77,1425.0
2026-05-23,Sandwiches Calientes,"Hot - Dog: salchicha, salsa holandesa, pebete",6500.0,4.56,1425.0
2026-05-23,Sandwiches Calientes,"Hot - Dog Graten: salchicha, queso gratinado, salsa holandesa",7000.0,4.91,1425.0
2026-05-23,Sandwiches Calientes,"Frankfurt: salchicha envuelta en pan de sandwich, salsa holandesa",6500.0,4.56,1425.0
2026-05-23,Sandwiches Calientes,Frankfurt Graten,7000.0,4.91,1425.0
2026-05-23,Sandwiches Calientes,"Oxford: salchicha, jamón y queso, envuelta en pan de sandwich, salsa holandesa",7500.0,5.26,1425.0
2026-05-23,Sandwiches Calientes,"Burgeois: jamón, queso, salsa holandesa",11000.0,7.72,1425.0
2026-05-23,Sandwiches Calientes,Calamares Graten,17000.0,11.93,1425.0
2026-05-23,Sandwiches Calientes,Mejillones Graten,17000.0,11.93,1425.0
2026-05-23,Sandwiches Calientes,"Lucía: queso, champignon, salsa holandesa",12600.0,8.84,1425.0
2026-05-23,Sandwiches Calientes,"Vegeta: queso, morrones, cebolla, salsa holandesa$12600",12600.0,8.84,1425.0
2026-05-23,Sandwiches Calientes,"Andrés: pechuga de pavita, choclo, salsa portuguesa",11000.0,7.72,1425.0
2026-05-23,Sandwiches Calientes,"Lomo: lomo, salsa holandesa",12500.0,8.77,1425.0
2026-05-23,Sandwiches Calientes,"Pedrito: lomo, queso gratinado, salsa holandesa",13000.0,9.12,1425.0
2026-05-23,Sandwiches Calientes,"Jorge I: lomo, pimientos morrones, salsa holandesa",13000.0,9.12,1425.0
2026-05-23,Sandwiches Calientes,"Hamburger: lomo, cebolla frita, salsa holandesa",13000.0,9.12,1425.0
2026-05-23,Sandwiches Calientes,"Galli: lomo, jamón, queso, salsa holandesa",13500.0,9.47,1425.0
2026-05-23,Sandwiches Calientes,"Lomo Champignon: lomo, champignones, salsa holandesa",13500.0,9.47,1425.0
2026-05-23,Sandwiches Calientes,"Duende: lomo, jamón, tomate, salsa holandesa",13500.0,9.47,1425.0
2026-05-23,Sandwiches Calientes,Lomo 1/2 Caballo,13000.0,9.12,1425.0
2026-05-23,Sandwiches Calientes,"Hamenech: huevo, jamón, salsa holandesa",11000.0,7.72,1425.0
2026-05-23,Sandwiches Calientes,"Fangio: huevo, jamón, cebolla, salsa holandesa",12500.0,8.77,1425.0
2026-05-23,Sandwiches Calientes,"Barton: jamón, queso, cebolla saltada, salsa holandesa",12500.0,8.77,1425.0
2026-05-23,Sandwiches Calientes,"Carlitos: jamón, queso, salsa portuguesa",12500.0,8.77,1425.0
2026-05-23,Sandwiches Calientes,"Jamón Glasé Confitado: jamón, queso gratinado, salsa portuguesa, dulce, pan sandwich",11000.0,7.72,1425.0
2026-05-23,Sandwiches Calientes,"Roselli: pavita picada, jamón, queso, pebete",12500.0,8.77,1425.0
2026-05-23,Triples Especiales,12 unidades,26000.0,18.25,1425.0
2026-05-23,Triples Especiales,24 unidades,48500.0,34.04,1425.0
2026-05-23,Triples Especiales,48 unidades,84000.0,58.95,1425.0
2026-05-23,Triples Especiales,96 unidades,145000.0,101.75,1425.0
2026-05-24,Sandwiches Calientes,"Menditeguy: pechuga de pavita, queso gratinado, salsa holandesa",12500.0,8.77,1425.0
2026-05-24,Sandwiches Calientes,"Enz: pechuga de pavita, tomate, salsa holandesa",12500.0,8.77,1425.0
2026-05-24,Sandwiches Calientes,"Goñi: pechuga de pavita, queso gratinado, lechuga, salsa holandesa",12500.0,8.77,1425.0
2026-05-24,Sandwiches Calientes,"Roncal: pechuga de pavita, queso gratinado, jamón, salsa holandesa",13000.0,9.12,1425.0
2026-05-24,Sandwiches Calientes,"Pavita Graten: pechuga, queso gratinado, salsa portuguesa, pan sandwich",11000.0,7.72,1425.0
2026-05-24,Sandwiches Calientes,"Suprema de Pavita: pechuga de pavita, choclo, salsa portuguesa, rebosado en pan rallado",12500.0,8.77,1425.0
2026-05-24,Sandwiches Calientes,"Hot - Dog: salchicha, salsa holandesa, pebete",6500.0,4.56,1425.0
2026-05-24,Sandwiches Calientes,"Hot - Dog Graten: salchicha, queso gratinado, salsa holandesa",7000.0,4.91,1425.0
2026-05-24,Sandwiches Calientes,"Frankfurt: salchicha envuelta en pan de sandwich, salsa holandesa",6500.0,4.56,1425.0
2026-05-24,Sandwiches Calientes,Frankfurt Graten,7000.0,4.91,1425.0
2026-05-24,Sandwiches Calientes,"Oxford: salchicha, jamón y queso, envuelta en pan de sandwich, salsa holandesa",7500.0,5.26,1425.0
2026-05-24,Sandwiches Calientes,"Burgeois: jamón, queso, salsa holandesa",11000.0,7.72,1425.0
2026-05-24,Sandwiches Calientes,Calamares Graten,17000.0,11.93,1425.0
2026-05-24,Sandwiches Calientes,Mejillones Graten,17000.0,11.93,1425.0
2026-05-24,Sandwiches Calientes,"Lucía: queso, champignon, salsa holandesa",12600.0,8.84,1425.0
2026-05-24,Sandwiches Calientes,"Vegeta: queso, morrones, cebolla, salsa holandesa$12600",12600.0,8.84,1425.0
2026-05-24,Sandwiches Calientes,"Andrés: pechuga de pavita, choclo, salsa portuguesa",11000.0,7.72,1425.0
2026-05-24,Sandwiches Calientes,"Lomo: lomo, salsa holandesa",12500.0,8.77,1425.0
2026-05-24,Sandwiches Calientes,"Pedrito: lomo, queso gratinado, salsa holandesa",13000.0,9.12,1425.0
2026-05-24,Sandwiches Calientes,"Jorge I: lomo, pimientos morrones, salsa holandesa",13000.0,9.12,1425.0
2026-05-24,Sandwiches Calientes,"Hamburger: lomo, cebolla frita, salsa holandesa",13000.0,9.12,1425.0
2026-05-24,Sandwiches Calientes,"Galli: lomo, jamón, queso, salsa holandesa",13500.0,9.47,1425.0
2026-05-24,Sandwiches Calientes,"Lomo Champignon: lomo, champignones, salsa holandesa",13500.0,9.47,1425.0
2026-05-24,Sandwiches Calientes,"Duende: lomo, jamón, tomate, salsa holandesa",13500.0,9.47,1425.0
2026-05-24,Sandwiches Calientes,Lomo 1/2 Caballo,13000.0,9.12,1425.0
2026-05-24,Sandwiches Calientes,"Hamenech: huevo, jamón, salsa holandesa",11000.0,7.72,1425.0
2026-05-24,Sandwiches Calientes,"Fangio: huevo, jamón, cebolla, salsa holandesa",12500.0,8.77,1425.0
2026-05-24,Sandwiches Calientes,"Barton: jamón, queso, cebolla saltada, salsa holandesa",12500.0,8.77,1425.0
2026-05-24,Sandwiches Calientes,"Carlitos: jamón, queso, salsa portuguesa",12500.0,8.77,1425.0
2026-05-24,Sandwiches Calientes,"Jamón Glasé Confitado: jamón, queso gratinado, salsa portuguesa, dulce, pan sandwich",11000.0,7.72,1425.0
2026-05-24,Sandwiches Calientes,"Roselli: pavita picada, jamón, queso, pebete",12500.0,8.77,1425.0
2026-05-24,Triples Especiales,12 unidades,26000.0,18.25,1425.0
2026-05-24,Triples Especiales,24 unidades,48500.0,34.04,1425.0
2026-05-24,Triples Especiales,48 unidades,84000.0,58.95,1425.0
2026-05-24,Triples Especiales,96 unidades,145000.0,101.75,1425.0
2026-05-25,Sandwiches Calientes,"Menditeguy: pechuga de pavita, queso gratinado, salsa holandesa",12500.0,8.77,1425.0
2026-05-25,Sandwiches Calientes,"Enz: pechuga de pavita, tomate, salsa holandesa",12500.0,8.77,1425.0
2026-05-25,Sandwiches Calientes,"Goñi: pechuga de pavita, queso gratinado, lechuga, salsa holandesa",12500.0,8.77,1425.0
2026-05-25,Sandwiches Calientes,"Roncal: pechuga de pavita, queso gratinado, jamón, salsa holandesa",13000.0,9.12,1425.0
2026-05-25,Sandwiches Calientes,"Pavita Graten: pechuga, queso gratinado, salsa portuguesa, pan sandwich",11000.0,7.72,1425.0
2026-05-25,Sandwiches Calientes,"Suprema de Pavita: pechuga de pavita, choclo, salsa portuguesa, rebosado en pan rallado",12500.0,8.77,1425.0
2026-05-25,Sandwiches Calientes,"Hot - Dog: salchicha, salsa holandesa, pebete",6500.0,4.56,1425.0
2026-05-25,Sandwiches Calientes,"Hot - Dog Graten: salchicha, queso gratinado, salsa holandesa",7000.0,4.91,1425.0
2026-05-25,Sandwiches Calientes,"Frankfurt: salchicha envuelta en pan de sandwich, salsa holandesa",6500.0,4.56,1425.0
2026-05-25,Sandwiches Calientes,Frankfurt Graten,7000.0,4.91,1425.0
2026-05-25,Sandwiches Calientes,"Oxford: salchicha, jamón y queso, envuelta en pan de sandwich, salsa holandesa",7500.0,5.26,1425.0
2026-05-25,Sandwiches Calientes,"Burgeois: jamón, queso, salsa holandesa",11000.0,7.72,1425.0
2026-05-25,Sandwiches Calientes,Calamares Graten,17000.0,11.93,1425.0
2026-05-25,Sandwiches Calientes,Mejillones Graten,17000.0,11.93,1425.0
2026-05-25,Sandwiches Calientes,"Lucía: queso, champignon, salsa holandesa",12600.0,8.84,1425.0
2026-05-25,Sandwiches Calientes,"Vegeta: queso, morrones, cebolla, salsa holandesa$12600",12600.0,8.84,1425.0
2026-05-25,Sandwiches Calientes,"Andrés: pechuga de pavita, choclo, salsa portuguesa",11000.0,7.72,1425.0
2026-05-25,Sandwiches Calientes,"Lomo: lomo, salsa holandesa",12500.0,8.77,1425.0
2026-05-25,Sandwiches Calientes,"Pedrito: lomo, queso gratinado, salsa holandesa",13000.0,9.12,1425.0
2026-05-25,Sandwiches Calientes,"Jorge I: lomo, pimientos morrones, salsa holandesa",13000.0,9.12,1425.0
2026-05-25,Sandwiches Calientes,"Hamburger: lomo, cebolla frita, salsa holandesa",13000.0,9.12,1425.0
2026-05-25,Sandwiches Calientes,"Galli: lomo, jamón, queso, salsa holandesa",13500.0,9.47,1425.0
2026-05-25,Sandwiches Calientes,"Lomo Champignon: lomo, champignones, salsa holandesa",13500.0,9.47,1425.0
2026-05-25,Sandwiches Calientes,"Duende: lomo, jamón, tomate, salsa holandesa",13500.0,9.47,1425.0
2026-05-25,Sandwiches Calientes,Lomo 1/2 Caballo,13000.0,9.12,1425.0
2026-05-25,Sandwiches Calientes,"Hamenech: huevo, jamón, salsa holandesa",11000.0,7.72,1425.0
2026-05-25,Sandwiches Calientes,"Fangio: huevo, jamón, cebolla, salsa holandesa",12500.0,8.77,1425.0
2026-05-25,Sandwiches Calientes,"Barton: jamón, queso, cebolla saltada, salsa holandesa",12500.0,8.77,1425.0
2026-05-25,Sandwiches Calientes,"Carlitos: jamón, queso, salsa portuguesa",12500.0,8.77,1425.0
2026-05-25,Sandwiches Calientes,"Jamón Glasé Confitado: jamón, queso gratinado, salsa portuguesa, dulce, pan sandwich",11000.0,7.72,1425.0
2026-05-25,Sandwiches Calientes,"Roselli: pavita picada, jamón, queso, pebete",12500.0,8.77,1425.0
2026-05-25,Triples Especiales,12 unidades,26000.0,18.25,1425.0
2026-05-25,Triples Especiales,24 unidades,48500.0,34.04,1425.0
2026-05-25,Triples Especiales,48 unidades,84000.0,58.95,1425.0
2026-05-25,Triples Especiales,96 unidades,145000.0,101.75,1425.0
2026-05-26,Sandwiches Calientes,"Menditeguy: pechuga de pavita, queso gratinado, salsa holandesa",12500.0,8.74,1430.0
2026-05-26,Sandwiches Calientes,"Enz: pechuga de pavita, tomate, salsa holandesa",12500.0,8.74,1430.0
2026-05-26,Sandwiches Calientes,"Goñi: pechuga de pavita, queso gratinado, lechuga, salsa holandesa",12500.0,8.74,1430.0
2026-05-26,Sandwiches Calientes,"Roncal: pechuga de pavita, queso gratinado, jamón, salsa holandesa",13000.0,9.09,1430.0
2026-05-26,Sandwiches Calientes,"Pavita Graten: pechuga, queso gratinado, salsa portuguesa, pan sandwich",11000.0,7.69,1430.0
2026-05-26,Sandwiches Calientes,"Suprema de Pavita: pechuga de pavita, choclo, salsa portuguesa, rebosado en pan rallado",12500.0,8.74,1430.0
2026-05-26,Sandwiches Calientes,"Hot - Dog: salchicha, salsa holandesa, pebete",6500.0,4.55,1430.0
2026-05-26,Sandwiches Calientes,"Hot - Dog Graten: salchicha, queso gratinado, salsa holandesa",7000.0,4.9,1430.0
2026-05-26,Sandwiches Calientes,"Frankfurt: salchicha envuelta en pan de sandwich, salsa holandesa",6500.0,4.55,1430.0
2026-05-26,Sandwiches Calientes,Frankfurt Graten,7000.0,4.9,1430.0
2026-05-26,Sandwiches Calientes,"Oxford: salchicha, jamón y queso, envuelta en pan de sandwich, salsa holandesa",7500.0,5.24,1430.0
2026-05-26,Sandwiches Calientes,"Burgeois: jamón, queso, salsa holandesa",11000.0,7.69,1430.0
2026-05-26,Sandwiches Calientes,Calamares Graten,17000.0,11.89,1430.0
2026-05-26,Sandwiches Calientes,Mejillones Graten,17000.0,11.89,1430.0
2026-05-26,Sandwiches Calientes,"Lucía: queso, champignon, salsa holandesa",12600.0,8.81,1430.0
2026-05-26,Sandwiches Calientes,"Vegeta: queso, morrones, cebolla, salsa holandesa$12600",12600.0,8.81,1430.0
2026-05-26,Sandwiches Calientes,"Andrés: pechuga de pavita, choclo, salsa portuguesa",11000.0,7.69,1430.0
2026-05-26,Sandwiches Calientes,"Lomo: lomo, salsa holandesa",12500.0,8.74,1430.0
2026-05-26,Sandwiches Calientes,"Pedrito: lomo, queso gratinado, salsa holandesa",13000.0,9.09,1430.0
2026-05-26,Sandwiches Calientes,"Jorge I: lomo, pimientos morrones, salsa holandesa",13000.0,9.09,1430.0
2026-05-26,Sandwiches Calientes,"Hamburger: lomo, cebolla frita, salsa holandesa",13000.0,9.09,1430.0
2026-05-26,Sandwiches Calientes,"Galli: lomo, jamón, queso, salsa holandesa",13500.0,9.44,1430.0
2026-05-26,Sandwiches Calientes,"Lomo Champignon: lomo, champignones, salsa holandesa",13500.0,9.44,1430.0
2026-05-26,Sandwiches Calientes,"Duende: lomo, jamón, tomate, salsa holandesa",13500.0,9.44,1430.0
2026-05-26,Sandwiches Calientes,Lomo 1/2 Caballo,13000.0,9.09,1430.0
2026-05-26,Sandwiches Calientes,"Hamenech: huevo, jamón, salsa holandesa",11000.0,7.69,1430.0
2026-05-26,Sandwiches Calientes,"Fangio: huevo, jamón, cebolla, salsa holandesa",12500.0,8.74,1430.0
2026-05-26,Sandwiches Calientes,"Barton: jamón, queso, cebolla saltada, salsa holandesa",12500.0,8.74,1430.0
2026-05-26,Sandwiches Calientes,"Carlitos: jamón, queso, salsa portuguesa",12500.0,8.74,1430.0
2026-05-26,Sandwiches Calientes,"Jamón Glasé Confitado: jamón, queso gratinado, salsa portuguesa, dulce, pan sandwich",11000.0,7.69,1430.0
2026-05-26,Sandwiches Calientes,"Roselli: pavita picada, jamón, queso, pebete",12500.0,8.74,1430.0
2026-05-26,Triples Especiales,12 unidades,26000.0,18.18,1430.0
2026-05-26,Triples Especiales,24 unidades,48500.0,33.92,1430.0
2026-05-26,Triples Especiales,48 unidades,84000.0,58.74,1430.0
2026-05-26,Triples Especiales,96 unidades,145000.0,101.4,1430.0
2026-05-27,Sandwiches Calientes,"Menditeguy: pechuga de pavita, queso gratinado, salsa holandesa",12500.0,8.74,1430.0
2026-05-27,Sandwiches Calientes,"Enz: pechuga de pavita, tomate, salsa holandesa",12500.0,8.74,1430.0
2026-05-27,Sandwiches Calientes,"Goñi: pechuga de pavita, queso gratinado, lechuga, salsa holandesa",12500.0,8.74,1430.0
2026-05-27,Sandwiches Calientes,"Roncal: pechuga de pavita, queso gratinado, jamón, salsa holandesa",13000.0,9.09,1430.0
2026-05-27,Sandwiches Calientes,"Pavita Graten: pechuga, queso gratinado, salsa portuguesa, pan sandwich",11000.0,7.69,1430.0
2026-05-27,Sandwiches Calientes,"Suprema de Pavita: pechuga de pavita, choclo, salsa portuguesa, rebosado en pan rallado",12500.0,8.74,1430.0
2026-05-27,Sandwiches Calientes,"Hot - Dog: salchicha, salsa holandesa, pebete",6500.0,4.55,1430.0
2026-05-27,Sandwiches Calientes,"Hot - Dog Graten: salchicha, queso gratinado, salsa holandesa",7000.0,4.9,1430.0
2026-05-27,Sandwiches Calientes,"Frankfurt: salchicha envuelta en pan de sandwich, salsa holandesa",6500.0,4.55,1430.0
2026-05-27,Sandwiches Calientes,Frankfurt Graten,7000.0,4.9,1430.0
2026-05-27,Sandwiches Calientes,"Oxford: salchicha, jamón y queso, envuelta en pan de sandwich, salsa holandesa",7500.0,5.24,1430.0
2026-05-27,Sandwiches Calientes,"Burgeois: jamón, queso, salsa holandesa",11000.0,7.69,1430.0
2026-05-27,Sandwiches Calientes,Calamares Graten,17000.0,11.89,1430.0
2026-05-27,Sandwiches Calientes,Mejillones Graten,17000.0,11.89,1430.0
2026-05-27,Sandwiches Calientes,"Lucía: queso, champignon, salsa holandesa",12600.0,8.81,1430.0
2026-05-27,Sandwiches Calientes,"Vegeta: queso, morrones, cebolla, salsa holandesa$12600",12600.0,8.81,1430.0
2026-05-27,Sandwiches Calientes,"Andrés: pechuga de pavita, choclo, salsa portuguesa",11000.0,7.69,1430.0
2026-05-27,Sandwiches Calientes,"Lomo: lomo, salsa holandesa",12500.0,8.74,1430.0
2026-05-27,Sandwiches Calientes,"Pedrito: lomo, queso gratinado, salsa holandesa",13000.0,9.09,1430.0
2026-05-27,Sandwiches Calientes,"Jorge I: lomo, pimientos morrones, salsa holandesa",13000.0,9.09,1430.0
2026-05-27,Sandwiches Calientes,"Hamburger: lomo, cebolla frita, salsa holandesa",13000.0,9.09,1430.0
2026-05-27,Sandwiches Calientes,"Galli: lomo, jamón, queso, salsa holandesa",13500.0,9.44,1430.0
2026-05-27,Sandwiches Calientes,"Lomo Champignon: lomo, champignones, salsa holandesa",13500.0,9.44,1430.0
2026-05-27,Sandwiches Calientes,"Duende: lomo, jamón, tomate, salsa holandesa",13500.0,9.44,1430.0
2026-05-27,Sandwiches Calientes,Lomo 1/2 Caballo,13000.0,9.09,1430.0
2026-05-27,Sandwiches Calientes,"Hamenech: huevo, jamón, salsa holandesa",11000.0,7.69,1430.0
2026-05-27,Sandwiches Calientes,"Fangio: huevo, jamón, cebolla, salsa holandesa",12500.0,8.74,1430.0
2026-05-27,Sandwiches Calientes,"Barton: jamón, queso, cebolla saltada, salsa holandesa",12500.0,8.74,1430.0
2026-05-27,Sandwiches Calientes,"Carlitos: jamón, queso, salsa portuguesa",12500.0,8.74,1430.0
2026-05-27,Sandwiches Calientes,"Jamón Glasé Confitado: jamón, queso gratinado, salsa portuguesa, dulce, pan sandwich",11000.0,7.69,1430.0
2026-05-27,Sandwiches Calientes,"Roselli: pavita picada, jamón, queso, pebete",12500.0,8.74,1430.0
2026-05-27,Triples Especiales,12 unidades,26000.0,18.18,1430.0
2026-05-27,Triples Especiales,24 unidades,48500.0,33.92,1430.0
2026-05-27,Triples Especiales,48 unidades,84000.0,58.74,1430.0
2026-05-27,Triples Especiales,96 unidades,145000.0,101.4,1430.0
2026-05-28,Sandwiches Calientes,"Menditeguy: pechuga de pavita, queso gratinado, salsa holandesa",12500.0,8.71,1435.0
2026-05-28,Sandwiches Calientes,"Enz: pechuga de pavita, tomate, salsa holandesa",12500.0,8.71,1435.0
2026-05-28,Sandwiches Calientes,"Goñi: pechuga de pavita, queso gratinado, lechuga, salsa holandesa",12500.0,8.71,1435.0
2026-05-28,Sandwiches Calientes,"Roncal: pechuga de pavita, queso gratinado, jamón, salsa holandesa",13000.0,9.06,1435.0
2026-05-28,Sandwiches Calientes,"Pavita Graten: pechuga, queso gratinado, salsa portuguesa, pan sandwich",11000.0,7.67,1435.0
2026-05-28,Sandwiches Calientes,"Suprema de Pavita: pechuga de pavita, choclo, salsa portuguesa, rebosado en pan rallado",12500.0,8.71,1435.0
2026-05-28,Sandwiches Calientes,"Hot - Dog: salchicha, salsa holandesa, pebete",6500.0,4.53,1435.0
2026-05-28,Sandwiches Calientes,"Hot - Dog Graten: salchicha, queso gratinado, salsa holandesa",7000.0,4.88,1435.0
2026-05-28,Sandwiches Calientes,"Frankfurt: salchicha envuelta en pan de sandwich, salsa holandesa",6500.0,4.53,1435.0
2026-05-28,Sandwiches Calientes,Frankfurt Graten,7000.0,4.88,1435.0
2026-05-28,Sandwiches Calientes,"Oxford: salchicha, jamón y queso, envuelta en pan de sandwich, salsa holandesa",7500.0,5.23,1435.0
2026-05-28,Sandwiches Calientes,"Burgeois: jamón, queso, salsa holandesa",11000.0,7.67,1435.0
2026-05-28,Sandwiches Calientes,Calamares Graten,17000.0,11.85,1435.0
2026-05-28,Sandwiches Calientes,Mejillones Graten,17000.0,11.85,1435.0
2026-05-28,Sandwiches Calientes,"Lucía: queso, champignon, salsa holandesa",12600.0,8.78,1435.0
2026-05-28,Sandwiches Calientes,"Vegeta: queso, morrones, cebolla, salsa holandesa$12600",12600.0,8.78,1435.0
2026-05-28,Sandwiches Calientes,"Andrés: pechuga de pavita, choclo, salsa portuguesa",11000.0,7.67,1435.0
2026-05-28,Sandwiches Calientes,"Lomo: lomo, salsa holandesa",12500.0,8.71,1435.0
2026-05-28,Sandwiches Calientes,"Pedrito: lomo, queso gratinado, salsa holandesa",13000.0,9.06,1435.0
2026-05-28,Sandwiches Calientes,"Jorge I: lomo, pimientos morrones, salsa holandesa",13000.0,9.06,1435.0
2026-05-28,Sandwiches Calientes,"Hamburger: lomo, cebolla frita, salsa holandesa",13000.0,9.06,1435.0
2026-05-28,Sandwiches Calientes,"Galli: lomo, jamón, queso, salsa holandesa",13500.0,9.41,1435.0
2026-05-28,Sandwiches Calientes,"Lomo Champignon: lomo, champignones, salsa holandesa",13500.0,9.41,1435.0
2026-05-28,Sandwiches Calientes,"Duende: lomo, jamón, tomate, salsa holandesa",13500.0,9.41,1435.0
2026-05-28,Sandwiches Calientes,Lomo 1/2 Caballo,13000.0,9.06,1435.0
2026-05-28,Sandwiches Calientes,"Hamenech: huevo, jamón, salsa holandesa",11000.0,7.67,1435.0
2026-05-28,Sandwiches Calientes,"Fangio: huevo, jamón, cebolla, salsa holandesa",12500.0,8.71,1435.0
2026-05-28,Sandwiches Calientes,"Barton: jamón, queso, cebolla saltada, salsa holandesa",12500.0,8.71,1435.0
2026-05-28,Sandwiches Calientes,"Carlitos: jamón, queso, salsa portuguesa",12500.0,8.71,1435.0
2026-05-28,Sandwiches Calientes,"Jamón Glasé Confitado: jamón, queso gratinado, salsa portuguesa, dulce, pan sandwich",11000.0,7.67,1435.0
2026-05-28,Sandwiches Calientes,"Roselli: pavita picada, jamón, queso, pebete",12500.0,8.71,1435.0
2026-05-28,Triples Especiales,12 unidades,26000.0,18.12,1435.0
2026-05-28,Triples Especiales,24 unidades,48500.0,33.8,1435.0
2026-05-28,Triples Especiales,48 unidades,84000.0,58.54,1435.0
2026-05-28,Triples Especiales,96 unidades,145000.0,101.05,1435.0
2026-05-29,Sandwiches Calientes,"Menditeguy: pechuga de pavita, queso gratinado, salsa holandesa",12500.0,8.74,1430.0
2026-05-29,Sandwiches Calientes,"Enz: pechuga de pavita, tomate, salsa holandesa",12500.0,8.74,1430.0
2026-05-29,Sandwiches Calientes,"Goñi: pechuga de pavita, queso gratinado, lechuga, salsa holandesa",12500.0,8.74,1430.0
2026-05-29,Sandwiches Calientes,"Roncal: pechuga de pavita, queso gratinado, jamón, salsa holandesa",13000.0,9.09,1430.0
2026-05-29,Sandwiches Calientes,"Pavita Graten: pechuga, queso gratinado, salsa portuguesa, pan sandwich",11000.0,7.69,1430.0
2026-05-29,Sandwiches Calientes,"Suprema de Pavita: pechuga de pavita, choclo, salsa portuguesa, rebosado en pan rallado",12500.0,8.74,1430.0
2026-05-29,Sandwiches Calientes,"Hot - Dog: salchicha, salsa holandesa, pebete",6500.0,4.55,1430.0
2026-05-29,Sandwiches Calientes,"Hot - Dog Graten: salchicha, queso gratinado, salsa holandesa",7000.0,4.9,1430.0
2026-05-29,Sandwiches Calientes,"Frankfurt: salchicha envuelta en pan de sandwich, salsa holandesa",6500.0,4.55,1430.0
2026-05-29,Sandwiches Calientes,Frankfurt Graten,7000.0,4.9,1430.0
2026-05-29,Sandwiches Calientes,"Oxford: salchicha, jamón y queso, envuelta en pan de sandwich, salsa holandesa",7500.0,5.24,1430.0
2026-05-29,Sandwiches Calientes,"Burgeois: jamón, queso, salsa holandesa",11000.0,7.69,1430.0
2026-05-29,Sandwiches Calientes,Calamares Graten,17000.0,11.89,1430.0
2026-05-29,Sandwiches Calientes,Mejillones Graten,17000.0,11.89,1430.0
2026-05-29,Sandwiches Calientes,"Lucía: queso, champignon, salsa holandesa",12600.0,8.81,1430.0
2026-05-29,Sandwiches Calientes,"Vegeta: queso, morrones, cebolla, salsa holandesa$12600",12600.0,8.81,1430.0
2026-05-29,Sandwiches Calientes,"Andrés: pechuga de pavita, choclo, salsa portuguesa",11000.0,7.69,1430.0
2026-05-29,Sandwiches Calientes,"Lomo: lomo, salsa holandesa",12500.0,8.74,1430.0
2026-05-29,Sandwiches Calientes,"Pedrito: lomo, queso gratinado, salsa holandesa",13000.0,9.09,1430.0
2026-05-29,Sandwiches Calientes,"Jorge I: lomo, pimientos morrones, salsa holandesa",13000.0,9.09,1430.0
2026-05-29,Sandwiches Calientes,"Hamburger: lomo, cebolla frita, salsa holandesa",13000.0,9.09,1430.0
2026-05-29,Sandwiches Calientes,"Galli: lomo, jamón, queso, salsa holandesa",13500.0,9.44,1430.0
2026-05-29,Sandwiches Calientes,"Lomo Champignon: lomo, champignones, salsa holandesa",13500.0,9.44,1430.0
2026-05-29,Sandwiches Calientes,"Duende: lomo, jamón, tomate, salsa holandesa",13500.0,9.44,1430.0
2026-05-29,Sandwiches Calientes,Lomo 1/2 Caballo,13000.0,9.09,1430.0
2026-05-29,Sandwiches Calientes,"Hamenech: huevo, jamón, salsa holandesa",11000.0,7.69,1430.0
2026-05-29,Sandwiches Calientes,"Fangio: huevo, jamón, cebolla, salsa holandesa",12500.0,8.74,1430.0
2026-05-29,Sandwiches Calientes,"Barton: jamón, queso, cebolla saltada, salsa holandesa",12500.0,8.74,1430.0
2026-05-29,Sandwiches Calientes,"Carlitos: jamón, queso, salsa portuguesa",12500.0,8.74,1430.0
2026-05-29,Sandwiches Calientes,"Jamón Glasé Confitado: jamón, queso gratinado, salsa portuguesa, dulce, pan sandwich",11000.0,7.69,1430.0
2026-05-29,Sandwiches Calientes,"Roselli: pavita picada, jamón, queso, pebete",12500.0,8.74,1430.0
2026-05-29,Triples Especiales,12 unidades,26000.0,18.18,1430.0
2026-05-29,Triples Especiales,24 unidades,48500.0,33.92,1430.0
2026-05-29,Triples Especiales,48 unidades,84000.0,58.74,1430.0
2026-05-29,Triples Especiales,96 unidades,145000.0,101.4,1430.0
2026-05-30,Sandwiches Calientes,"Menditeguy: pechuga de pavita, queso gratinado, salsa holandesa",12500.0,8.74,1430.0
2026-05-30,Sandwiches Calientes,"Enz: pechuga de pavita, tomate, salsa holandesa",12500.0,8.74,1430.0
2026-05-30,Sandwiches Calientes,"Goñi: pechuga de pavita, queso gratinado, lechuga, salsa holandesa",12500.0,8.74,1430.0
2026-05-30,Sandwiches Calientes,"Roncal: pechuga de pavita, queso gratinado, jamón, salsa holandesa",13000.0,9.09,1430.0
2026-05-30,Sandwiches Calientes,"Pavita Graten: pechuga, queso gratinado, salsa portuguesa, pan sandwich",11000.0,7.69,1430.0
2026-05-30,Sandwiches Calientes,"Suprema de Pavita: pechuga de pavita, choclo, salsa portuguesa, rebosado en pan rallado",12500.0,8.74,1430.0
2026-05-30,Sandwiches Calientes,"Hot - Dog: salchicha, salsa holandesa, pebete",6500.0,4.55,1430.0
2026-05-30,Sandwiches Calientes,"Hot - Dog Graten: salchicha, queso gratinado, salsa holandesa",7000.0,4.9,1430.0
2026-05-30,Sandwiches Calientes,"Frankfurt: salchicha envuelta en pan de sandwich, salsa holandesa",6500.0,4.55,1430.0
2026-05-30,Sandwiches Calientes,Frankfurt Graten,7000.0,4.9,1430.0
2026-05-30,Sandwiches Calientes,"Oxford: salchicha, jamón y queso, envuelta en pan de sandwich, salsa holandesa",7500.0,5.24,1430.0
2026-05-30,Sandwiches Calientes,"Burgeois: jamón, queso, salsa holandesa",11000.0,7.69,1430.0
2026-05-30,Sandwiches Calientes,Calamares Graten,17000.0,11.89,1430.0
2026-05-30,Sandwiches Calientes,Mejillones Graten,17000.0,11.89,1430.0
2026-05-30,Sandwiches Calientes,"Lucía: queso, champignon, salsa holandesa",12600.0,8.81,1430.0
2026-05-30,Sandwiches Calientes,"Vegeta: queso, morrones, cebolla, salsa holandesa$12600",12600.0,8.81,1430.0
2026-05-30,Sandwiches Calientes,"Andrés: pechuga de pavita, choclo, salsa portuguesa",11000.0,7.69,1430.0
2026-05-30,Sandwiches Calientes,"Lomo: lomo, salsa holandesa",12500.0,8.74,1430.0
2026-05-30,Sandwiches Calientes,"Pedrito: lomo, queso gratinado, salsa holandesa",13000.0,9.09,1430.0
2026-05-30,Sandwiches Calientes,"Jorge I: lomo, pimientos morrones, salsa holandesa",13000.0,9.09,1430.0
2026-05-30,Sandwiches Calientes,"Hamburger: lomo, cebolla frita, salsa holandesa",13000.0,9.09,1430.0
2026-05-30,Sandwiches Calientes,"Galli: lomo, jamón, queso, salsa holandesa",13500.0,9.44,1430.0
2026-05-30,Sandwiches Calientes,"Lomo Champignon: lomo, champignones, salsa holandesa",13500.0,9.44,1430.0
2026-05-30,Sandwiches Calientes,"Duende: lomo, jamón, tomate, salsa holandesa",13500.0,9.44,1430.0
2026-05-30,Sandwiches Calientes,Lomo 1/2 Caballo,13000.0,9.09,1430.0
2026-05-30,Sandwiches Calientes,"Hamenech: huevo, jamón, salsa holandesa",11000.0,7.69,1430.0
2026-05-30,Sandwiches Calientes,"Fangio: huevo, jamón, cebolla, salsa holandesa",12500.0,8.74,1430.0
2026-05-30,Sandwiches Calientes,"Barton: jamón, queso, cebolla saltada, salsa holandesa",12500.0,8.74,1430.0
2026-05-30,Sandwiches Calientes,"Carlitos: jamón, queso, salsa portuguesa",12500.0,8.74,1430.0
2026-05-30,Sandwiches Calientes,"Jamón Glasé Confitado: jamón, queso gratinado, salsa portuguesa, dulce, pan sandwich",11000.0,7.69,1430.0
2026-05-30,Sandwiches Calientes,"Roselli: pavita picada, jamón, queso, pebete",12500.0,8.74,1430.0
2026-05-30,Triples Especiales,12 unidades,26000.0,18.18,1430.0
2026-05-30,Triples Especiales,24 unidades,48500.0,33.92,1430.0
2026-05-30,Triples Especiales,48 unidades,84000.0,58.74,1430.0
2026-05-30,Triples Especiales,96 unidades,145000.0,101.4,1430.0
2026-05-31,Sandwiches Calientes,"Menditeguy: pechuga de pavita, queso gratinado, salsa holandesa",12500.0,8.74,1430.0
2026-05-31,Sandwiches Calientes,"Enz: pechuga de pavita, tomate, salsa holandesa",12500.0,8.74,1430.0
2026-05-31,Sandwiches Calientes,"Goñi: pechuga de pavita, queso gratinado, lechuga, salsa holandesa",12500.0,8.74,1430.0
2026-05-31,Sandwiches Calientes,"Roncal: pechuga de pavita, queso gratinado, jamón, salsa holandesa",13000.0,9.09,1430.0
2026-05-31,Sandwiches Calientes,"Pavita Graten: pechuga, queso gratinado, salsa portuguesa, pan sandwich",11000.0,7.69,1430.0
2026-05-31,Sandwiches Calientes,"Suprema de Pavita: pechuga de pavita, choclo, salsa portuguesa, rebosado en pan rallado",12500.0,8.74,1430.0
2026-05-31,Sandwiches Calientes,"Hot - Dog: salchicha, salsa holandesa, pebete",6500.0,4.55,1430.0
2026-05-31,Sandwiches Calientes,"Hot - Dog Graten: salchicha, queso gratinado, salsa holandesa",7000.0,4.9,1430.0
2026-05-31,Sandwiches Calientes,"Frankfurt: salchicha envuelta en pan de sandwich, salsa holandesa",6500.0,4.55,1430.0
2026-05-31,Sandwiches Calientes,Frankfurt Graten,7000.0,4.9,1430.0
2026-05-31,Sandwiches Calientes,"Oxford: salchicha, jamón y queso, envuelta en pan de sandwich, salsa holandesa",7500.0,5.24,1430.0
2026-05-31,Sandwiches Calientes,"Burgeois: jamón, queso, salsa holandesa",11000.0,7.69,1430.0
2026-05-31,Sandwiches Calientes,Calamares Graten,17000.0,11.89,1430.0
2026-05-31,Sandwiches Calientes,Mejillones Graten,17000.0,11.89,1430.0
2026-05-31,Sandwiches Calientes,"Lucía: queso, champignon, salsa holandesa",12600.0,8.81,1430.0
2026-05-31,Sandwiches Calientes,"Vegeta: queso, morrones, cebolla, salsa holandesa$12600",12600.0,8.81,1430.0
2026-05-31,Sandwiches Calientes,"Andrés: pechuga de pavita, choclo, salsa portuguesa",11000.0,7.69,1430.0
2026-05-31,Sandwiches Calientes,"Lomo: lomo, salsa holandesa",12500.0,8.74,1430.0
2026-05-31,Sandwiches Calientes,"Pedrito: lomo, queso gratinado, salsa holandesa",13000.0,9.09,1430.0
2026-05-31,Sandwiches Calientes,"Jorge I: lomo, pimientos morrones, salsa holandesa",13000.0,9.09,1430.0
2026-05-31,Sandwiches Calientes,"Hamburger: lomo, cebolla frita, salsa holandesa",13000.0,9.09,1430.0
2026-05-31,Sandwiches Calientes,"Galli: lomo, jamón, queso, salsa holandesa",13500.0,9.44,1430.0
2026-05-31,Sandwiches Calientes,"Lomo Champignon: lomo, champignones, salsa holandesa",13500.0,9.44,1430.0
2026-05-31,Sandwiches Calientes,"Duende: lomo, jamón, tomate, salsa holandesa",13500.0,9.44,1430.0
2026-05-31,Sandwiches Calientes,Lomo 1/2 Caballo,13000.0,9.09,1430.0
2026-05-31,Sandwiches Calientes,"Hamenech: huevo, jamón, salsa holandesa",11000.0,7.69,1430.0
2026-05-31,Sandwiches Calientes,"Fangio: huevo, jamón, cebolla, salsa holandesa",12500.0,8.74,1430.0
2026-05-31,Sandwiches Calientes,"Barton: jamón, queso, cebolla saltada, salsa holandesa",12500.0,8.74,1430.0
2026-05-31,Sandwiches Calientes,"Carlitos: jamón, queso, salsa portuguesa",12500.0,8.74,1430.0
2026-05-31,Sandwiches Calientes,"Jamón Glasé Confitado: jamón, queso gratinado, salsa portuguesa, dulce, pan sandwich",11000.0,7.69,1430.0
2026-05-31,Sandwiches Calientes,"Roselli: pavita picada, jamón, queso, pebete",12500.0,8.74,1430.0
2026-05-31,Triples Especiales,12 unidades,26000.0,18.18,1430.0
2026-05-31,Triples Especiales,24 unidades,48500.0,33.92,1430.0
2026-05-31,Triples Especiales,48 unidades,84000.0,58.74,1430.0
2026-05-31,Triples Especiales,96 unidades,145000.0,101.4,1430.0
2026-06-01,Sandwiches Calientes,"Menditeguy: pechuga de pavita, queso gratinado, salsa holandesa",12500.0,8.68,1440.0
2026-06-01,Sandwiches Calientes,"Enz: pechuga de pavita, tomate, salsa holandesa",12500.0,8.68,1440.0
2026-06-01,Sandwiches Calientes,"Goñi: pechuga de pavita, queso gratinado, lechuga, salsa holandesa",12500.0,8.68,1440.0
2026-06-01,Sandwiches Calientes,"Roncal: pechuga de pavita, queso gratinado, jamón, salsa holandesa",13000.0,9.03,1440.0
2026-06-01,Sandwiches Calientes,"Pavita Graten: pechuga, queso gratinado, salsa portuguesa, pan sandwich",11000.0,7.64,1440.0
2026-06-01,Sandwiches Calientes,"Suprema de Pavita: pechuga de pavita, choclo, salsa portuguesa, rebosado en pan rallado",12500.0,8.68,1440.0
2026-06-01,Sandwiches Calientes,"Hot - Dog: salchicha, salsa holandesa, pebete",6500.0,4.51,1440.0
2026-06-01,Sandwiches Calientes,"Hot - Dog Graten: salchicha, queso gratinado, salsa holandesa",7000.0,4.86,1440.0
2026-06-01,Sandwiches Calientes,"Frankfurt: salchicha envuelta en pan de sandwich, salsa holandesa",6500.0,4.51,1440.0
2026-06-01,Sandwiches Calientes,Frankfurt Graten,7000.0,4.86,1440.0
2026-06-01,Sandwiches Calientes,"Oxford: salchicha, jamón y queso, envuelta en pan de sandwich, salsa holandesa",7500.0,5.21,1440.0
2026-06-01,Sandwiches Calientes,"Burgeois: jamón, queso, salsa holandesa",11000.0,7.64,1440.0
2026-06-01,Sandwiches Calientes,Calamares Graten,17000.0,11.81,1440.0
2026-06-01,Sandwiches Calientes,Mejillones Graten,17000.0,11.81,1440.0
2026-06-01,Sandwiches Calientes,"Lucía: queso, champignon, salsa holandesa",12600.0,8.75,1440.0
2026-06-01,Sandwiches Calientes,"Vegeta: queso, morrones, cebolla, salsa holandesa$12600",12600.0,8.75,1440.0
2026-06-01,Sandwiches Calientes,"Andrés: pechuga de pavita, choclo, salsa portuguesa",11000.0,7.64,1440.0
2026-06-01,Sandwiches Calientes,"Lomo: lomo, salsa holandesa",12500.0,8.68,1440.0
2026-06-01,Sandwiches Calientes,"Pedrito: lomo, queso gratinado, salsa holandesa",13000.0,9.03,1440.0
2026-06-01,Sandwiches Calientes,"Jorge I: lomo, pimientos morrones, salsa holandesa",13000.0,9.03,1440.0
2026-06-01,Sandwiches Calientes,"Hamburger: lomo, cebolla frita, salsa holandesa",13000.0,9.03,1440.0
2026-06-01,Sandwiches Calientes,"Galli: lomo, jamón, queso, salsa holandesa",13500.0,9.38,1440.0
2026-06-01,Sandwiches Calientes,"Lomo Champignon: lomo, champignones, salsa holandesa",13500.0,9.38,1440.0
2026-06-01,Sandwiches Calientes,"Duende: lomo, jamón, tomate, salsa holandesa",13500.0,9.38,1440.0
2026-06-01,Sandwiches Calientes,Lomo 1/2 Caballo,13000.0,9.03,1440.0
2026-06-01,Sandwiches Calientes,"Hamenech: huevo, jamón, salsa holandesa",11000.0,7.64,1440.0
2026-06-01,Sandwiches Calientes,"Fangio: huevo, jamón, cebolla, salsa holandesa",12500.0,8.68,1440.0
2026-06-01,Sandwiches Calientes,"Barton: jamón, queso, cebolla saltada, salsa holandesa",12500.0,8.68,1440.0
2026-06-01,Sandwiches Calientes,"Carlitos: jamón, queso, salsa portuguesa",12500.0,8.68,1440.0
2026-06-01,Sandwiches Calientes,"Jamón Glasé Confitado: jamón, queso gratinado, salsa portuguesa, dulce, pan sandwich",11000.0,7.64,1440.0
2026-06-01,Sandwiches Calientes,"Roselli: pavita picada, jamón, queso, pebete",12500.0,8.68,1440.0
2026-06-01,Triples Especiales,12 unidades,26000.0,18.06,1440.0
2026-06-01,Triples Especiales,24 unidades,48500.0,33.68,1440.0
2026-06-01,Triples Especiales,48 unidades,84000.0,58.33,1440.0
2026-06-01,Triples Especiales,96 unidades,145000.0,100.69,1440.0
2026-06-02,Sandwiches Calientes,"Menditeguy: pechuga de pavita, queso gratinado, salsa holandesa",12500.0,8.62,1450.0
2026-06-02,Sandwiches Calientes,"Enz: pechuga de pavita, tomate, salsa holandesa",12500.0,8.62,1450.0
2026-06-02,Sandwiches Calientes,"Goñi: pechuga de pavita, queso gratinado, lechuga, salsa holandesa",12500.0,8.62,1450.0
2026-06-02,Sandwiches Calientes,"Roncal: pechuga de pavita, queso gratinado, jamón, salsa holandesa",13000.0,8.97,1450.0
2026-06-02,Sandwiches Calientes,"Pavita Graten: pechuga, queso gratinado, salsa portuguesa, pan sandwich",11000.0,7.59,1450.0
2026-06-02,Sandwiches Calientes,"Suprema de Pavita: pechuga de pavita, choclo, salsa portuguesa, rebosado en pan rallado",12500.0,8.62,1450.0
2026-06-02,Sandwiches Calientes,"Hot - Dog: salchicha, salsa holandesa, pebete",6500.0,4.48,1450.0
2026-06-02,Sandwiches Calientes,"Hot - Dog Graten: salchicha, queso gratinado, salsa holandesa",7000.0,4.83,1450.0
2026-06-02,Sandwiches Calientes,"Frankfurt: salchicha envuelta en pan de sandwich, salsa holandesa",6500.0,4.48,1450.0
2026-06-02,Sandwiches Calientes,Frankfurt Graten,7000.0,4.83,1450.0
2026-06-02,Sandwiches Calientes,"Oxford: salchicha, jamón y queso, envuelta en pan de sandwich, salsa holandesa",7500.0,5.17,1450.0
2026-06-02,Sandwiches Calientes,"Burgeois: jamón, queso, salsa holandesa",11000.0,7.59,1450.0
2026-06-02,Sandwiches Calientes,Calamares Graten,17000.0,11.72,1450.0
2026-06-02,Sandwiches Calientes,Mejillones Graten,17000.0,11.72,1450.0
2026-06-02,Sandwiches Calientes,"Lucía: queso, champignon, salsa holandesa",12600.0,8.69,1450.0
2026-06-02,Sandwiches Calientes,"Vegeta: queso, morrones, cebolla, salsa holandesa$12600",12600.0,8.69,1450.0
2026-06-02,Sandwiches Calientes,"Andrés: pechuga de pavita, choclo, salsa portuguesa",11000.0,7.59,1450.0
2026-06-02,Sandwiches Calientes,"Lomo: lomo, salsa holandesa",12500.0,8.62,1450.0
2026-06-02,Sandwiches Calientes,"Pedrito: lomo, queso gratinado, salsa holandesa",13000.0,8.97,1450.0
2026-06-02,Sandwiches Calientes,"Jorge I: lomo, pimientos morrones, salsa holandesa",13000.0,8.97,1450.0
2026-06-02,Sandwiches Calientes,"Hamburger: lomo, cebolla frita, salsa holandesa",13000.0,8.97,1450.0
2026-06-02,Sandwiches Calientes,"Galli: lomo, jamón, queso, salsa holandesa",13500.0,9.31,1450.0
2026-06-02,Sandwiches Calientes,"Lomo Champignon: lomo, champignones, salsa holandesa",13500.0,9.31,1450.0
2026-06-02,Sandwiches Calientes,"Duende: lomo, jamón, tomate, salsa holandesa",13500.0,9.31,1450.0
2026-06-02,Sandwiches Calientes,Lomo 1/2 Caballo,13000.0,8.97,1450.0
2026-06-02,Sandwiches Calientes,"Hamenech: huevo, jamón, salsa holandesa",11000.0,7.59,1450.0
2026-06-02,Sandwiches Calientes,"Fangio: huevo, jamón, cebolla, salsa holandesa",12500.0,8.62,1450.0
2026-06-02,Sandwiches Calientes,"Barton: jamón, queso, cebolla saltada, salsa holandesa",12500.0,8.62,1450.0
2026-06-02,Sandwiches Calientes,"Carlitos: jamón, queso, salsa portuguesa",12500.0,8.62,1450.0
2026-06-02,Sandwiches Calientes,"Jamón Glasé Confitado: jamón, queso gratinado, salsa portuguesa, dulce, pan sandwich",11000.0,7.59,1450.0
2026-06-02,Sandwiches Calientes,"Roselli: pavita picada, jamón, queso, pebete",12500.0,8.62,1450.0
2026-06-02,Triples Especiales,12 unidades,26000.0,17.93,1450.0
2026-06-02,Triples Especiales,24 unidades,48500.0,33.45,1450.0
2026-06-02,Triples Especiales,48 unidades,84000.0,57.93,1450.0
2026-06-02,Triples Especiales,96 unidades,145000.0,100.0,1450.0
2026-06-04,Sandwiches Calientes,"Menditeguy: pechuga de pavita, queso gratinado, salsa holandesa",12500.0,8.56,1460.0
2026-06-04,Sandwiches Calientes,"Enz: pechuga de pavita, tomate, salsa holandesa",12500.0,8.56,1460.0
2026-06-04,Sandwiches Calientes,"Goñi: pechuga de pavita, queso gratinado, lechuga, salsa holandesa",12500.0,8.56,1460.0
2026-06-04,Sandwiches Calientes,"Roncal: pechuga de pavita, queso gratinado, jamón, salsa holandesa",13000.0,8.9,1460.0
2026-06-04,Sandwiches Calientes,"Pavita Graten: pechuga, queso gratinado, salsa portuguesa, pan sandwich",11000.0,7.53,1460.0
2026-06-04,Sandwiches Calientes,"Suprema de Pavita: pechuga de pavita, choclo, salsa portuguesa, rebosado en pan rallado",12500.0,8.56,1460.0
2026-06-04,Sandwiches Calientes,"Hot - Dog: salchicha, salsa holandesa, pebete",6500.0,4.45,1460.0
2026-06-04,Sandwiches Calientes,"Hot - Dog Graten: salchicha, queso gratinado, salsa holandesa",7000.0,4.79,1460.0
2026-06-04,Sandwiches Calientes,"Frankfurt: salchicha envuelta en pan de sandwich, salsa holandesa",6500.0,4.45,1460.0
2026-06-04,Sandwiches Calientes,Frankfurt Graten,7000.0,4.79,1460.0
2026-06-04,Sandwiches Calientes,"Oxford: salchicha, jamón y queso, envuelta en pan de sandwich, salsa holandesa",7500.0,5.14,1460.0
2026-06-04,Sandwiches Calientes,"Burgeois: jamón, queso, salsa holandesa",11000.0,7.53,1460.0
2026-06-04,Sandwiches Calientes,Calamares Graten,17000.0,11.64,1460.0
2026-06-04,Sandwiches Calientes,Mejillones Graten,17000.0,11.64,1460.0
2026-06-04,Sandwiches Calientes,"Lucía: queso, champignon, salsa holandesa",12600.0,8.63,1460.0
2026-06-04,Sandwiches Calientes,"Vegeta: queso, morrones, cebolla, salsa holandesa$12600",12600.0,8.63,1460.0
2026-06-04,Sandwiches Calientes,"Andrés: pechuga de pavita, choclo, salsa portuguesa",11000.0,7.53,1460.0
2026-06-04,Sandwiches Calientes,"Lomo: lomo, salsa holandesa",12500.0,8.56,1460.0
2026-06-04,Sandwiches Calientes,"Pedrito: lomo, queso gratinado, salsa holandesa",13000.0,8.9,1460.0
2026-06-04,Sandwiches Calientes,"Jorge I: lomo, pimientos morrones, salsa holandesa",13000.0,8.9,1460.0
2026-06-04,Sandwiches Calientes,"Hamburger: lomo, cebolla frita, salsa holandesa",13000.0,8.9,1460.0
2026-06-04,Sandwiches Calientes,"Galli: lomo, jamón, queso, salsa holandesa",13500.0,9.25,1460.0
2026-06-04,Sandwiches Calientes,"Lomo Champignon: lomo, champignones, salsa holandesa",13500.0,9.25,1460.0
2026-06-04,Sandwiches Calientes,"Duende: lomo, jamón, tomate, salsa holandesa",13500.0,9.25,1460.0
2026-06-04,Sandwiches Calientes,Lomo 1/2 Caballo,13000.0,8.9,1460.0
2026-06-04,Sandwiches Calientes,"Hamenech: huevo, jamón, salsa holandesa",11000.0,7.53,1460.0
2026-06-04,Sandwiches Calientes,"Fangio: huevo, jamón, cebolla, salsa holandesa",12500.0,8.56,1460.0
2026-06-04,Sandwiches Calientes,"Barton: jamón, queso, cebolla saltada, salsa holandesa",12500.0,8.56,1460.0
2026-06-04,Sandwiches Calientes,"Carlitos: jamón, queso, salsa portuguesa",12500.0,8.56,1460.0
2026-06-04,Sandwiches Calientes,"Jamón Glasé Confitado: jamón, queso gratinado, salsa portuguesa, dulce, pan sandwich",11000.0,7.53,1460.0
2026-06-04,Sandwiches Calientes,"Roselli: pavita picada, jamón, queso, pebete",12500.0,8.56,1460.0
2026-06-04,Triples Especiales,12 unidades,26000.0,17.81,1460.0
2026-06-04,Triples Especiales,24 unidades,48500.0,33.22,1460.0
2026-06-04,Triples Especiales,48 unidades,84000.0,57.53,1460.0
2026-06-04,Triples Especiales,96 unidades,145000.0,99.32,1460.0
2026-06-05,Sandwiches Calientes,"Menditeguy: pechuga de pavita, queso gratinado, salsa holandesa",12500.0,8.56,1460.0
2026-06-05,Sandwiches Calientes,"Enz: pechuga de pavita, tomate, salsa holandesa",12500.0,8.56,1460.0
2026-06-05,Sandwiches Calientes,"Goñi: pechuga de pavita, queso gratinado, lechuga, salsa holandesa",12500.0,8.56,1460.0
2026-06-05,Sandwiches Calientes,"Roncal: pechuga de pavita, queso gratinado, jamón, salsa holandesa",13000.0,8.9,1460.0
2026-06-05,Sandwiches Calientes,"Pavita Graten: pechuga, queso gratinado, salsa portuguesa, pan sandwich",11000.0,7.53,1460.0
2026-06-05,Sandwiches Calientes,"Suprema de Pavita: pechuga de pavita, choclo, salsa portuguesa, rebosado en pan rallado",12500.0,8.56,1460.0
2026-06-05,Sandwiches Calientes,"Hot - Dog: salchicha, salsa holandesa, pebete",6500.0,4.45,1460.0
2026-06-05,Sandwiches Calientes,"Hot - Dog Graten: salchicha, queso gratinado, salsa holandesa",7000.0,4.79,1460.0
2026-06-05,Sandwiches Calientes,"Frankfurt: salchicha envuelta en pan de sandwich, salsa holandesa",6500.0,4.45,1460.0
2026-06-05,Sandwiches Calientes,Frankfurt Graten,7000.0,4.79,1460.0
2026-06-05,Sandwiches Calientes,"Oxford: salchicha, jamón y queso, envuelta en pan de sandwich, salsa holandesa",7500.0,5.14,1460.0
2026-06-05,Sandwiches Calientes,"Burgeois: jamón, queso, salsa holandesa",11000.0,7.53,1460.0
2026-06-05,Sandwiches Calientes,Calamares Graten,17000.0,11.64,1460.0
2026-06-05,Sandwiches Calientes,Mejillones Graten,17000.0,11.64,1460.0
2026-06-05,Sandwiches Calientes,"Lucía: queso, champignon, salsa holandesa",12600.0,8.63,1460.0
2026-06-05,Sandwiches Calientes,"Vegeta: queso, morrones, cebolla, salsa holandesa$12600",12600.0,8.63,1460.0
2026-06-05,Sandwiches Calientes,"Andrés: pechuga de pavita, choclo, salsa portuguesa",11000.0,7.53,1460.0
2026-06-05,Sandwiches Calientes,"Lomo: lomo, salsa holandesa",12500.0,8.56,1460.0
2026-06-05,Sandwiches Calientes,"Pedrito: lomo, queso gratinado, salsa holandesa",13000.0,8.9,1460.0
2026-06-05,Sandwiches Calientes,"Jorge I: lomo, pimientos morrones, salsa holandesa",13000.0,8.9,1460.0
2026-06-05,Sandwiches Calientes,"Hamburger: lomo, cebolla frita, salsa holandesa",13000.0,8.9,1460.0
2026-06-05,Sandwiches Calientes,"Galli: lomo, jamón, queso, salsa holandesa",13500.0,9.25,1460.0
2026-06-05,Sandwiches Calientes,"Lomo Champignon: lomo, champignones, salsa holandesa",13500.0,9.25,1460.0
2026-06-05,Sandwiches Calientes,"Duende: lomo, jamón, tomate, salsa holandesa",13500.0,9.25,1460.0
2026-06-05,Sandwiches Calientes,Lomo 1/2 Caballo,13000.0,8.9,1460.0
2026-06-05,Sandwiches Calientes,"Hamenech: huevo, jamón, salsa holandesa",11000.0,7.53,1460.0
2026-06-05,Sandwiches Calientes,"Fangio: huevo, jamón, cebolla, salsa holandesa",12500.0,8.56,1460.0
2026-06-05,Sandwiches Calientes,"Barton: jamón, queso, cebolla saltada, salsa holandesa",12500.0,8.56,1460.0
2026-06-05,Sandwiches Calientes,"Carlitos: jamón, queso, salsa portuguesa",12500.0,8.56,1460.0
2026-06-05,Sandwiches Calientes,"Jamón Glasé Confitado: jamón, queso gratinado, salsa portuguesa, dulce, pan sandwich",11000.0,7.53,1460.0
2026-06-05,Sandwiches Calientes,"Roselli: pavita picada, jamón, queso, pebete",12500.0,8.56,1460.0
2026-06-05,Triples Especiales,12 unidades,26000.0,17.81,1460.0
2026-06-05,Triples Especiales,24 unidades,48500.0,33.22,1460.0
2026-06-05,Triples Especiales,48 unidades,84000.0,57.53,1460.0
2026-06-05,Triples Especiales,96 unidades,145000.0,99.32,1460.0
2026-06-06,Sandwiches Calientes,"Menditeguy: pechuga de pavita, queso gratinado, salsa holandesa",12500.0,8.56,1460.0
2026-06-06,Sandwiches Calientes,"Enz: pechuga de pavita, tomate, salsa holandesa",12500.0,8.56,1460.0
2026-06-06,Sandwiches Calientes,"Goñi: pechuga de pavita, queso gratinado, lechuga, salsa holandesa",12500.0,8.56,1460.0
2026-06-06,Sandwiches Calientes,"Roncal: pechuga de pavita, queso gratinado, jamón, salsa holandesa",13000.0,8.9,1460.0
2026-06-06,Sandwiches Calientes,"Pavita Graten: pechuga, queso gratinado, salsa portuguesa, pan sandwich",11000.0,7.53,1460.0
2026-06-06,Sandwiches Calientes,"Suprema de Pavita: pechuga de pavita, choclo, salsa portuguesa, rebosado en pan rallado",12500.0,8.56,1460.0
2026-06-06,Sandwiches Calientes,"Hot - Dog: salchicha, salsa holandesa, pebete",6500.0,4.45,1460.0
2026-06-06,Sandwiches Calientes,"Hot - Dog Graten: salchicha, queso gratinado, salsa holandesa",7000.0,4.79,1460.0
2026-06-06,Sandwiches Calientes,"Frankfurt: salchicha envuelta en pan de sandwich, salsa holandesa",6500.0,4.45,1460.0
2026-06-06,Sandwiches Calientes,Frankfurt Graten,7000.0,4.79,1460.0
2026-06-06,Sandwiches Calientes,"Oxford: salchicha, jamón y queso, envuelta en pan de sandwich, salsa holandesa",7500.0,5.14,1460.0
2026-06-06,Sandwiches Calientes,"Burgeois: jamón, queso, salsa holandesa",11000.0,7.53,1460.0
2026-06-06,Sandwiches Calientes,Calamares Graten,17000.0,11.64,1460.0
2026-06-06,Sandwiches Calientes,Mejillones Graten,17000.0,11.64,1460.0
2026-06-06,Sandwiches Calientes,"Lucía: queso, champignon, salsa holandesa",12600.0,8.63,1460.0
2026-06-06,Sandwiches Calientes,"Vegeta: queso, morrones, cebolla, salsa holandesa$12600",12600.0,8.63,1460.0
2026-06-06,Sandwiches Calientes,"Andrés: pechuga de pavita, choclo, salsa portuguesa",11000.0,7.53,1460.0
2026-06-06,Sandwiches Calientes,"Lomo: lomo, salsa holandesa",12500.0,8.56,1460.0
2026-06-06,Sandwiches Calientes,"Pedrito: lomo, queso gratinado, salsa holandesa",13000.0,8.9,1460.0
2026-06-06,Sandwiches Calientes,"Jorge I: lomo, pimientos morrones, salsa holandesa",13000.0,8.9,1460.0
2026-06-06,Sandwiches Calientes,"Hamburger: lomo, cebolla frita, salsa holandesa",13000.0,8.9,1460.0
2026-06-06,Sandwiches Calientes,"Galli: lomo, jamón, queso, salsa holandesa",13500.0,9.25,1460.0
2026-06-06,Sandwiches Calientes,"Lomo Champignon: lomo, champignones, salsa holandesa",13500.0,9.25,1460.0
2026-06-06,Sandwiches Calientes,"Duende: lomo, jamón, tomate, salsa holandesa",13500.0,9.25,1460.0
2026-06-06,Sandwiches Calientes,Lomo 1/2 Caballo,13000.0,8.9,1460.0
2026-06-06,Sandwiches Calientes,"Hamenech: huevo, jamón, salsa holandesa",11000.0,7.53,1460.0
2026-06-06,Sandwiches Calientes,"Fangio: huevo, jamón, cebolla, salsa holandesa",12500.0,8.56,1460.0
2026-06-06,Sandwiches Calientes,"Barton: jamón, queso, cebolla saltada, salsa holandesa",12500.0,8.56,1460.0
2026-06-06,Sandwiches Calientes,"Carlitos: jamón, queso, salsa portuguesa",12500.0,8.56,1460.0
2026-06-06,Sandwiches Calientes,"Jamón Glasé Confitado: jamón, queso gratinado, salsa portuguesa, dulce, pan sandwich",11000.0,7.53,1460.0
2026-06-06,Sandwiches Calientes,"Roselli: pavita picada, jamón, queso, pebete",12500.0,8.56,1460.0
2026-06-06,Triples Especiales,12 unidades,26000.0,17.81,1460.0
2026-06-06,Triples Especiales,24 unidades,48500.0,33.22,1460.0
2026-06-06,Triples Especiales,48 unidades,84000.0,57.53,1460.0
2026-06-06,Triples Especiales,96 unidades,145000.0,99.32,1460.0
2026-06-07,Sandwiches Calientes,"Menditeguy: pechuga de pavita, queso gratinado, salsa holandesa",12500.0,8.56,1460.0
2026-06-07,Sandwiches Calientes,"Enz: pechuga de pavita, tomate, salsa holandesa",12500.0,8.56,1460.0
2026-06-07,Sandwiches Calientes,"Goñi: pechuga de pavita, queso gratinado, lechuga, salsa holandesa",12500.0,8.56,1460.0
2026-06-07,Sandwiches Calientes,"Roncal: pechuga de pavita, queso gratinado, jamón, salsa holandesa",13000.0,8.9,1460.0
2026-06-07,Sandwiches Calientes,"Pavita Graten: pechuga, queso gratinado, salsa portuguesa, pan sandwich",11000.0,7.53,1460.0
2026-06-07,Sandwiches Calientes,"Suprema de Pavita: pechuga de pavita, choclo, salsa portuguesa, rebosado en pan rallado",12500.0,8.56,1460.0
2026-06-07,Sandwiches Calientes,"Hot - Dog: salchicha, salsa holandesa, pebete",6500.0,4.45,1460.0
2026-06-07,Sandwiches Calientes,"Hot - Dog Graten: salchicha, queso gratinado, salsa holandesa",7000.0,4.79,1460.0
2026-06-07,Sandwiches Calientes,"Frankfurt: salchicha envuelta en pan de sandwich, salsa holandesa",6500.0,4.45,1460.0
2026-06-07,Sandwiches Calientes,Frankfurt Graten,7000.0,4.79,1460.0
2026-06-07,Sandwiches Calientes,"Oxford: salchicha, jamón y queso, envuelta en pan de sandwich, salsa holandesa",7500.0,5.14,1460.0
2026-06-07,Sandwiches Calientes,"Burgeois: jamón, queso, salsa holandesa",11000.0,7.53,1460.0
2026-06-07,Sandwiches Calientes,Calamares Graten,17000.0,11.64,1460.0
2026-06-07,Sandwiches Calientes,Mejillones Graten,17000.0,11.64,1460.0
2026-06-07,Sandwiches Calientes,"Lucía: queso, champignon, salsa holandesa",12600.0,8.63,1460.0
2026-06-07,Sandwiches Calientes,"Vegeta: queso, morrones, cebolla, salsa holandesa$12600",12600.0,8.63,1460.0
2026-06-07,Sandwiches Calientes,"Andrés: pechuga de pavita, choclo, salsa portuguesa",11000.0,7.53,1460.0
2026-06-07,Sandwiches Calientes,"Lomo: lomo, salsa holandesa",12500.0,8.56,1460.0
2026-06-07,Sandwiches Calientes,"Pedrito: lomo, queso gratinado, salsa holandesa",13000.0,8.9,1460.0
2026-06-07,Sandwiches Calientes,"Jorge I: lomo, pimientos morrones, salsa holandesa",13000.0,8.9,1460.0
2026-06-07,Sandwiches Calientes,"Hamburger: lomo, cebolla frita, salsa holandesa",13000.0,8.9,1460.0
2026-06-07,Sandwiches Calientes,"Galli: lomo, jamón, queso, salsa holandesa",13500.0,9.25,1460.0
2026-06-07,Sandwiches Calientes,"Lomo Champignon: lomo, champignones, salsa holandesa",13500.0,9.25,1460.0
2026-06-07,Sandwiches Calientes,"Duende: lomo, jamón, tomate, salsa holandesa",13500.0,9.25,1460.0
2026-06-07,Sandwiches Calientes,Lomo 1/2 Caballo,13000.0,8.9,1460.0
2026-06-07,Sandwiches Calientes,"Hamenech: huevo, jamón, salsa holandesa",11000.0,7.53,1460.0
2026-06-07,Sandwiches Calientes,"Fangio: huevo, jamón, cebolla, salsa holandesa",12500.0,8.56,1460.0
2026-06-07,Sandwiches Calientes,"Barton: jamón, queso, cebolla saltada, salsa holandesa",12500.0,8.56,1460.0
2026-06-07,Sandwiches Calientes,"Carlitos: jamón, queso, salsa portuguesa",12500.0,8.56,1460.0
2026-06-07,Sandwiches Calientes,"Jamón Glasé Confitado: jamón, queso gratinado, salsa portuguesa, dulce, pan sandwich",11000.0,7.53,1460.0
2026-06-07,Sandwiches Calientes,"Roselli: pavita picada, jamón, queso, pebete",12500.0,8.56,1460.0
2026-06-07,Triples Especiales,12 unidades,26000.0,17.81,1460.0
2026-06-07,Triples Especiales,24 unidades,48500.0,33.22,1460.0
2026-06-07,Triples Especiales,48 unidades,84000.0,57.53,1460.0
2026-06-07,Triples Especiales,96 unidades,145000.0,99.32,1460.0
2026-06-09,Sandwiches Calientes,"Menditeguy: pechuga de pavita, queso gratinado, salsa holandesa",12500.0,8.56,1460.0
2026-06-09,Sandwiches Calientes,"Enz: pechuga de pavita, tomate, salsa holandesa",12500.0,8.56,1460.0
2026-06-09,Sandwiches Calientes,"Goñi: pechuga de pavita, queso gratinado, lechuga, salsa holandesa",12500.0,8.56,1460.0
2026-06-09,Sandwiches Calientes,"Roncal: pechuga de pavita, queso gratinado, jamón, salsa holandesa",13000.0,8.9,1460.0
2026-06-09,Sandwiches Calientes,"Pavita Graten: pechuga, queso gratinado, salsa portuguesa, pan sandwich",11000.0,7.53,1460.0
2026-06-09,Sandwiches Calientes,"Suprema de Pavita: pechuga de pavita, choclo, salsa portuguesa, rebosado en pan rallado",12500.0,8.56,1460.0
2026-06-09,Sandwiches Calientes,"Hot - Dog: salchicha, salsa holandesa, pebete",6500.0,4.45,1460.0
2026-06-09,Sandwiches Calientes,"Hot - Dog Graten: salchicha, queso gratinado, salsa holandesa",7000.0,4.79,1460.0
2026-06-09,Sandwiches Calientes,"Frankfurt: salchicha envuelta en pan de sandwich, salsa holandesa",6500.0,4.45,1460.0
2026-06-09,Sandwiches Calientes,Frankfurt Graten,7000.0,4.79,1460.0
2026-06-09,Sandwiches Calientes,"Oxford: salchicha, jamón y queso, envuelta en pan de sandwich, salsa holandesa",7500.0,5.14,1460.0
2026-06-09,Sandwiches Calientes,"Burgeois: jamón, queso, salsa holandesa",11000.0,7.53,1460.0
2026-06-09,Sandwiches Calientes,Calamares Graten,17000.0,11.64,1460.0
2026-06-09,Sandwiches Calientes,Mejillones Graten,17000.0,11.64,1460.0
2026-06-09,Sandwiches Calientes,"Lucía: queso, champignon, salsa holandesa",12600.0,8.63,1460.0
2026-06-09,Sandwiches Calientes,"Vegeta: queso, morrones, cebolla, salsa holandesa$12600",12600.0,8.63,1460.0
2026-06-09,Sandwiches Calientes,"Andrés: pechuga de pavita, choclo, salsa portuguesa",11000.0,7.53,1460.0
2026-06-09,Sandwiches Calientes,"Lomo: lomo, salsa holandesa",12500.0,8.56,1460.0
2026-06-09,Sandwiches Calientes,"Pedrito: lomo, queso gratinado, salsa holandesa",13000.0,8.9,1460.0
2026-06-09,Sandwiches Calientes,"Jorge I: lomo, pimientos morrones, salsa holandesa",13000.0,8.9,1460.0
2026-06-09,Sandwiches Calientes,"Hamburger: lomo, cebolla frita, salsa holandesa",13000.0,8.9,1460.0
2026-06-09,Sandwiches Calientes,"Galli: lomo, jamón, queso, salsa holandesa",13500.0,9.25,1460.0
2026-06-09,Sandwiches Calientes,"Lomo Champignon: lomo, champignones, salsa holandesa",13500.0,9.25,1460.0
2026-06-09,Sandwiches Calientes,"Duende: lomo, jamón, tomate, salsa holandesa",13500.0,9.25,1460.0
2026-06-09,Sandwiches Calientes,Lomo 1/2 Caballo,13000.0,8.9,1460.0
2026-06-09,Sandwiches Calientes,"Hamenech: huevo, jamón, salsa holandesa",11000.0,7.53,1460.0
2026-06-09,Sandwiches Calientes,"Fangio: huevo, jamón, cebolla, salsa holandesa",12500.0,8.56,1460.0
2026-06-09,Sandwiches Calientes,"Barton: jamón, queso, cebolla saltada, salsa holandesa",12500.0,8.56,1460.0
2026-06-09,Sandwiches Calientes,"Carlitos: jamón, queso, salsa portuguesa",12500.0,8.56,1460.0
2026-06-09,Sandwiches Calientes,"Jamón Glasé Confitado: jamón, queso gratinado, salsa portuguesa, dulce, pan sandwich",11000.0,7.53,1460.0
2026-06-09,Sandwiches Calientes,"Roselli: pavita picada, jamón, queso, pebete",12500.0,8.56,1460.0
2026-06-09,Triples Especiales,12 unidades,26000.0,17.81,1460.0
2026-06-09,Triples Especiales,24 unidades,48500.0,33.22,1460.0
2026-06-09,Triples Especiales,48 unidades,84000.0,57.53,1460.0
2026-06-09,Triples Especiales,96 unidades,145000.0,99.32,1460.0
2026-06-10,Sandwiches Calientes,"Menditeguy: pechuga de pavita, queso gratinado, salsa holandesa",12500.0,8.56,1460.0
2026-06-10,Sandwiches Calientes,"Enz: pechuga de pavita, tomate, salsa holandesa",12500.0,8.56,1460.0
2026-06-10,Sandwiches Calientes,"Goñi: pechuga de pavita, queso gratinado, lechuga, salsa holandesa",12500.0,8.56,1460.0
2026-06-10,Sandwiches Calientes,"Roncal: pechuga de pavita, queso gratinado, jamón, salsa holandesa",13000.0,8.9,1460.0
2026-06-10,Sandwiches Calientes,"Pavita Graten: pechuga, queso gratinado, salsa portuguesa, pan sandwich",11000.0,7.53,1460.0
2026-06-10,Sandwiches Calientes,"Suprema de Pavita: pechuga de pavita, choclo, salsa portuguesa, rebosado en pan rallado",12500.0,8.56,1460.0
2026-06-10,Sandwiches Calientes,"Hot - Dog: salchicha, salsa holandesa, pebete",6500.0,4.45,1460.0
2026-06-10,Sandwiches Calientes,"Hot - Dog Graten: salchicha, queso gratinado, salsa holandesa",7000.0,4.79,1460.0
2026-06-10,Sandwiches Calientes,"Frankfurt: salchicha envuelta en pan de sandwich, salsa holandesa",6500.0,4.45,1460.0
2026-06-10,Sandwiches Calientes,Frankfurt Graten,7000.0,4.79,1460.0
2026-06-10,Sandwiches Calientes,"Oxford: salchicha, jamón y queso, envuelta en pan de sandwich, salsa holandesa",7500.0,5.14,1460.0
2026-06-10,Sandwiches Calientes,"Burgeois: jamón, queso, salsa holandesa",11000.0,7.53,1460.0
2026-06-10,Sandwiches Calientes,Calamares Graten,17000.0,11.64,1460.0
2026-06-10,Sandwiches Calientes,Mejillones Graten,17000.0,11.64,1460.0
2026-06-10,Sandwiches Calientes,"Lucía: queso, champignon, salsa holandesa",12600.0,8.63,1460.0
2026-06-10,Sandwiches Calientes,"Vegeta: queso, morrones, cebolla, salsa holandesa$12600",12600.0,8.63,1460.0
2026-06-10,Sandwiches Calientes,"Andrés: pechuga de pavita, choclo, salsa portuguesa",11000.0,7.53,1460.0
2026-06-10,Sandwiches Calientes,"Lomo: lomo, salsa holandesa",12500.0,8.56,1460.0
2026-06-10,Sandwiches Calientes,"Pedrito: lomo, queso gratinado, salsa holandesa",13000.0,8.9,1460.0
2026-06-10,Sandwiches Calientes,"Jorge I: lomo, pimientos morrones, salsa holandesa",13000.0,8.9,1460.0
2026-06-10,Sandwiches Calientes,"Hamburger: lomo, cebolla frita, salsa holandesa",13000.0,8.9,1460.0
2026-06-10,Sandwiches Calientes,"Galli: lomo, jamón, queso, salsa holandesa",13500.0,9.25,1460.0
2026-06-10,Sandwiches Calientes,"Lomo Champignon: lomo, champignones, salsa holandesa",13500.0,9.25,1460.0
2026-06-10,Sandwiches Calientes,"Duende: lomo, jamón, tomate, salsa holandesa",13500.0,9.25,1460.0
2026-06-10,Sandwiches Calientes,Lomo 1/2 Caballo,13000.0,8.9,1460.0
2026-06-10,Sandwiches Calientes,"Hamenech: huevo, jamón, salsa holandesa",11000.0,7.53,1460.0
2026-06-10,Sandwiches Calientes,"Fangio: huevo, jamón, cebolla, salsa holandesa",12500.0,8.56,1460.0
2026-06-10,Sandwiches Calientes,"Barton: jamón, queso, cebolla saltada, salsa holandesa",12500.0,8.56,1460.0
2026-06-10,Sandwiches Calientes,"Carlitos: jamón, queso, salsa portuguesa",12500.0,8.56,1460.0
2026-06-10,Sandwiches Calientes,"Jamón Glasé Confitado: jamón, queso gratinado, salsa portuguesa, dulce, pan sandwich",11000.0,7.53,1460.0
2026-06-10,Sandwiches Calientes,"Roselli: pavita picada, jamón, queso, pebete",12500.0,8.56,1460.0
2026-06-10,Triples Especiales,12 unidades,26000.0,17.81,1460.0
2026-06-10,Triples Especiales,24 unidades,48500.0,33.22,1460.0
2026-06-10,Triples Especiales,48 unidades,84000.0,57.53,1460.0
2026-06-10,Triples Especiales,96 unidades,145000.0,99.32,1460.0
2026-06-12,Sandwiches Calientes,"Menditeguy: pechuga de pavita, queso gratinado, salsa holandesa",14000.0,9.62,1455.0
2026-06-12,Sandwiches Calientes,"Enz: pechuga de pavita, tomate, salsa holandesa",14000.0,9.62,1455.0
2026-06-12,Sandwiches Calientes,"Goñi: pechuga de pavita, queso gratinado, lechuga, salsa holandesa",14000.0,9.62,1455.0
2026-06-12,Sandwiches Calientes,"Roncal: pechuga de pavita, queso gratinado, jamón, salsa holandesa",14500.0,9.97,1455.0
2026-06-12,Sandwiches Calientes,"Pavita Graten: pechuga, queso gratinado, salsa portuguesa, pan sandwich",12000.0,8.25,1455.0
2026-06-12,Sandwiches Calientes,"Suprema de Pavita: pechuga de pavita, choclo, salsa portuguesa, rebosado en pan rallado",14000.0,9.62,1455.0
2026-06-12,Sandwiches Calientes,"Hot - Dog: salchicha, salsa holandesa, pebete",7000.0,4.81,1455.0
2026-06-12,Sandwiches Calientes,"Hot - Dog Graten: salchicha, queso gratinado, salsa holandesa",7500.0,5.15,1455.0
2026-06-12,Sandwiches Calientes,"Frankfurt: salchicha envuelta en pan de sandwich, salsa holandesa",7000.0,4.81,1455.0
2026-06-12,Sandwiches Calientes,Frankfurt Graten,7500.0,5.15,1455.0
2026-06-12,Sandwiches Calientes,"Oxford: salchicha, jamón y queso, envuelta en pan de sandwich, salsa holandesa",8000.0,5.5,1455.0
2026-06-12,Sandwiches Calientes,"Burgeois: jamón, queso, salsa holandesa",12000.0,8.25,1455.0
2026-06-12,Sandwiches Calientes,Calamares Graten,18000.0,12.37,1455.0
2026-06-12,Sandwiches Calientes,Mejillones Graten,18000.0,12.37,1455.0
2026-06-12,Sandwiches Calientes,"Lucía: queso, champignon, salsa holandesa",14000.0,9.62,1455.0
2026-06-12,Sandwiches Calientes,"Vegeta: queso, morrones, cebolla, salsa holandesa$14000",14000.0,9.62,1455.0
2026-06-12,Sandwiches Calientes,"Andrés: pechuga de pavita, choclo, salsa portuguesa",12000.0,8.25,1455.0
2026-06-12,Sandwiches Calientes,"Lomo: lomo, salsa holandesa",14000.0,9.62,1455.0
2026-06-12,Sandwiches Calientes,"Pedrito: lomo, queso gratinado, salsa holandesa",14500.0,9.97,1455.0
2026-06-12,Sandwiches Calientes,"Jorge I: lomo, pimientos morrones, salsa holandesa",14500.0,9.97,1455.0
2026-06-12,Sandwiches Calientes,"Hamburger: lomo, cebolla frita, salsa holandesa",14500.0,9.97,1455.0
2026-06-12,Sandwiches Calientes,"Galli: lomo, jamón, queso, salsa holandesa",15000.0,10.31,1455.0
2026-06-12,Sandwiches Calientes,"Lomo Champignon: lomo, champignones, salsa holandesa",15000.0,10.31,1455.0
2026-06-12,Sandwiches Calientes,"Duende: lomo, jamón, tomate, salsa holandesa",15000.0,10.31,1455.0
2026-06-12,Sandwiches Calientes,Lomo 1/2 Caballo,14000.0,9.62,1455.0
2026-06-12,Sandwiches Calientes,"Hamenech: huevo, jamón, salsa holandesa",12000.0,8.25,1455.0
2026-06-12,Sandwiches Calientes,"Fangio: huevo, jamón, cebolla, salsa holandesa",14000.0,9.62,1455.0
2026-06-12,Sandwiches Calientes,"Barton: jamón, queso, cebolla saltada, salsa holandesa",14000.0,9.62,1455.0
2026-06-12,Sandwiches Calientes,"Carlitos: jamón, queso, salsa portuguesa",14000.0,9.62,1455.0
2026-06-12,Sandwiches Calientes,"Jamón Glasé Confitado: jamón, queso gratinado, salsa portuguesa, dulce, pan sandwich",12000.0,8.25,1455.0
2026-06-12,Sandwiches Calientes,"Roselli: pavita picada, jamón, queso, pebete",14000.0,9.62,1455.0
2026-06-12,Triples Especiales,12 unidades,27000.0,18.56,1455.0
2026-06-12,Triples Especiales,24 unidades,51000.0,35.05,1455.0
2026-06-12,Triples Especiales,48 unidades,88500.0,60.82,1455.0
2026-06-12,Triples Especiales,96 unidades,152000.0,104.47,1455.0
2026-06-13,Sandwiches Calientes,"Menditeguy: pechuga de pavita, queso gratinado, salsa holandesa",14000.0,9.66,1450.0
2026-06-13,Sandwiches Calientes,"Enz: pechuga de pavita, tomate, salsa holandesa",14000.0,9.66,1450.0
2026-06-13,Sandwiches Calientes,"Goñi: pechuga de pavita, queso gratinado, lechuga, salsa holandesa",14000.0,9.66,1450.0
2026-06-13,Sandwiches Calientes,"Roncal: pechuga de pavita, queso gratinado, jamón, salsa holandesa",14500.0,10.0,1450.0
2026-06-13,Sandwiches Calientes,"Pavita Graten: pechuga, queso gratinado, salsa portuguesa, pan sandwich",12000.0,8.28,1450.0
2026-06-13,Sandwiches Calientes,"Suprema de Pavita: pechuga de pavita, choclo, salsa portuguesa, rebosado en pan rallado",14000.0,9.66,1450.0
2026-06-13,Sandwiches Calientes,"Hot - Dog: salchicha, salsa holandesa, pebete",7000.0,4.83,1450.0
2026-06-13,Sandwiches Calientes,"Hot - Dog Graten: salchicha, queso gratinado, salsa holandesa",7500.0,5.17,1450.0
2026-06-13,Sandwiches Calientes,"Frankfurt: salchicha envuelta en pan de sandwich, salsa holandesa",7000.0,4.83,1450.0
2026-06-13,Sandwiches Calientes,Frankfurt Graten,7500.0,5.17,1450.0
2026-06-13,Sandwiches Calientes,"Oxford: salchicha, jamón y queso, envuelta en pan de sandwich, salsa holandesa",8000.0,5.52,1450.0
2026-06-13,Sandwiches Calientes,"Burgeois: jamón, queso, salsa holandesa",12000.0,8.28,1450.0
2026-06-13,Sandwiches Calientes,Calamares Graten,18000.0,12.41,1450.0
2026-06-13,Sandwiches Calientes,Mejillones Graten,18000.0,12.41,1450.0
2026-06-13,Sandwiches Calientes,"Lucía: queso, champignon, salsa holandesa",14000.0,9.66,1450.0
2026-06-13,Sandwiches Calientes,"Vegeta: queso, morrones, cebolla, salsa holandesa$14000",14000.0,9.66,1450.0
2026-06-13,Sandwiches Calientes,"Andrés: pechuga de pavita, choclo, salsa portuguesa",12000.0,8.28,1450.0
2026-06-13,Sandwiches Calientes,"Lomo: lomo, salsa holandesa",14000.0,9.66,1450.0
2026-06-13,Sandwiches Calientes,"Pedrito: lomo, queso gratinado, salsa holandesa",14500.0,10.0,1450.0
2026-06-13,Sandwiches Calientes,"Jorge I: lomo, pimientos morrones, salsa holandesa",14500.0,10.0,1450.0
2026-06-13,Sandwiches Calientes,"Hamburger: lomo, cebolla frita, salsa holandesa",14500.0,10.0,1450.0
2026-06-13,Sandwiches Calientes,"Galli: lomo, jamón, queso, salsa holandesa",15000.0,10.34,1450.0
2026-06-13,Sandwiches Calientes,"Lomo Champignon: lomo, champignones, salsa holandesa",15000.0,10.34,1450.0
2026-06-13,Sandwiches Calientes,"Duende: lomo, jamón, tomate, salsa holandesa",15000.0,10.34,1450.0
2026-06-13,Sandwiches Calientes,Lomo 1/2 Caballo,14000.0,9.66,1450.0
2026-06-13,Sandwiches Calientes,"Hamenech: huevo, jamón, salsa holandesa",12000.0,8.28,1450.0
2026-06-13,Sandwiches Calientes,"Fangio: huevo, jamón, cebolla, salsa holandesa",14000.0,9.66,1450.0
2026-06-13,Sandwiches Calientes,"Barton: jamón, queso, cebolla saltada, salsa holandesa",14000.0,9.66,1450.0
2026-06-13,Sandwiches Calientes,"Carlitos: jamón, queso, salsa portuguesa",14000.0,9.66,1450.0
2026-06-13,Sandwiches Calientes,"Jamón Glasé Confitado: jamón, queso gratinado, salsa portuguesa, dulce, pan sandwich",12000.0,8.28,1450.0
2026-06-13,Sandwiches Calientes,"Roselli: pavita picada, jamón, queso, pebete",14000.0,9.66,1450.0
2026-06-13,Triples Especiales,12 unidades,27000.0,18.62,1450.0
2026-06-13,Triples Especiales,24 unidades,51000.0,35.17,1450.0
2026-06-13,Triples Especiales,48 unidades,88500.0,61.03,1450.0
2026-06-13,Triples Especiales,96 unidades,152000.0,104.83,1450.0
2026-06-15,Sandwiches Calientes,"Menditeguy: pechuga de pavita, queso gratinado, salsa holandesa",14000.0,9.66,1450.0
2026-06-15,Sandwiches Calientes,"Enz: pechuga de pavita, tomate, salsa holandesa",14000.0,9.66,1450.0
2026-06-15,Sandwiches Calientes,"Goñi: pechuga de pavita, queso gratinado, lechuga, salsa holandesa",14000.0,9.66,1450.0
2026-06-15,Sandwiches Calientes,"Roncal: pechuga de pavita, queso gratinado, jamón, salsa holandesa",14500.0,10.0,1450.0
2026-06-15,Sandwiches Calientes,"Pavita Graten: pechuga, queso gratinado, salsa portuguesa, pan sandwich",12000.0,8.28,1450.0
2026-06-15,Sandwiches Calientes,"Suprema de Pavita: pechuga de pavita, choclo, salsa portuguesa, rebosado en pan rallado",14000.0,9.66,1450.0
2026-06-15,Sandwiches Calientes,"Hot - Dog: salchicha, salsa holandesa, pebete",7000.0,4.83,1450.0
2026-06-15,Sandwiches Calientes,"Hot - Dog Graten: salchicha, queso gratinado, salsa holandesa",7500.0,5.17,1450.0
2026-06-15,Sandwiches Calientes,"Frankfurt: salchicha envuelta en pan de sandwich, salsa holandesa",7000.0,4.83,1450.0
2026-06-15,Sandwiches Calientes,Frankfurt Graten,7500.0,5.17,1450.0
2026-06-15,Sandwiches Calientes,"Oxford: salchicha, jamón y queso, envuelta en pan de sandwich, salsa holandesa",8000.0,5.52,1450.0
2026-06-15,Sandwiches Calientes,"Burgeois: jamón, queso, salsa holandesa",12000.0,8.28,1450.0
2026-06-15,Sandwiches Calientes,Calamares Graten,18000.0,12.41,1450.0
2026-06-15,Sandwiches Calientes,Mejillones Graten,18000.0,12.41,1450.0
2026-06-15,Sandwiches Calientes,"Lucía: queso, champignon, salsa holandesa",14000.0,9.66,1450.0
2026-06-15,Sandwiches Calientes,"Vegeta: queso, morrones, cebolla, salsa holandesa$14000",14000.0,9.66,1450.0
2026-06-15,Sandwiches Calientes,"Andrés: pechuga de pavita, choclo, salsa portuguesa",12000.0,8.28,1450.0
2026-06-15,Sandwiches Calientes,"Lomo: lomo, salsa holandesa",14000.0,9.66,1450.0
2026-06-15,Sandwiches Calientes,"Pedrito: lomo, queso gratinado, salsa holandesa",14500.0,10.0,1450.0
2026-06-15,Sandwiches Calientes,"Jorge I: lomo, pimientos morrones, salsa holandesa",14500.0,10.0,1450.0
2026-06-15,Sandwiches Calientes,"Hamburger: lomo, cebolla frita, salsa holandesa",14500.0,10.0,1450.0
2026-06-15,Sandwiches Calientes,"Galli: lomo, jamón, queso, salsa holandesa",15000.0,10.34,1450.0
2026-06-15,Sandwiches Calientes,"Lomo Champignon: lomo, champignones, salsa holandesa",15000.0,10.34,1450.0
2026-06-15,Sandwiches Calientes,"Duende: lomo, jamón, tomate, salsa holandesa",15000.0,10.34,1450.0
2026-06-15,Sandwiches Calientes,Lomo 1/2 Caballo,14000.0,9.66,1450.0
2026-06-15,Sandwiches Calientes,"Hamenech: huevo, jamón, salsa holandesa",12000.0,8.28,1450.0
2026-06-15,Sandwiches Calientes,"Fangio: huevo, jamón, cebolla, salsa holandesa",14000.0,9.66,1450.0
2026-06-15,Sandwiches Calientes,"Barton: jamón, queso, cebolla saltada, salsa holandesa",14000.0,9.66,1450.0
2026-06-15,Sandwiches Calientes,"Carlitos: jamón, queso, salsa portuguesa",14000.0,9.66,1450.0
2026-06-15,Sandwiches Calientes,"Jamón Glasé Confitado: jamón, queso gratinado, salsa portuguesa, dulce, pan sandwich",12000.0,8.28,1450.0
2026-06-15,Sandwiches Calientes,"Roselli: pavita picada, jamón, queso, pebete",14000.0,9.66,1450.0
2026-06-15,Triples Especiales,12 unidades,27000.0,18.62,1450.0
2026-06-15,Triples Especiales,24 unidades,51000.0,35.17,1450.0
2026-06-15,Triples Especiales,48 unidades,88500.0,61.03,1450.0
2026-06-15,Triples Especiales,96 unidades,152000.0,104.83,1450.0
2026-06-18,Sandwiches Calientes,"Menditeguy: pechuga de pavita, queso gratinado, salsa holandesa",14000.0,9.66,1450.0
2026-06-18,Sandwiches Calientes,"Enz: pechuga de pavita, tomate, salsa holandesa",14000.0,9.66,1450.0
2026-06-18,Sandwiches Calientes,"Goñi: pechuga de pavita, queso gratinado, lechuga, salsa holandesa",14000.0,9.66,1450.0
2026-06-18,Sandwiches Calientes,"Roncal: pechuga de pavita, queso gratinado, jamón, salsa holandesa",14500.0,10.0,1450.0
2026-06-18,Sandwiches Calientes,"Pavita Graten: pechuga, queso gratinado, salsa portuguesa, pan sandwich",12000.0,8.28,1450.0
2026-06-18,Sandwiches Calientes,"Suprema de Pavita: pechuga de pavita, choclo, salsa portuguesa, rebosado en pan rallado",14000.0,9.66,1450.0
2026-06-18,Sandwiches Calientes,"Hot - Dog: salchicha, salsa holandesa, pebete",7000.0,4.83,1450.0
2026-06-18,Sandwiches Calientes,"Hot - Dog Graten: salchicha, queso gratinado, salsa holandesa",7500.0,5.17,1450.0
2026-06-18,Sandwiches Calientes,"Frankfurt: salchicha envuelta en pan de sandwich, salsa holandesa",7000.0,4.83,1450.0
2026-06-18,Sandwiches Calientes,Frankfurt Graten,7500.0,5.17,1450.0
2026-06-18,Sandwiches Calientes,"Oxford: salchicha, jamón y queso, envuelta en pan de sandwich, salsa holandesa",8000.0,5.52,1450.0
2026-06-18,Sandwiches Calientes,"Burgeois: jamón, queso, salsa holandesa",12000.0,8.28,1450.0
2026-06-18,Sandwiches Calientes,Calamares Graten,18000.0,12.41,1450.0
2026-06-18,Sandwiches Calientes,Mejillones Graten,18000.0,12.41,1450.0
2026-06-18,Sandwiches Calientes,"Lucía: queso, champignon, salsa holandesa",14000.0,9.66,1450.0
2026-06-18,Sandwiches Calientes,"Vegeta: queso, morrones, cebolla, salsa holandesa$14000",14000.0,9.66,1450.0
2026-06-18,Sandwiches Calientes,"Andrés: pechuga de pavita, choclo, salsa portuguesa",12000.0,8.28,1450.0
2026-06-18,Sandwiches Calientes,"Lomo: lomo, salsa holandesa",14000.0,9.66,1450.0
2026-06-18,Sandwiches Calientes,"Pedrito: lomo, queso gratinado, salsa holandesa",14500.0,10.0,1450.0
2026-06-18,Sandwiches Calientes,"Jorge I: lomo, pimientos morrones, salsa holandesa",14500.0,10.0,1450.0
2026-06-18,Sandwiches Calientes,"Hamburger: lomo, cebolla frita, salsa holandesa",14500.0,10.0,1450.0
2026-06-18,Sandwiches Calientes,"Galli: lomo, jamón, queso, salsa holandesa",15000.0,10.34,1450.0
2026-06-18,Sandwiches Calientes,"Lomo Champignon: lomo, champignones, salsa holandesa",15000.0,10.34,1450.0
2026-06-18,Sandwiches Calientes,"Duende: lomo, jamón, tomate, salsa holandesa",15000.0,10.34,1450.0
2026-06-18,Sandwiches Calientes,Lomo 1/2 Caballo,14000.0,9.66,1450.0
2026-06-18,Sandwiches Calientes,"Hamenech: huevo, jamón, salsa holandesa",12000.0,8.28,1450.0
2026-06-18,Sandwiches Calientes,"Fangio: huevo, jamón, cebolla, salsa holandesa",14000.0,9.66,1450.0
2026-06-18,Sandwiches Calientes,"Barton: jamón, queso, cebolla saltada, salsa holandesa",14000.0,9.66,1450.0
2026-06-18,Sandwiches Calientes,"Carlitos: jamón, queso, salsa portuguesa",14000.0,9.66,1450.0
2026-06-18,Sandwiches Calientes,"Jamón Glasé Confitado: jamón, queso gratinado, salsa portuguesa, dulce, pan sandwich",12000.0,8.28,1450.0
2026-06-18,Sandwiches Calientes,"Roselli: pavita picada, jamón, queso, pebete",14000.0,9.66,1450.0
2026-06-18,Triples Especiales,12 unidades,27000.0,18.62,1450.0
2026-06-18,Triples Especiales,24 unidades,51000.0,35.17,1450.0
2026-06-18,Triples Especiales,48 unidades,88500.0,61.03,1450.0
2026-06-18,Triples Especiales,96 unidades,152000.0,104.83,1450.0
2026-06-19,Sandwiches Calientes,"Menditeguy: pechuga de pavita, queso gratinado, salsa holandesa",14000.0,9.46,1480.0
2026-06-19,Sandwiches Calientes,"Enz: pechuga de pavita, tomate, salsa holandesa",14000.0,9.46,1480.0
2026-06-19,Sandwiches Calientes,"Goñi: pechuga de pavita, queso gratinado, lechuga, salsa holandesa",14000.0,9.46,1480.0
2026-06-19,Sandwiches Calientes,"Roncal: pechuga de pavita, queso gratinado, jamón, salsa holandesa",14500.0,9.8,1480.0
2026-06-19,Sandwiches Calientes,"Pavita Graten: pechuga, queso gratinado, salsa portuguesa, pan sandwich",12000.0,8.11,1480.0
2026-06-19,Sandwiches Calientes,"Suprema de Pavita: pechuga de pavita, choclo, salsa portuguesa, rebosado en pan rallado",14000.0,9.46,1480.0
2026-06-19,Sandwiches Calientes,"Hot - Dog: salchicha, salsa holandesa, pebete",7000.0,4.73,1480.0
2026-06-19,Sandwiches Calientes,"Hot - Dog Graten: salchicha, queso gratinado, salsa holandesa",7500.0,5.07,1480.0
2026-06-19,Sandwiches Calientes,"Frankfurt: salchicha envuelta en pan de sandwich, salsa holandesa",7000.0,4.73,1480.0
2026-06-19,Sandwiches Calientes,Frankfurt Graten,7500.0,5.07,1480.0
2026-06-19,Sandwiches Calientes,"Oxford: salchicha, jamón y queso, envuelta en pan de sandwich, salsa holandesa",8000.0,5.41,1480.0
2026-06-19,Sandwiches Calientes,"Burgeois: jamón, queso, salsa holandesa",12000.0,8.11,1480.0
2026-06-19,Sandwiches Calientes,Calamares Graten,18000.0,12.16,1480.0
2026-06-19,Sandwiches Calientes,Mejillones Graten,18000.0,12.16,1480.0
2026-06-19,Sandwiches Calientes,"Lucía: queso, champignon, salsa holandesa",14000.0,9.46,1480.0
2026-06-19,Sandwiches Calientes,"Vegeta: queso, morrones, cebolla, salsa holandesa$14000",14000.0,9.46,1480.0
2026-06-19,Sandwiches Calientes,"Andrés: pechuga de pavita, choclo, salsa portuguesa",12000.0,8.11,1480.0
2026-06-19,Sandwiches Calientes,"Lomo: lomo, salsa holandesa",14000.0,9.46,1480.0
2026-06-19,Sandwiches Calientes,"Pedrito: lomo, queso gratinado, salsa holandesa",14500.0,9.8,1480.0
2026-06-19,Sandwiches Calientes,"Jorge I: lomo, pimientos morrones, salsa holandesa",14500.0,9.8,1480.0
2026-06-19,Sandwiches Calientes,"Hamburger: lomo, cebolla frita, salsa holandesa",14500.0,9.8,1480.0
2026-06-19,Sandwiches Calientes,"Galli: lomo, jamón, queso, salsa holandesa",15000.0,10.14,1480.0
2026-06-19,Sandwiches Calientes,"Lomo Champignon: lomo, champignones, salsa holandesa",15000.0,10.14,1480.0
2026-06-19,Sandwiches Calientes,"Duende: lomo, jamón, tomate, salsa holandesa",15000.0,10.14,1480.0
2026-06-19,Sandwiches Calientes,Lomo 1/2 Caballo,14000.0,9.46,1480.0
2026-06-19,Sandwiches Calientes,"Hamenech: huevo, jamón, salsa holandesa",12000.0,8.11,1480.0
2026-06-19,Sandwiches Calientes,"Fangio: huevo, jamón, cebolla, salsa holandesa",14000.0,9.46,1480.0
2026-06-19,Sandwiches Calientes,"Barton: jamón, queso, cebolla saltada, salsa holandesa",14000.0,9.46,1480.0
2026-06-19,Sandwiches Calientes,"Carlitos: jamón, queso, salsa portuguesa",14000.0,9.46,1480.0
2026-06-19,Sandwiches Calientes,"Jamón Glasé Confitado: jamón, queso gratinado, salsa portuguesa, dulce, pan sandwich",12000.0,8.11,1480.0
2026-06-19,Sandwiches Calientes,"Roselli: pavita picada, jamón, queso, pebete",14000.0,9.46,1480.0
2026-06-19,Triples Especiales,12 unidades,27000.0,18.24,1480.0
2026-06-19,Triples Especiales,24 unidades,51000.0,34.46,1480.0
2026-06-19,Triples Especiales,48 unidades,88500.0,59.8,1480.0
2026-06-19,Triples Especiales,96 unidades,152000.0,102.7,1480.0
2026-06-20,Sandwiches Calientes,"Menditeguy: pechuga de pavita, queso gratinado, salsa holandesa",14000.0,9.46,1480.0
2026-06-20,Sandwiches Calientes,"Enz: pechuga de pavita, tomate, salsa holandesa",14000.0,9.46,1480.0
2026-06-20,Sandwiches Calientes,"Goñi: pechuga de pavita, queso gratinado, lechuga, salsa holandesa",14000.0,9.46,1480.0
2026-06-20,Sandwiches Calientes,"Roncal: pechuga de pavita, queso gratinado, jamón, salsa holandesa",14500.0,9.8,1480.0
2026-06-20,Sandwiches Calientes,"Pavita Graten: pechuga, queso gratinado, salsa portuguesa, pan sandwich",12000.0,8.11,1480.0
2026-06-20,Sandwiches Calientes,"Suprema de Pavita: pechuga de pavita, choclo, salsa portuguesa, rebosado en pan rallado",14000.0,9.46,1480.0
2026-06-20,Sandwiches Calientes,"Hot - Dog: salchicha, salsa holandesa, pebete",7000.0,4.73,1480.0
2026-06-20,Sandwiches Calientes,"Hot - Dog Graten: salchicha, queso gratinado, salsa holandesa",7500.0,5.07,1480.0
2026-06-20,Sandwiches Calientes,"Frankfurt: salchicha envuelta en pan de sandwich, salsa holandesa",7000.0,4.73,1480.0
2026-06-20,Sandwiches Calientes,Frankfurt Graten,7500.0,5.07,1480.0
2026-06-20,Sandwiches Calientes,"Oxford: salchicha, jamón y queso, envuelta en pan de sandwich, salsa holandesa",8000.0,5.41,1480.0
2026-06-20,Sandwiches Calientes,"Burgeois: jamón, queso, salsa holandesa",12000.0,8.11,1480.0
2026-06-20,Sandwiches Calientes,Calamares Graten,18000.0,12.16,1480.0
2026-06-20,Sandwiches Calientes,Mejillones Graten,18000.0,12.16,1480.0
2026-06-20,Sandwiches Calientes,"Lucía: queso, champignon, salsa holandesa",14000.0,9.46,1480.0
2026-06-20,Sandwiches Calientes,"Vegeta: queso, morrones, cebolla, salsa holandesa$14000",14000.0,9.46,1480.0
2026-06-20,Sandwiches Calientes,"Andrés: pechuga de pavita, choclo, salsa portuguesa",12000.0,8.11,1480.0
2026-06-20,Sandwiches Calientes,"Lomo: lomo, salsa holandesa",14000.0,9.46,1480.0
2026-06-20,Sandwiches Calientes,"Pedrito: lomo, queso gratinado, salsa holandesa",14500.0,9.8,1480.0
2026-06-20,Sandwiches Calientes,"Jorge I: lomo, pimientos morrones, salsa holandesa",14500.0,9.8,1480.0
2026-06-20,Sandwiches Calientes,"Hamburger: lomo, cebolla frita, salsa holandesa",14500.0,9.8,1480.0
2026-06-20,Sandwiches Calientes,"Galli: lomo, jamón, queso, salsa holandesa",15000.0,10.14,1480.0
2026-06-20,Sandwiches Calientes,"Lomo Champignon: lomo, champignones, salsa holandesa",15000.0,10.14,1480.0
2026-06-20,Sandwiches Calientes,"Duende: lomo, jamón, tomate, salsa holandesa",15000.0,10.14,1480.0
2026-06-20,Sandwiches Calientes,Lomo 1/2 Caballo,14000.0,9.46,1480.0
2026-06-20,Sandwiches Calientes,"Hamenech: huevo, jamón, salsa holandesa",12000.0,8.11,1480.0
2026-06-20,Sandwiches Calientes,"Fangio: huevo, jamón, cebolla, salsa holandesa",14000.0,9.46,1480.0
2026-06-20,Sandwiches Calientes,"Barton: jamón, queso, cebolla saltada, salsa holandesa",14000.0,9.46,1480.0
2026-06-20,Sandwiches Calientes,"Carlitos: jamón, queso, salsa portuguesa",14000.0,9.46,1480.0
2026-06-20,Sandwiches Calientes,"Jamón Glasé Confitado: jamón, queso gratinado, salsa portuguesa, dulce, pan sandwich",12000.0,8.11,1480.0
2026-06-20,Sandwiches Calientes,"Roselli: pavita picada, jamón, queso, pebete",14000.0,9.46,1480.0
2026-06-20,Triples Especiales,12 unidades,27000.0,18.24,1480.0
2026-06-20,Triples Especiales,24 unidades,51000.0,34.46,1480.0
2026-06-20,Triples Especiales,48 unidades,88500.0,59.8,1480.0
2026-06-20,Triples Especiales,96 unidades,152000.0,102.7,1480.0
2026-06-21,Sandwiches Calientes,"Menditeguy: pechuga de pavita, queso gratinado, salsa holandesa",14000.0,9.46,1480.0
2026-06-21,Sandwiches Calientes,"Enz: pechuga de pavita, tomate, salsa holandesa",14000.0,9.46,1480.0
2026-06-21,Sandwiches Calientes,"Goñi: pechuga de pavita, queso gratinado, lechuga, salsa holandesa",14000.0,9.46,1480.0
2026-06-21,Sandwiches Calientes,"Roncal: pechuga de pavita, queso gratinado, jamón, salsa holandesa",14500.0,9.8,1480.0
2026-06-21,Sandwiches Calientes,"Pavita Graten: pechuga, queso gratinado, salsa portuguesa, pan sandwich",12000.0,8.11,1480.0
2026-06-21,Sandwiches Calientes,"Suprema de Pavita: pechuga de pavita, choclo, salsa portuguesa, rebosado en pan rallado",14000.0,9.46,1480.0
2026-06-21,Sandwiches Calientes,"Hot - Dog: salchicha, salsa holandesa, pebete",7000.0,4.73,1480.0
2026-06-21,Sandwiches Calientes,"Hot - Dog Graten: salchicha, queso gratinado, salsa holandesa",7500.0,5.07,1480.0
2026-06-21,Sandwiches Calientes,"Frankfurt: salchicha envuelta en pan de sandwich, salsa holandesa",7000.0,4.73,1480.0
2026-06-21,Sandwiches Calientes,Frankfurt Graten,7500.0,5.07,1480.0
2026-06-21,Sandwiches Calientes,"Oxford: salchicha, jamón y queso, envuelta en pan de sandwich, salsa holandesa",8000.0,5.41,1480.0
2026-06-21,Sandwiches Calientes,"Burgeois: jamón, queso, salsa holandesa",12000.0,8.11,1480.0
2026-06-21,Sandwiches Calientes,Calamares Graten,18000.0,12.16,1480.0
2026-06-21,Sandwiches Calientes,Mejillones Graten,18000.0,12.16,1480.0
2026-06-21,Sandwiches Calientes,"Lucía: queso, champignon, salsa holandesa",14000.0,9.46,1480.0
2026-06-21,Sandwiches Calientes,"Vegeta: queso, morrones, cebolla, salsa holandesa$14000",14000.0,9.46,1480.0
2026-06-21,Sandwiches Calientes,"Andrés: pechuga de pavita, choclo, salsa portuguesa",12000.0,8.11,1480.0
2026-06-21,Sandwiches Calientes,"Lomo: lomo, salsa holandesa",14000.0,9.46,1480.0
2026-06-21,Sandwiches Calientes,"Pedrito: lomo, queso gratinado, salsa holandesa",14500.0,9.8,1480.0
2026-06-21,Sandwiches Calientes,"Jorge I: lomo, pimientos morrones, salsa holandesa",14500.0,9.8,1480.0
2026-06-21,Sandwiches Calientes,"Hamburger: lomo, cebolla frita, salsa holandesa",14500.0,9.8,1480.0
2026-06-21,Sandwiches Calientes,"Galli: lomo, jamón, queso, salsa holandesa",15000.0,10.14,1480.0
2026-06-21,Sandwiches Calientes,"Lomo Champignon: lomo, champignones, salsa holandesa",15000.0,10.14,1480.0
2026-06-21,Sandwiches Calientes,"Duende: lomo, jamón, tomate, salsa holandesa",15000.0,10.14,1480.0
2026-06-21,Sandwiches Calientes,Lomo 1/2 Caballo,14000.0,9.46,1480.0
2026-06-21,Sandwiches Calientes,"Hamenech: huevo, jamón, salsa holandesa",12000.0,8.11,1480.0
2026-06-21,Sandwiches Calientes,"Fangio: huevo, jamón, cebolla, salsa holandesa",14000.0,9.46,1480.0
2026-06-21,Sandwiches Calientes,"Barton: jamón, queso, cebolla saltada, salsa holandesa",14000.0,9.46,1480.0
2026-06-21,Sandwiches Calientes,"Carlitos: jamón, queso, salsa portuguesa",14000.0,9.46,1480.0
2026-06-21,Sandwiches Calientes,"Jamón Glasé Confitado: jamón, queso gratinado, salsa portuguesa, dulce, pan sandwich",12000.0,8.11,1480.0
2026-06-21,Sandwiches Calientes,"Roselli: pavita picada, jamón, queso, pebete",14000.0,9.46,1480.0
2026-06-21,Triples Especiales,12 unidades,27000.0,18.24,1480.0
2026-06-21,Triples Especiales,24 unidades,51000.0,34.46,1480.0
2026-06-21,Triples Especiales,48 unidades,88500.0,59.8,1480.0
2026-06-21,Triples Especiales,96 unidades,152000.0,102.7,1480.0
2026-06-22,Sandwiches Calientes,"Menditeguy: pechuga de pavita, queso gratinado, salsa holandesa",14000.0,9.46,1480.0
2026-06-22,Sandwiches Calientes,"Enz: pechuga de pavita, tomate, salsa holandesa",14000.0,9.46,1480.0
2026-06-22,Sandwiches Calientes,"Goñi: pechuga de pavita, queso gratinado, lechuga, salsa holandesa",14000.0,9.46,1480.0
2026-06-22,Sandwiches Calientes,"Roncal: pechuga de pavita, queso gratinado, jamón, salsa holandesa",14500.0,9.8,1480.0
2026-06-22,Sandwiches Calientes,"Pavita Graten: pechuga, queso gratinado, salsa portuguesa, pan sandwich",12000.0,8.11,1480.0
2026-06-22,Sandwiches Calientes,"Suprema de Pavita: pechuga de pavita, choclo, salsa portuguesa, rebosado en pan rallado",14000.0,9.46,1480.0
2026-06-22,Sandwiches Calientes,"Hot - Dog: salchicha, salsa holandesa, pebete",7000.0,4.73,1480.0
2026-06-22,Sandwiches Calientes,"Hot - Dog Graten: salchicha, queso gratinado, salsa holandesa",7500.0,5.07,1480.0
2026-06-22,Sandwiches Calientes,"Frankfurt: salchicha envuelta en pan de sandwich, salsa holandesa",7000.0,4.73,1480.0
2026-06-22,Sandwiches Calientes,Frankfurt Graten,7500.0,5.07,1480.0
2026-06-22,Sandwiches Calientes,"Oxford: salchicha, jamón y queso, envuelta en pan de sandwich, salsa holandesa",8000.0,5.41,1480.0
2026-06-22,Sandwiches Calientes,"Burgeois: jamón, queso, salsa holandesa",12000.0,8.11,1480.0
2026-06-22,Sandwiches Calientes,Calamares Graten,18000.0,12.16,1480.0
2026-06-22,Sandwiches Calientes,Mejillones Graten,18000.0,12.16,1480.0
2026-06-22,Sandwiches Calientes,"Lucía: queso, champignon, salsa holandesa",14000.0,9.46,1480.0
2026-06-22,Sandwiches Calientes,"Vegeta: queso, morrones, cebolla, salsa holandesa$14000",14000.0,9.46,1480.0
2026-06-22,Sandwiches Calientes,"Andrés: pechuga de pavita, choclo, salsa portuguesa",12000.0,8.11,1480.0
2026-06-22,Sandwiches Calientes,"Lomo: lomo, salsa holandesa",14000.0,9.46,1480.0
2026-06-22,Sandwiches Calientes,"Pedrito: lomo, queso gratinado, salsa holandesa",14500.0,9.8,1480.0
2026-06-22,Sandwiches Calientes,"Jorge I: lomo, pimientos morrones, salsa holandesa",14500.0,9.8,1480.0
2026-06-22,Sandwiches Calientes,"Hamburger: lomo, cebolla frita, salsa holandesa",14500.0,9.8,1480.0
2026-06-22,Sandwiches Calientes,"Galli: lomo, jamón, queso, salsa holandesa",15000.0,10.14,1480.0
2026-06-22,Sandwiches Calientes,"Lomo Champignon: lomo, champignones, salsa holandesa",15000.0,10.14,1480.0
2026-06-22,Sandwiches Calientes,"Duende: lomo, jamón, tomate, salsa holandesa",15000.0,10.14,1480.0
2026-06-22,Sandwiches Calientes,Lomo 1/2 Caballo,14000.0,9.46,1480.0
2026-06-22,Sandwiches Calientes,"Hamenech: huevo, jamón, salsa holandesa",12000.0,8.11,1480.0
2026-06-22,Sandwiches Calientes,"Fangio: huevo, jamón, cebolla, salsa holandesa",14000.0,9.46,1480.0
2026-06-22,Sandwiches Calientes,"Barton: jamón, queso, cebolla saltada, salsa holandesa",14000.0,9.46,1480.0
2026-06-22,Sandwiches Calientes,"Carlitos: jamón, queso, salsa portuguesa",14000.0,9.46,1480.0
2026-06-22,Sandwiches Calientes,"Jamón Glasé Confitado: jamón, queso gratinado, salsa portuguesa, dulce, pan sandwich",12000.0,8.11,1480.0
2026-06-22,Sandwiches Calientes,"Roselli: pavita picada, jamón, queso, pebete",14000.0,9.46,1480.0
2026-06-22,Triples Especiales,12 unidades,27000.0,18.24,1480.0
2026-06-22,Triples Especiales,24 unidades,51000.0,34.46,1480.0
2026-06-22,Triples Especiales,48 unidades,88500.0,59.8,1480.0
2026-06-22,Triples Especiales,96 unidades,152000.0,102.7,1480.0
2026-06-23,Sandwiches Calientes,"Menditeguy: pechuga de pavita, queso gratinado, salsa holandesa",14000.0,9.43,1485.0
2026-06-23,Sandwiches Calientes,"Enz: pechuga de pavita, tomate, salsa holandesa",14000.0,9.43,1485.0
2026-06-23,Sandwiches Calientes,"Goñi: pechuga de pavita, queso gratinado, lechuga, salsa holandesa",14000.0,9.43,1485.0
2026-06-23,Sandwiches Calientes,"Roncal: pechuga de pavita, queso gratinado, jamón, salsa holandesa",14500.0,9.76,1485.0
2026-06-23,Sandwiches Calientes,"Pavita Graten: pechuga, queso gratinado, salsa portuguesa, pan sandwich",12000.0,8.08,1485.0
2026-06-23,Sandwiches Calientes,"Suprema de Pavita: pechuga de pavita, choclo, salsa portuguesa, rebosado en pan rallado",14000.0,9.43,1485.0
2026-06-23,Sandwiches Calientes,"Hot - Dog: salchicha, salsa holandesa, pebete",7000.0,4.71,1485.0
2026-06-23,Sandwiches Calientes,"Hot - Dog Graten: salchicha, queso gratinado, salsa holandesa",7500.0,5.05,1485.0
2026-06-23,Sandwiches Calientes,"Frankfurt: salchicha envuelta en pan de sandwich, salsa holandesa",7000.0,4.71,1485.0
2026-06-23,Sandwiches Calientes,Frankfurt Graten,7500.0,5.05,1485.0
2026-06-23,Sandwiches Calientes,"Oxford: salchicha, jamón y queso, envuelta en pan de sandwich, salsa holandesa",8000.0,5.39,1485.0
2026-06-23,Sandwiches Calientes,"Burgeois: jamón, queso, salsa holandesa",12000.0,8.08,1485.0
2026-06-23,Sandwiches Calientes,Calamares Graten,18000.0,12.12,1485.0
2026-06-23,Sandwiches Calientes,Mejillones Graten,18000.0,12.12,1485.0
2026-06-23,Sandwiches Calientes,"Lucía: queso, champignon, salsa holandesa",14000.0,9.43,1485.0
2026-06-23,Sandwiches Calientes,"Vegeta: queso, morrones, cebolla, salsa holandesa$14000",14000.0,9.43,1485.0
2026-06-23,Sandwiches Calientes,"Andrés: pechuga de pavita, choclo, salsa portuguesa",12000.0,8.08,1485.0
2026-06-23,Sandwiches Calientes,"Lomo: lomo, salsa holandesa",14000.0,9.43,1485.0
2026-06-23,Sandwiches Calientes,"Pedrito: lomo, queso gratinado, salsa holandesa",14500.0,9.76,1485.0
2026-06-23,Sandwiches Calientes,"Jorge I: lomo, pimientos morrones, salsa holandesa",14500.0,9.76,1485.0
2026-06-23,Sandwiches Calientes,"Hamburger: lomo, cebolla frita, salsa holandesa",14500.0,9.76,1485.0
2026-06-23,Sandwiches Calientes,"Galli: lomo, jamón, queso, salsa holandesa",15000.0,10.1,1485.0
2026-06-23,Sandwiches Calientes,"Lomo Champignon: lomo, champignones, salsa holandesa",15000.0,10.1,1485.0
2026-06-23,Sandwiches Calientes,"Duende: lomo, jamón, tomate, salsa holandesa",15000.0,10.1,1485.0
2026-06-23,Sandwiches Calientes,Lomo 1/2 Caballo,14000.0,9.43,1485.0
2026-06-23,Sandwiches Calientes,"Hamenech: huevo, jamón, salsa holandesa",12000.0,8.08,1485.0
2026-06-23,Sandwiches Calientes,"Fangio: huevo, jamón, cebolla, salsa holandesa",14000.0,9.43,1485.0
2026-06-23,Sandwiches Calientes,"Barton: jamón, queso, cebolla saltada, salsa holandesa",14000.0,9.43,1485.0
2026-06-23,Sandwiches Calientes,"Carlitos: jamón, queso, salsa portuguesa",14000.0,9.43,1485.0
2026-06-23,Sandwiches Calientes,"Jamón Glasé Confitado: jamón, queso gratinado, salsa portuguesa, dulce, pan sandwich",12000.0,8.08,1485.0
2026-06-23,Sandwiches Calientes,"Roselli: pavita picada, jamón, queso, pebete",14000.0,9.43,1485.0
2026-06-23,Triples Especiales,12 unidades,27000.0,18.18,1485.0
2026-06-23,Triples Especiales,24 unidades,51000.0,34.34,1485.0
2026-06-23,Triples Especiales,48 unidades,88500.0,59.6,1485.0
2026-06-23,Triples Especiales,96 unidades,152000.0,102.36,1485.0
2026-06-24,Sandwiches Calientes,"Menditeguy: pechuga de pavita, queso gratinado, salsa holandesa",14000.0,9.36,1495.0
2026-06-24,Sandwiches Calientes,"Enz: pechuga de pavita, tomate, salsa holandesa",14000.0,9.36,1495.0
2026-06-24,Sandwiches Calientes,"Goñi: pechuga de pavita, queso gratinado, lechuga, salsa holandesa",14000.0,9.36,1495.0
2026-06-24,Sandwiches Calientes,"Roncal: pechuga de pavita, queso gratinado, jamón, salsa holandesa",14500.0,9.7,1495.0
2026-06-24,Sandwiches Calientes,"Pavita Graten: pechuga, queso gratinado, salsa portuguesa, pan sandwich",12000.0,8.03,1495.0
2026-06-24,Sandwiches Calientes,"Suprema de Pavita: pechuga de pavita, choclo, salsa portuguesa, rebosado en pan rallado",14000.0,9.36,1495.0
2026-06-24,Sandwiches Calientes,"Hot - Dog: salchicha, salsa holandesa, pebete",7000.0,4.68,1495.0
2026-06-24,Sandwiches Calientes,"Hot - Dog Graten: salchicha, queso gratinado, salsa holandesa",7500.0,5.02,1495.0
2026-06-24,Sandwiches Calientes,"Frankfurt: salchicha envuelta en pan de sandwich, salsa holandesa",7000.0,4.68,1495.0
2026-06-24,Sandwiches Calientes,Frankfurt Graten,7500.0,5.02,1495.0
2026-06-24,Sandwiches Calientes,"Oxford: salchicha, jamón y queso, envuelta en pan de sandwich, salsa holandesa",8000.0,5.35,1495.0
2026-06-24,Sandwiches Calientes,"Burgeois: jamón, queso, salsa holandesa",12000.0,8.03,1495.0
2026-06-24,Sandwiches Calientes,Calamares Graten,18000.0,12.04,1495.0
2026-06-24,Sandwiches Calientes,Mejillones Graten,18000.0,12.04,1495.0
2026-06-24,Sandwiches Calientes,"Lucía: queso, champignon, salsa holandesa",14000.0,9.36,1495.0
2026-06-24,Sandwiches Calientes,"Vegeta: queso, morrones, cebolla, salsa holandesa$14000",14000.0,9.36,1495.0
2026-06-24,Sandwiches Calientes,"Andrés: pechuga de pavita, choclo, salsa portuguesa",12000.0,8.03,1495.0
2026-06-24,Sandwiches Calientes,"Lomo: lomo, salsa holandesa",14000.0,9.36,1495.0
2026-06-24,Sandwiches Calientes,"Pedrito: lomo, queso gratinado, salsa holandesa",14500.0,9.7,1495.0
2026-06-24,Sandwiches Calientes,"Jorge I: lomo, pimientos morrones, salsa holandesa",14500.0,9.7,1495.0
2026-06-24,Sandwiches Calientes,"Hamburger: lomo, cebolla frita, salsa holandesa",14500.0,9.7,1495.0
2026-06-24,Sandwiches Calientes,"Galli: lomo, jamón, queso, salsa holandesa",15000.0,10.03,1495.0
2026-06-24,Sandwiches Calientes,"Lomo Champignon: lomo, champignones, salsa holandesa",15000.0,10.03,1495.0
2026-06-24,Sandwiches Calientes,"Duende: lomo, jamón, tomate, salsa holandesa",15000.0,10.03,1495.0
2026-06-24,Sandwiches Calientes,Lomo 1/2 Caballo,14000.0,9.36,1495.0
2026-06-24,Sandwiches Calientes,"Hamenech: huevo, jamón, salsa holandesa",12000.0,8.03,1495.0
2026-06-24,Sandwiches Calientes,"Fangio: huevo, jamón, cebolla, salsa holandesa",14000.0,9.36,1495.0
2026-06-24,Sandwiches Calientes,"Barton: jamón, queso, cebolla saltada, salsa holandesa",14000.0,9.36,1495.0
2026-06-24,Sandwiches Calientes,"Carlitos: jamón, queso, salsa portuguesa",14000.0,9.36,1495.0
2026-06-24,Sandwiches Calientes,"Jamón Glasé Confitado: jamón, queso gratinado, salsa portuguesa, dulce, pan sandwich",12000.0,8.03,1495.0
2026-06-24,Sandwiches Calientes,"Roselli: pavita picada, jamón, queso, pebete",14000.0,9.36,1495.0
2026-06-24,Triples Especiales,12 unidades,27000.0,18.06,1495.0
2026-06-24,Triples Especiales,24 unidades,51000.0,34.11,1495.0
2026-06-24,Triples Especiales,48 unidades,88500.0,59.2,1495.0
2026-06-24,Triples Especiales,96 unidades,152000.0,101.67,1495.0
2026-06-25,Sandwiches Calientes,"Menditeguy: pechuga de pavita, queso gratinado, salsa holandesa",14000.0,9.36,1495.0
2026-06-25,Sandwiches Calientes,"Enz: pechuga de pavita, tomate, salsa holandesa",14000.0,9.36,1495.0
2026-06-25,Sandwiches Calientes,"Goñi: pechuga de pavita, queso gratinado, lechuga, salsa holandesa",14000.0,9.36,1495.0
2026-06-25,Sandwiches Calientes,"Roncal: pechuga de pavita, queso gratinado, jamón, salsa holandesa",14500.0,9.7,1495.0
2026-06-25,Sandwiches Calientes,"Pavita Graten: pechuga, queso gratinado, salsa portuguesa, pan sandwich",12000.0,8.03,1495.0
2026-06-25,Sandwiches Calientes,"Suprema de Pavita: pechuga de pavita, choclo, salsa portuguesa, rebosado en pan rallado",14000.0,9.36,1495.0
2026-06-25,Sandwiches Calientes,"Hot - Dog: salchicha, salsa holandesa, pebete",7000.0,4.68,1495.0
2026-06-25,Sandwiches Calientes,"Hot - Dog Graten: salchicha, queso gratinado, salsa holandesa",7500.0,5.02,1495.0
2026-06-25,Sandwiches Calientes,"Frankfurt: salchicha envuelta en pan de sandwich, salsa holandesa",7000.0,4.68,1495.0
2026-06-25,Sandwiches Calientes,Frankfurt Graten,7500.0,5.02,1495.0
2026-06-25,Sandwiches Calientes,"Oxford: salchicha, jamón y queso, envuelta en pan de sandwich, salsa holandesa",8000.0,5.35,1495.0
2026-06-25,Sandwiches Calientes,"Burgeois: jamón, queso, salsa holandesa",12000.0,8.03,1495.0
2026-06-25,Sandwiches Calientes,Calamares Graten,18000.0,12.04,1495.0
2026-06-25,Sandwiches Calientes,Mejillones Graten,18000.0,12.04,1495.0
2026-06-25,Sandwiches Calientes,"Lucía: queso, champignon, salsa holandesa",14000.0,9.36,1495.0
2026-06-25,Sandwiches Calientes,"Vegeta: queso, morrones, cebolla, salsa holandesa$14000",14000.0,9.36,1495.0
2026-06-25,Sandwiches Calientes,"Andrés: pechuga de pavita, choclo, salsa portuguesa",12000.0,8.03,1495.0
2026-06-25,Sandwiches Calientes,"Lomo: lomo, salsa holandesa",14000.0,9.36,1495.0
2026-06-25,Sandwiches Calientes,"Pedrito: lomo, queso gratinado, salsa holandesa",14500.0,9.7,1495.0
2026-06-25,Sandwiches Calientes,"Jorge I: lomo, pimientos morrones, salsa holandesa",14500.0,9.7,1495.0
2026-06-25,Sandwiches Calientes,"Hamburger: lomo, cebolla frita, salsa holandesa",14500.0,9.7,1495.0
2026-06-25,Sandwiches Calientes,"Galli: lomo, jamón, queso, salsa holandesa",15000.0,10.03,1495.0
2026-06-25,Sandwiches Calientes,"Lomo Champignon: lomo, champignones, salsa holandesa",15000.0,10.03,1495.0
2026-06-25,Sandwiches Calientes,"Duende: lomo, jamón, tomate, salsa holandesa",15000.0,10.03,1495.0
2026-06-25,Sandwiches Calientes,Lomo 1/2 Caballo,14000.0,9.36,1495.0
2026-06-25,Sandwiches Calientes,"Hamenech: huevo, jamón, salsa holandesa",12000.0,8.03,1495.0
2026-06-25,Sandwiches Calientes,"Fangio: huevo, jamón, cebolla, salsa holandesa",14000.0,9.36,1495.0
2026-06-25,Sandwiches Calientes,"Barton: jamón, queso, cebolla saltada, salsa holandesa",14000.0,9.36,1495.0
2026-06-25,Sandwiches Calientes,"Carlitos: jamón, queso, salsa portuguesa",14000.0,9.36,1495.0
2026-06-25,Sandwiches Calientes,"Jamón Glasé Confitado: jamón, queso gratinado, salsa portuguesa, dulce, pan sandwich",12000.0,8.03,1495.0
2026-06-25,Sandwiches Calientes,"Roselli: pavita picada, jamón, queso, pebete",14000.0,9.36,1495.0
2026-06-25,Triples Especiales,12 unidades,27000.0,18.06,1495.0
2026-06-25,Triples Especiales,24 unidades,51000.0,34.11,1495.0
2026-06-25,Triples Especiales,48 unidades,88500.0,59.2,1495.0
2026-06-25,Triples Especiales,96 unidades,152000.0,101.67,1495.0
2026-06-26,Sandwiches Calientes,"Menditeguy: pechuga de pavita, queso gratinado, salsa holandesa",14000.0,9.36,1495.0
2026-06-26,Sandwiches Calientes,"Enz: pechuga de pavita, tomate, salsa holandesa",14000.0,9.36,1495.0
2026-06-26,Sandwiches Calientes,"Goñi: pechuga de pavita, queso gratinado, lechuga, salsa holandesa",14000.0,9.36,1495.0
2026-06-26,Sandwiches Calientes,"Roncal: pechuga de pavita, queso gratinado, jamón, salsa holandesa",14500.0,9.7,1495.0
2026-06-26,Sandwiches Calientes,"Pavita Graten: pechuga, queso gratinado, salsa portuguesa, pan sandwich",12000.0,8.03,1495.0
2026-06-26,Sandwiches Calientes,"Suprema de Pavita: pechuga de pavita, choclo, salsa portuguesa, rebosado en pan rallado",14000.0,9.36,1495.0
2026-06-26,Sandwiches Calientes,"Hot - Dog: salchicha, salsa holandesa, pebete",7000.0,4.68,1495.0
2026-06-26,Sandwiches Calientes,"Hot - Dog Graten: salchicha, queso gratinado, salsa holandesa",7500.0,5.02,1495.0
2026-06-26,Sandwiches Calientes,"Frankfurt: salchicha envuelta en pan de sandwich, salsa holandesa",7000.0,4.68,1495.0
2026-06-26,Sandwiches Calientes,Frankfurt Graten,7500.0,5.02,1495.0
2026-06-26,Sandwiches Calientes,"Oxford: salchicha, jamón y queso, envuelta en pan de sandwich, salsa holandesa",8000.0,5.35,1495.0
2026-06-26,Sandwiches Calientes,"Burgeois: jamón, queso, salsa holandesa",12000.0,8.03,1495.0
2026-06-26,Sandwiches Calientes,Calamares Graten,18000.0,12.04,1495.0
2026-06-26,Sandwiches Calientes,Mejillones Graten,18000.0,12.04,1495.0
2026-06-26,Sandwiches Calientes,"Lucía: queso, champignon, salsa holandesa",14000.0,9.36,1495.0
2026-06-26,Sandwiches Calientes,"Vegeta: queso, morrones, cebolla, salsa holandesa$14000",14000.0,9.36,1495.0
2026-06-26,Sandwiches Calientes,"Andrés: pechuga de pavita, choclo, salsa portuguesa",12000.0,8.03,1495.0
2026-06-26,Sandwiches Calientes,"Lomo: lomo, salsa holandesa",14000.0,9.36,1495.0
2026-06-26,Sandwiches Calientes,"Pedrito: lomo, queso gratinado, salsa holandesa",14500.0,9.7,1495.0
2026-06-26,Sandwiches Calientes,"Jorge I: lomo, pimientos morrones, salsa holandesa",14500.0,9.7,1495.0
2026-06-26,Sandwiches Calientes,"Hamburger: lomo, cebolla frita, salsa holandesa",14500.0,9.7,1495.0
2026-06-26,Sandwiches Calientes,"Galli: lomo, jamón, queso, salsa holandesa",15000.0,10.03,1495.0
2026-06-26,Sandwiches Calientes,"Lomo Champignon: lomo, champignones, salsa holandesa",15000.0,10.03,1495.0
2026-06-26,Sandwiches Calientes,"Duende: lomo, jamón, tomate, salsa holandesa",15000.0,10.03,1495.0
2026-06-26,Sandwiches Calientes,Lomo 1/2 Caballo,14000.0,9.36,1495.0
2026-06-26,Sandwiches Calientes,"Hamenech: huevo, jamón, salsa holandesa",12000.0,8.03,1495.0
2026-06-26,Sandwiches Calientes,"Fangio: huevo, jamón, cebolla, salsa holandesa",14000.0,9.36,1495.0
2026-06-26,Sandwiches Calientes,"Barton: jamón, queso, cebolla saltada, salsa holandesa",14000.0,9.36,1495.0
2026-06-26,Sandwiches Calientes,"Carlitos: jamón, queso, salsa portuguesa",14000.0,9.36,1495.0
2026-06-26,Sandwiches Calientes,"Jamón Glasé Confitado: jamón, queso gratinado, salsa portuguesa, dulce, pan sandwich",12000.0,8.03,1495.0
2026-06-26,Sandwiches Calientes,"Roselli: pavita picada, jamón, queso, pebete",14000.0,9.36,1495.0
2026-06-26,Triples Especiales,12 unidades,27000.0,18.06,1495.0
2026-06-26,Triples Especiales,24 unidades,51000.0,34.11,1495.0
2026-06-26,Triples Especiales,48 unidades,88500.0,59.2,1495.0
2026-06-26,Triples Especiales,96 unidades,152000.0,101.67,1495.0
2026-06-29,Sandwiches Calientes,"Menditeguy: pechuga de pavita, queso gratinado, salsa holandesa",14000.0,9.36,1495.0
2026-06-29,Sandwiches Calientes,"Enz: pechuga de pavita, tomate, salsa holandesa",14000.0,9.36,1495.0
2026-06-29,Sandwiches Calientes,"Goñi: pechuga de pavita, queso gratinado, lechuga, salsa holandesa",14000.0,9.36,1495.0
2026-06-29,Sandwiches Calientes,"Roncal: pechuga de pavita, queso gratinado, jamón, salsa holandesa",14500.0,9.7,1495.0
2026-06-29,Sandwiches Calientes,"Pavita Graten: pechuga, queso gratinado, salsa portuguesa, pan sandwich",12000.0,8.03,1495.0
2026-06-29,Sandwiches Calientes,"Suprema de Pavita: pechuga de pavita, choclo, salsa portuguesa, rebosado en pan rallado",14000.0,9.36,1495.0
2026-06-29,Sandwiches Calientes,"Hot - Dog: salchicha, salsa holandesa, pebete",7000.0,4.68,1495.0
2026-06-29,Sandwiches Calientes,"Hot - Dog Graten: salchicha, queso gratinado, salsa holandesa",7500.0,5.02,1495.0
2026-06-29,Sandwiches Calientes,"Frankfurt: salchicha envuelta en pan de sandwich, salsa holandesa",7000.0,4.68,1495.0
2026-06-29,Sandwiches Calientes,Frankfurt Graten,7500.0,5.02,1495.0
2026-06-29,Sandwiches Calientes,"Oxford: salchicha, jamón y queso, envuelta en pan de sandwich, salsa holandesa",8000.0,5.35,1495.0
2026-06-29,Sandwiches Calientes,"Burgeois: jamón, queso, salsa holandesa",12000.0,8.03,1495.0
2026-06-29,Sandwiches Calientes,Calamares Graten,18000.0,12.04,1495.0
2026-06-29,Sandwiches Calientes,Mejillones Graten,18000.0,12.04,1495.0
2026-06-29,Sandwiches Calientes,"Lucía: queso, champignon, salsa holandesa",14000.0,9.36,1495.0
2026-06-29,Sandwiches Calientes,"Vegeta: queso, morrones, cebolla, salsa holandesa$14000",14000.0,9.36,1495.0
2026-06-29,Sandwiches Calientes,"Andrés: pechuga de pavita, choclo, salsa portuguesa",12000.0,8.03,1495.0
2026-06-29,Sandwiches Calientes,"Lomo: lomo, salsa holandesa",14000.0,9.36,1495.0
2026-06-29,Sandwiches Calientes,"Pedrito: lomo, queso gratinado, salsa holandesa",14500.0,9.7,1495.0
2026-06-29,Sandwiches Calientes,"Jorge I: lomo, pimientos morrones, salsa holandesa",14500.0,9.7,1495.0
2026-06-29,Sandwiches Calientes,"Hamburger: lomo, cebolla frita, salsa holandesa",14500.0,9.7,1495.0
2026-06-29,Sandwiches Calientes,"Galli: lomo, jamón, queso, salsa holandesa",15000.0,10.03,1495.0
2026-06-29,Sandwiches Calientes,"Lomo Champignon: lomo, champignones, salsa holandesa",15000.0,10.03,1495.0
2026-06-29,Sandwiches Calientes,"Duende: lomo, jamón, tomate, salsa holandesa",15000.0,10.03,1495.0
2026-06-29,Sandwiches Calientes,Lomo 1/2 Caballo,14000.0,9.36,1495.0
2026-06-29,Sandwiches Calientes,"Hamenech: huevo, jamón, salsa holandesa",12000.0,8.03,1495.0
2026-06-29,Sandwiches Calientes,"Fangio: huevo, jamón, cebolla, salsa holandesa",14000.0,9.36,1495.0
2026-06-29,Sandwiches Calientes,"Barton: jamón, queso, cebolla saltada, salsa holandesa",14000.0,9.36,1495.0
2026-06-29,Sandwiches Calientes,"Carlitos: jamón, queso, salsa portuguesa",14000.0,9.36,1495.0
2026-06-29,Sandwiches Calientes,"Jamón Glasé Confitado: jamón, queso gratinado, salsa portuguesa, dulce, pan sandwich",12000.0,8.03,1495.0
2026-06-29,Sandwiches Calientes,"Roselli: pavita picada, jamón, queso, pebete",14000.0,9.36,1495.0
2026-06-29,Triples Especiales,12 unidades,27000.0,18.06,1495.0
2026-06-29,Triples Especiales,24 unidades,51000.0,34.11,1495.0
2026-06-29,Triples Especiales,48 unidades,88500.0,59.2,1495.0
2026-06-29,Triples Especiales,96 unidades,152000.0,101.67,1495.0
2026-07-01,Sandwiches Calientes,"Menditeguy: pechuga de pavita, queso gratinado, salsa holandesa",14000.0,9.3,1505.0
2026-07-01,Sandwiches Calientes,"Enz: pechuga de pavita, tomate, salsa holandesa",14000.0,9.3,1505.0
2026-07-01,Sandwiches Calientes,"Goñi: pechuga de pavita, queso gratinado, lechuga, salsa holandesa",14000.0,9.3,1505.0
2026-07-01,Sandwiches Calientes,"Roncal: pechuga de pavita, queso gratinado, jamón, salsa holandesa",14500.0,9.63,1505.0
2026-07-01,Sandwiches Calientes,"Pavita Graten: pechuga, queso gratinado, salsa portuguesa, pan sandwich",12000.0,7.97,1505.0
2026-07-01,Sandwiches Calientes,"Suprema de Pavita: pechuga de pavita, choclo, salsa portuguesa, rebosado en pan rallado",14000.0,9.3,1505.0
2026-07-01,Sandwiches Calientes,"Hot - Dog: salchicha, salsa holandesa, pebete",7000.0,4.65,1505.0
2026-07-01,Sandwiches Calientes,"Hot - Dog Graten: salchicha, queso gratinado, salsa holandesa",7500.0,4.98,1505.0
2026-07-01,Sandwiches Calientes,"Frankfurt: salchicha envuelta en pan de sandwich, salsa holandesa",7000.0,4.65,1505.0
2026-07-01,Sandwiches Calientes,Frankfurt Graten,7500.0,4.98,1505.0
2026-07-01,Sandwiches Calientes,"Oxford: salchicha, jamón y queso, envuelta en pan de sandwich, salsa holandesa",8000.0,5.32,1505.0
2026-07-01,Sandwiches Calientes,"Burgeois: jamón, queso, salsa holandesa",12000.0,7.97,1505.0
2026-07-01,Sandwiches Calientes,Calamares Graten,18000.0,11.96,1505.0
2026-07-01,Sandwiches Calientes,Mejillones Graten,18000.0,11.96,1505.0
2026-07-01,Sandwiches Calientes,"Lucía: queso, champignon, salsa holandesa",14000.0,9.3,1505.0
2026-07-01,Sandwiches Calientes,"Vegeta: queso, morrones, cebolla, salsa holandesa$14000",14000.0,9.3,1505.0
2026-07-01,Sandwiches Calientes,"Andrés: pechuga de pavita, choclo, salsa portuguesa",12000.0,7.97,1505.0
2026-07-01,Sandwiches Calientes,"Lomo: lomo, salsa holandesa",14000.0,9.3,1505.0
2026-07-01,Sandwiches Calientes,"Pedrito: lomo, queso gratinado, salsa holandesa",14500.0,9.63,1505.0
2026-07-01,Sandwiches Calientes,"Jorge I: lomo, pimientos morrones, salsa holandesa",14500.0,9.63,1505.0
2026-07-01,Sandwiches Calientes,"Hamburger: lomo, cebolla frita, salsa holandesa",14500.0,9.63,1505.0
2026-07-01,Sandwiches Calientes,"Galli: lomo, jamón, queso, salsa holandesa",15000.0,9.97,1505.0
2026-07-01,Sandwiches Calientes,"Lomo Champignon: lomo, champignones, salsa holandesa",15000.0,9.97,1505.0
2026-07-01,Sandwiches Calientes,"Duende: lomo, jamón, tomate, salsa holandesa",15000.0,9.97,1505.0
2026-07-01,Sandwiches Calientes,Lomo 1/2 Caballo,14000.0,9.3,1505.0
2026-07-01,Sandwiches Calientes,"Hamenech: huevo, jamón, salsa holandesa",12000.0,7.97,1505.0
2026-07-01,Sandwiches Calientes,"Fangio: huevo, jamón, cebolla, salsa holandesa",14000.0,9.3,1505.0
2026-07-01,Sandwiches Calientes,"Barton: jamón, queso, cebolla saltada, salsa holandesa",14000.0,9.3,1505.0
2026-07-01,Sandwiches Calientes,"Carlitos: jamón, queso, salsa portuguesa",14000.0,9.3,1505.0
2026-07-01,Sandwiches Calientes,"Jamón Glasé Confitado: jamón, queso gratinado, salsa portuguesa, dulce, pan sandwich",12000.0,7.97,1505.0
2026-07-01,Sandwiches Calientes,"Roselli: pavita picada, jamón, queso, pebete",14000.0,9.3,1505.0
2026-07-01,Triples Especiales,12 unidades,27000.0,17.94,1505.0
2026-07-01,Triples Especiales,24 unidades,51000.0,33.89,1505.0
2026-07-01,Triples Especiales,48 unidades,88500.0,58.8,1505.0
2026-07-01,Triples Especiales,96 unidades,152000.0,101.0,1505.0
2026-07-03,Sandwiches Calientes,"Menditeguy: pechuga de pavita, queso gratinado, salsa holandesa",14000.0,9.27,1510.0
2026-07-03,Sandwiches Calientes,"Enz: pechuga de pavita, tomate, salsa holandesa",14000.0,9.27,1510.0
2026-07-03,Sandwiches Calientes,"Goñi: pechuga de pavita, queso gratinado, lechuga, salsa holandesa",14000.0,9.27,1510.0
2026-07-03,Sandwiches Calientes,"Roncal: pechuga de pavita, queso gratinado, jamón, salsa holandesa",14500.0,9.6,1510.0
2026-07-03,Sandwiches Calientes,"Pavita Graten: pechuga, queso gratinado, salsa portuguesa, pan sandwich",12000.0,7.95,1510.0
2026-07-03,Sandwiches Calientes,"Suprema de Pavita: pechuga de pavita, choclo, salsa portuguesa, rebosado en pan rallado",14000.0,9.27,1510.0
2026-07-03,Sandwiches Calientes,"Hot - Dog: salchicha, salsa holandesa, pebete",7000.0,4.64,1510.0
2026-07-03,Sandwiches Calientes,"Hot - Dog Graten: salchicha, queso gratinado, salsa holandesa",7500.0,4.97,1510.0
2026-07-03,Sandwiches Calientes,"Frankfurt: salchicha envuelta en pan de sandwich, salsa holandesa",7000.0,4.64,1510.0
2026-07-03,Sandwiches Calientes,Frankfurt Graten,7500.0,4.97,1510.0
2026-07-03,Sandwiches Calientes,"Oxford: salchicha, jamón y queso, envuelta en pan de sandwich, salsa holandesa",8000.0,5.3,1510.0
2026-07-03,Sandwiches Calientes,"Burgeois: jamón, queso, salsa holandesa",12000.0,7.95,1510.0
2026-07-03,Sandwiches Calientes,Calamares Graten,18000.0,11.92,1510.0
2026-07-03,Sandwiches Calientes,Mejillones Graten,18000.0,11.92,1510.0
2026-07-03,Sandwiches Calientes,"Lucía: queso, champignon, salsa holandesa",14000.0,9.27,1510.0
2026-07-03,Sandwiches Calientes,"Vegeta: queso, morrones, cebolla, salsa holandesa$14000",14000.0,9.27,1510.0
2026-07-03,Sandwiches Calientes,"Andrés: pechuga de pavita, choclo, salsa portuguesa",12000.0,7.95,1510.0
2026-07-03,Sandwiches Calientes,"Lomo: lomo, salsa holandesa",14000.0,9.27,1510.0
2026-07-03,Sandwiches Calientes,"Pedrito: lomo, queso gratinado, salsa holandesa",14500.0,9.6,1510.0
2026-07-03,Sandwiches Calientes,"Jorge I: lomo, pimientos morrones, salsa holandesa",14500.0,9.6,1510.0
2026-07-03,Sandwiches Calientes,"Hamburger: lomo, cebolla frita, salsa holandesa",14500.0,9.6,1510.0
2026-07-03,Sandwiches Calientes,"Galli: lomo, jamón, queso, salsa holandesa",15000.0,9.93,1510.0
2026-07-03,Sandwiches Calientes,"Lomo Champignon: lomo, champignones, salsa holandesa",15000.0,9.93,1510.0
2026-07-03,Sandwiches Calientes,"Duende: lomo, jamón, tomate, salsa holandesa",15000.0,9.93,1510.0
2026-07-03,Sandwiches Calientes,Lomo 1/2 Caballo,14000.0,9.27,1510.0
2026-07-03,Sandwiches Calientes,"Hamenech: huevo, jamón, salsa holandesa",12000.0,7.95,1510.0
2026-07-03,Sandwiches Calientes,"Fangio: huevo, jamón, cebolla, salsa holandesa",14000.0,9.27,1510.0
2026-07-03,Sandwiches Calientes,"Barton: jamón, queso, cebolla saltada, salsa holandesa",14000.0,9.27,1510.0
2026-07-03,Sandwiches Calientes,"Carlitos: jamón, queso, salsa portuguesa",14000.0,9.27,1510.0
2026-07-03,Sandwiches Calientes,"Jamón Glasé Confitado: jamón, queso gratinado, salsa portuguesa, dulce, pan sandwich",12000.0,7.95,1510.0
2026-07-03,Sandwiches Calientes,"Roselli: pavita picada, jamón, queso, pebete",14000.0,9.27,1510.0
2026-07-03,Triples Especiales,12 unidades,27000.0,17.88,1510.0
2026-07-03,Triples Especiales,24 unidades,51000.0,33.77,1510.0
2026-07-03,Triples Especiales,48 unidades,88500.0,58.61,1510.0
2026-07-03,Triples Especiales,96 unidades,152000.0,100.66,1510.0
